document,kind,key,gold,predicted,verdict,category,reason,in_gold_covered
001_Lab-report,field,document_title,DIAGNOSTIC REPORT,,MISS,not_extracted,The value is in the golden record but the system returned nothing for it.,True
001_Lab-report,field,drawn,25/08/2021 10:04,25/08/2021 10:04,HIT,correct,,True
001_Lab-report,field,date_of_receipt,25/08/2021 10:07,25/08/2021 10:07,HIT,correct,,True
001_Lab-report,field,report_issue_date,25/08/2021 15:28,25/08/2021 15:28,HIT,correct,,True
001_Lab-report,field,test_report_status,Final,Final,HIT,correct,,True
001_Lab-report,test,tests.GLYCOSYLATED HEMOGLOBIN (HBA1C).result,5.0,,MISS,test_not_extracted,The whole results row is in the golden record but was not returned.,True
001_Lab-report,test,tests.GLYCOSYLATED HEMOGLOBIN (HBA1C).unit,%,,MISS,test_not_extracted,The whole results row is in the golden record but was not returned.,True
001_Lab-report,test,"tests.BILIRUBIN, TOTAL.result",0.70,0.70,HIT,correct,,True
001_Lab-report,test,"tests.BILIRUBIN, TOTAL.unit",mg/dL,mg/dL,HIT,correct,,True
001_Lab-report,test,"tests.BILIRUBIN, TOTAL.reference_range",< 1.1,<1.1,HIT,correct,,True
001_Lab-report,test,"tests.BILIRUBIN, DIRECT.result",0.35 High,0.35,HIT,correct,,True
001_Lab-report,test,"tests.BILIRUBIN, DIRECT.unit",mg/dL,mg/dL,HIT,correct,,True
001_Lab-report,test,"tests.BILIRUBIN, DIRECT.reference_range",< or = 0.30,<or=0.30,HIT,correct,,True
001_Lab-report,test,"tests.BILIRUBIN, INDIRECT.result",0.35,0.35,HIT,correct,,True
001_Lab-report,test,"tests.BILIRUBIN, INDIRECT.unit",mg/dL,mg/dL,HIT,correct,,True
001_Lab-report,test,"tests.BILIRUBIN, INDIRECT.reference_range",0.00 - 0.60,0.00-0.60,HIT,correct,,True
001_Lab-report,test,tests.TOTAL PROTEIN.result,7.5,7.5,HIT,correct,,True
001_Lab-report,test,tests.TOTAL PROTEIN.unit,g/dL,g/dL,HIT,correct,,True
001_Lab-report,test,tests.TOTAL PROTEIN.reference_range,6.0 - 8.0,6.0-8.0,HIT,correct,,True
001_Lab-report,test,tests.ALBUMIN.result,4.8,4.8,HIT,correct,,True
001_Lab-report,test,tests.ALBUMIN.unit,g/dL,g/dL,HIT,correct,,True
001_Lab-report,test,tests.ALBUMIN.reference_range,3.5 - 5.2,3.5-5.2,HIT,correct,,True
001_Lab-report,test,tests.GLOBULIN.result,2.7,2.7,HIT,correct,,True
001_Lab-report,test,tests.GLOBULIN.unit,g/dL,g/dL,HIT,correct,,True
001_Lab-report,test,tests.GLOBULIN.reference_range,2.0 - 3.5,2.0-3.5,HIT,correct,,True
001_Lab-report,test,tests.ALBUMIN/GLOBULIN RATIO.result,1.8,1.8,HIT,correct,,True
001_Lab-report,test,tests.ALBUMIN/GLOBULIN RATIO.unit,RATIO,RATIO,HIT,correct,,True
001_Lab-report,test,tests.ALBUMIN/GLOBULIN RATIO.reference_range,1.00 - 2.00,1.00-2.00,HIT,correct,,True
001_Lab-report,test,tests.ASPARTATE AMINOTRANSFERASE (AST/SGOT).result,20,20,HIT,correct,,True
001_Lab-report,test,tests.ASPARTATE AMINOTRANSFERASE (AST/SGOT).unit,U/L,U/L,HIT,correct,,True
001_Lab-report,test,tests.ASPARTATE AMINOTRANSFERASE (AST/SGOT).reference_range,< 40,<40,HIT,correct,,True
001_Lab-report,test,tests.ALANINE AMINOTRANSFERASE (ALT/SGPT).result,14,14,HIT,correct,,True
001_Lab-report,test,tests.ALANINE AMINOTRANSFERASE (ALT/SGPT).unit,U/L,U/L,HIT,correct,,True
001_Lab-report,test,tests.ALANINE AMINOTRANSFERASE (ALT/SGPT).reference_range,< 41,<41,HIT,correct,,True
001_Lab-report,test,tests.ALKALINE PHOSPHATASE.result,61,61,HIT,correct,,True
001_Lab-report,test,tests.ALKALINE PHOSPHATASE.unit,U/L,U/L,HIT,correct,,True
001_Lab-report,test,tests.ALKALINE PHOSPHATASE.reference_range,40 - 129,40-129,HIT,correct,,True
001_Lab-report,test,tests.GAMMA GLUTAMYL TRANSFERASE (GGT).result,39,39,HIT,correct,,True
001_Lab-report,test,tests.GAMMA GLUTAMYL TRANSFERASE (GGT).unit,U/L,U/L,HIT,correct,,True
001_Lab-report,test,tests.GAMMA GLUTAMYL TRANSFERASE (GGT).reference_range,8 - 61,8-61,HIT,correct,,True
001_Lab-report,test,tests.LACTATE DEHYDROGENASE.result,239 High,239,HIT,correct,,True
001_Lab-report,test,tests.LACTATE DEHYDROGENASE.unit,U/L,U/L,HIT,correct,,True
001_Lab-report,test,tests.LACTATE DEHYDROGENASE.reference_range,135 - 225,135-225,HIT,correct,,True
001_Lab-report,test,tests.GLYCUSYLAIEU HEMUGLOBIN(HBAIC),,7.52,MISS,test_extra_row,The system returned a results row with no counterpart in the golden record — usually a duplicate under a variant name. Excluded from gold-covered metrics.,False
002_Lab-report,field,specimen_date,21/Apr/2021 01:09PM,21/Apr/2021 01:09 PM,HIT,correct,,True
002_Lab-report,field,sample_description,EDTA Blood.,EDTA Blood,HIT,correct,,True
002_Lab-report,field,section,HAEMATOLOGY,,MISS,not_extracted,The value is in the golden record but the system returned nothing for it.,True
002_Lab-report,test,tests.Haemoglobin.result,12.4,12.4,HIT,correct,,True
002_Lab-report,test,tests.Haemoglobin.unit,gm/dl,gm/dl,HIT,correct,,True
002_Lab-report,test,tests.Haemoglobin.reference_range,12.5-16.0,12.5-16.0,HIT,correct,,True
002_Lab-report,test,tests.Total Leucocyte Count.result,"3,700","3,700",HIT,correct,,True
002_Lab-report,test,tests.Total Leucocyte Count.unit,/cumm,/cumm,HIT,correct,,True
002_Lab-report,test,tests.Total Leucocyte Count.reference_range,4000-11000,4000-11000,HIT,correct,,True
002_Lab-report,test,tests.Neutrophil.result,78,78,HIT,correct,,True
002_Lab-report,test,tests.Neutrophil.unit,%,%,HIT,correct,,True
002_Lab-report,test,tests.Neutrophil.reference_range,40-75,40-75,HIT,correct,,True
002_Lab-report,test,tests.Lymphocytes.result,19,19,HIT,correct,,True
002_Lab-report,test,tests.Lymphocytes.unit,%,%,HIT,correct,,True
002_Lab-report,test,tests.Lymphocytes.reference_range,20-40,20-40,HIT,correct,,True
002_Lab-report,test,tests.Eosinophils.result,0,0,HIT,correct,,True
002_Lab-report,test,tests.Eosinophils.unit,%,%,HIT,correct,,True
002_Lab-report,test,tests.Eosinophils.reference_range,1-6,1-6,HIT,correct,,True
002_Lab-report,test,tests.Monocytes.result,3,3,HIT,correct,,True
002_Lab-report,test,tests.Monocytes.unit,%,%,HIT,correct,,True
002_Lab-report,test,tests.Monocytes.reference_range,2-10,2-10,HIT,correct,,True
002_Lab-report,test,tests.PCV/HCT.result,37.3,37.3,HIT,correct,,True
002_Lab-report,test,tests.PCV/HCT.unit,%,%,HIT,correct,,True
002_Lab-report,test,tests.PCV/HCT.reference_range,35-50,35-50,HIT,correct,,True
002_Lab-report,test,tests.RBC Count.result,4.50,4.50,HIT,correct,,True
002_Lab-report,test,tests.RBC Count.unit,Million/cmm.,Million/cmm.,HIT,correct,,True
002_Lab-report,test,tests.RBC Count.reference_range,3.50 -5.50,3.50-5.50,HIT,correct,,True
002_Lab-report,test,tests.Platelet Count.result,1.26,1.26,HIT,correct,,True
002_Lab-report,test,tests.Platelet Count.unit,Lakhs/cmm.,Lakhs/cmm.,HIT,correct,,True
002_Lab-report,test,tests.Platelet Count.reference_range,1.5-4.5,1.5-4.5,HIT,correct,,True
002_Lab-report,test,tests.MCV( Mean Corpuscular Volume).result,83.6,83.6,HIT,correct,,True
002_Lab-report,test,tests.MCV( Mean Corpuscular Volume).unit,fl,f,MISS,test_wrong_unit,"Row matched, but its unit differs.",True
002_Lab-report,test,tests.MCV( Mean Corpuscular Volume).reference_range,80-99,80-99,HIT,correct,,True
002_Lab-report,test,tests.MCH (Mean Corpuscular Hb ).result,27.8,27.8,HIT,correct,,True
002_Lab-report,test,tests.MCH (Mean Corpuscular Hb ).unit,Picogram,Picogram,HIT,correct,,True
002_Lab-report,test,tests.MCH (Mean Corpuscular Hb ).reference_range,27.0-31.0,27.0-31.0,HIT,correct,,True
002_Lab-report,test,tests.MCHC( Mean Corpuscular Hb Concentration).result,33.2,33.2,HIT,correct,,True
002_Lab-report,test,tests.MCHC( Mean Corpuscular Hb Concentration).unit,gm/dl,,MISS,test_wrong_unit,"Row matched, but its unit differs.",True
002_Lab-report,test,tests.MCHC( Mean Corpuscular Hb Concentration).reference_range,33.0-37.0,33.0-37.0,HIT,correct,,True
002_Lab-report,test,tests.RDW-cv.result,15.1,15.1,HIT,correct,,True
002_Lab-report,test,tests.RDW-cv.unit,%,%,HIT,correct,,True
002_Lab-report,test,tests.RDW-cv.reference_range,11.5-14.5,11.5-14.5,HIT,correct,,True
002_Lab-report,test,tests.RDW-sd.result,45.5,45.5,HIT,correct,,True
002_Lab-report,test,tests.RDW-sd.unit,fl,f,MISS,test_wrong_unit,"Row matched, but its unit differs.",True
002_Lab-report,test,tests.RDW-sd.reference_range,37.0-46.0,37.0-46.0,HIT,correct,,True
003_Lab-report,field,sample_collection_datetime,17/02/2016 06:28:59PM,17/02/2016 06:28:59PM,MISS,wrong_key,The system found the golden value but filed it under a different field name. The system called it 'samp_coll_dt'.,True
003_Lab-report,field,location,OPD,OPD,HIT,correct,,True
003_Lab-report,field,department,DEPARTMENT OF  LABORATORY MEDICINE,,MISS,not_extracted,The value is in the golden record but the system returned nothing for it.,True
003_Lab-report,field,section,BIOCHEMISTRY,,MISS,not_extracted,The value is in the golden record but the system returned nothing for it.,True
003_Lab-report,field,order_no,26841951,26841951,HIT,correct,,True
003_Lab-report,field,date,17/02/2016,2016-02-17,HIT,correct,,True
003_Lab-report,field,lab_section,MAIN LAB,,MISS,not_extracted,The value is in the golden record but the system returned nothing for it.,True
003_Lab-report,field,worksheet_datetime,17/02/2016 07:34:27PM,17/02/2016 07:34:27PM,MISS,wrong_key,The system found the golden value but filed it under a different field name. The system called it 'worksht_dttm'.,True
003_Lab-report,field,report_printed_on,17-Feb-2016 23:28,17-Feb-2016 23:28,HIT,correct,,True
003_Lab-report,field,signatory_title,Consultant Biochemist,,MISS,not_extracted,The value is in the golden record but the system returned nothing for it.,True
003_Lab-report,test,tests.Total Protein.result,6.80,,MISS,test_not_extracted,The whole results row is in the golden record but was not returned.,True
003_Lab-report,test,tests.Total Protein.unit,g/dl,,MISS,test_not_extracted,The whole results row is in the golden record but was not returned.,True
003_Lab-report,test,tests.Total Protein.reference_range,6.70 - 8.20,,MISS,test_not_extracted,The whole results row is in the golden record but was not returned.,True
003_Lab-report,test,tests.Albumin.result,2.80,,MISS,test_not_extracted,The whole results row is in the golden record but was not returned.,True
003_Lab-report,test,tests.Albumin.unit,g/dl,,MISS,test_not_extracted,The whole results row is in the golden record but was not returned.,True
003_Lab-report,test,tests.Albumin.reference_range,3.50 - 5.00,,MISS,test_not_extracted,The whole results row is in the golden record but was not returned.,True
003_Lab-report,test,tests.Globulin (calculated).result,4.00,,MISS,test_not_extracted,The whole results row is in the golden record but was not returned.,True
003_Lab-report,test,tests.Globulin (calculated).unit,g/dl,,MISS,test_not_extracted,The whole results row is in the golden record but was not returned.,True
003_Lab-report,test,tests.Globulin (calculated).reference_range,2.60 - 4.10,,MISS,test_not_extracted,The whole results row is in the golden record but was not returned.,True
003_Lab-report,test,tests.A/G Ratio (calculated).result,0.70,,MISS,test_not_extracted,The whole results row is in the golden record but was not returned.,True
003_Lab-report,test,tests.A/G Ratio (calculated).reference_range,1.20 - 2.50,,MISS,test_not_extracted,The whole results row is in the golden record but was not returned.,True
003_Lab-report,test,tests.Bilirubin(Total).result,0.80,,MISS,test_not_extracted,The whole results row is in the golden record but was not returned.,True
003_Lab-report,test,tests.Bilirubin(Total).unit,mg/dl,,MISS,test_not_extracted,The whole results row is in the golden record but was not returned.,True
003_Lab-report,test,tests.Bilirubin(Total).reference_range,0.20 - 1.00,,MISS,test_not_extracted,The whole results row is in the golden record but was not returned.,True
003_Lab-report,test,tests.SGOT.result,38.00,,MISS,test_not_extracted,The whole results row is in the golden record but was not returned.,True
003_Lab-report,test,tests.SGOT.unit,U/l,,MISS,test_not_extracted,The whole results row is in the golden record but was not returned.,True
003_Lab-report,test,tests.SGOT.reference_range,9.00 - 36.00,,MISS,test_not_extracted,The whole results row is in the golden record but was not returned.,True
003_Lab-report,test,tests.SGPT.result,76.00,,MISS,test_not_extracted,The whole results row is in the golden record but was not returned.,True
003_Lab-report,test,tests.SGPT.unit,U/l,,MISS,test_not_extracted,The whole results row is in the golden record but was not returned.,True
003_Lab-report,test,tests.SGPT.reference_range,10.00 - 40.00,,MISS,test_not_extracted,The whole results row is in the golden record but was not returned.,True
003_Lab-report,test,tests.Alkaline Phosphatase.result,128.00,,MISS,test_not_extracted,The whole results row is in the golden record but was not returned.,True
003_Lab-report,test,tests.Alkaline Phosphatase.unit,U/l,,MISS,test_not_extracted,The whole results row is in the golden record but was not returned.,True
003_Lab-report,test,tests.Alkaline Phosphatase.reference_range,40.00 - 120.0,,MISS,test_not_extracted,The whole results row is in the golden record but was not returned.,True
003_Lab-report,test,tests.Total Protein Serum Biuret,,68.00,MISS,test_extra_row,The system returned a results row with no counterpart in the golden record — usually a duplicate under a variant name. Excluded from gold-covered metrics.,False
003_Lab-report,test,tests.Albumin Serum BromocresolPurple,,28.00,MISS,test_extra_row,The system returned a results row with no counterpart in the golden record — usually a duplicate under a variant name. Excluded from gold-covered metrics.,False
003_Lab-report,test,tests.Globulin(calculated) Serum,,40.00,MISS,test_extra_row,The system returned a results row with no counterpart in the golden record — usually a duplicate under a variant name. Excluded from gold-covered metrics.,False
003_Lab-report,test,tests.AG Ratio(calculated) Serum,,0.70,MISS,test_extra_row,The system returned a results row with no counterpart in the golden record — usually a duplicate under a variant name. Excluded from gold-covered metrics.,False
003_Lab-report,test,tests.Bilirubin(Total) Serum,,13.68,MISS,test_extra_row,The system returned a results row with no counterpart in the golden record — usually a duplicate under a variant name. Excluded from gold-covered metrics.,False
003_Lab-report,test,tests.SGOT Serum,,38.00,MISS,test_extra_row,The system returned a results row with no counterpart in the golden record — usually a duplicate under a variant name. Excluded from gold-covered metrics.,False
003_Lab-report,test,tests.SGPT Serum,,76.00,MISS,test_extra_row,The system returned a results row with no counterpart in the golden record — usually a duplicate under a variant name. Excluded from gold-covered metrics.,False
003_Lab-report,test,tests.Alkaline Phosphatase Serum,,128.00,MISS,test_extra_row,The system returned a results row with no counterpart in the golden record — usually a duplicate under a variant name. Excluded from gold-covered metrics.,False
004_Lab-report,field,sample_description,EDTA Whole Blood,EDTA Whole Blood,HIT,correct,,True
004_Lab-report,field,ordered,02 Nov 2020 18:27,02Nov2020 18:27,MISS,wrong_key,The system found the golden value but filed it under a different field name. The system called it 'ordered_date'.,True
004_Lab-report,field,collected,03 Nov 2020 12:34,03Nov2020 12:34,MISS,wrong_key,The system found the golden value but filed it under a different field name. The system called it 'collected_date'.,True
004_Lab-report,field,date_of_receipt,03 Nov 2020 12:44,,MISS,not_extracted,The value is in the golden record but the system returned nothing for it.,True
004_Lab-report,field,registered,03 Nov 2020 12:44,,MISS,not_extracted,The value is in the golden record but the system returned nothing for it.,True
004_Lab-report,field,date,02 Nov 2020,02Nov2020,HIT,correct,,True
004_Lab-report,field,printed_on,03 Nov 2020 06:22 PM,03Nov 2020 06:22PM,MISS,wrong_key,The system found the golden value but filed it under a different field name. The system called it 'printed_by'.,True
004_Lab-report,field,authorized_on,03 Nov 2020 14:54,03Nov2020 14:54,HIT,correct,,True
004_Lab-report,field,released_on,03 Nov 2020 13:48,03Nov2020 13:48,HIT,correct,,True
004_Lab-report,field,hba1c_note,"In a person with diabetes, HbA1c value is as advised by your Doctor",,MISS,not_extracted,The value is in the golden record but the system returned nothing for it.,True
004_Lab-report,field,footer,This is a computer generated report. Signature is not required.,,MISS,not_extracted,The value is in the golden record but the system returned nothing for it.,True
004_Lab-report,field,method_used,,lonExchangeHPLC,MISS,unlabelled_extra,The system returned a field the golden record has no entry for — often a correct reading the label set does not cover. Excluded from gold-covered metrics.,False
004_Lab-report,field,received_date,,03Nov2020 12:44,MISS,unlabelled_extra,The system returned a field the golden record has no entry for — often a correct reading the label set does not cover. Excluded from gold-covered metrics.,False
004_Lab-report,field,registered_date,,03Nov2020 12:44,MISS,unlabelled_extra,The system returned a field the golden record has no entry for — often a correct reading the label set does not cover. Excluded from gold-covered metrics.,False
004_Lab-report,test,"tests.Glycocylated Hemoglobin, %.result",5.0,5.0,HIT,correct,,True
004_Lab-report,test,"tests.Glycocylated Hemoglobin, %.unit",,%,MISS,unlabelled_extra,The system returned a field the golden record has no entry for — often a correct reading the label set does not cover. Excluded from gold-covered metrics.,False
004_Lab-report,test,"tests.Glycocylated Hemoglobin, %.reference_range","<5.7 Normal
5.7-6.4 PREDIABETES
>6.4 DIABETES",<5.7 Normal 5.7-6.4PREDIABETES >6.4DIABETES,HIT,correct,,True
005_Lab-report,field,gender,F,,MISS,not_extracted,The value is in the golden record but the system returned nothing for it.,True
005_Lab-report,field,collection_date_time,22/Dec/2023 09:01AM,22/Dec/202309:01AM,HIT,correct,,True
005_Lab-report,field,reporting_date_time,22/Dec/2023 01:39PM,22/Dec/202301:39PM,HIT,correct,,True
005_Lab-report,field,section,Clinical Biochemistry,,MISS,not_extracted,The value is in the golden record but the system returned nothing for it.,True
005_Lab-report,field,profile,Max Chemo DayCare Screening Profile,,MISS,not_extracted,The value is in the golden record but the system returned nothing for it.,True
005_Lab-report,field,interpretation,"AST/ALT Ratio : -
In Case of deranged AST and/or ALT, the AST/ALT ratio is > 2.0 in alcoholic liver damage and < 2.0 in non – alcoholic liver damage",,MISS,not_extracted,The value is in the golden record but the system returned nothing for it.,True
005_Lab-report,field,clinical_biochemistry,,"MaxChemoDayCareScreeningProfile LiverFunction Test(LFT),Serum",MISS,unlabelled_extra,The system returned a field the golden record has no entry for — often a correct reading the label set does not cover. Excluded from gold-covered metrics.,False
005_Lab-report,test,tests.Total Protein.result,6.33,6.20,MISS,test_wrong_result,"Row matched, but its result value differs.",True
005_Lab-report,test,tests.Total Protein.unit,g/dL,g/dL,HIT,correct,,True
005_Lab-report,test,tests.Total Protein.reference_range,6.6 - 8.3,6.6-8.3,HIT,correct,,True
005_Lab-report,test,tests.Albumin.result,3.7,3.7,HIT,correct,,True
005_Lab-report,test,tests.Albumin.unit,g/dL,g/dL,HIT,correct,,True
005_Lab-report,test,tests.Albumin.reference_range,3.5 - 5.2,3.5-5.2,HIT,correct,,True
005_Lab-report,test,tests.Globulin.result,2.7,2.5,MISS,test_wrong_result,"Row matched, but its result value differs.",True
005_Lab-report,test,tests.Globulin.unit,g/dl,g/dL,HIT,correct,,True
005_Lab-report,test,tests.Globulin.reference_range,2.3 - 3.5,2.3-3.5,HIT,correct,,True
005_Lab-report,test,tests.A.G. ratio.result,1.4,1.5,MISS,test_wrong_result,"Row matched, but its result value differs.",True
005_Lab-report,test,tests.A.G. ratio.unit,,Ratio,MISS,unlabelled_extra,The system returned a field the golden record has no entry for — often a correct reading the label set does not cover. Excluded from gold-covered metrics.,False
005_Lab-report,test,tests.A.G. ratio.reference_range,1.2 - 1.5,1.2-1.5,HIT,correct,,True
005_Lab-report,test,tests.Bilirubin (Total).result,0.98,1.26,MISS,test_wrong_result,"Row matched, but its result value differs.",True
005_Lab-report,test,tests.Bilirubin (Total).unit,mg/dL,mg/dL,HIT,correct,,True
005_Lab-report,test,tests.Bilirubin (Total).reference_range,0.3 - 1.2,0.3-1.2,HIT,correct,,True
005_Lab-report,test,tests.Bilirubin (Direct).result,0.25,0.29,MISS,test_wrong_result,"Row matched, but its result value differs.",True
005_Lab-report,test,tests.Bilirubin (Direct).unit,mg/dL,mg/dL,HIT,correct,,True
005_Lab-report,test,tests.Bilirubin (Direct).reference_range,0.0 - 0.2,0.0-0.2,HIT,correct,,True
005_Lab-report,test,tests.Bilirubin (Indirect).result,0.73,0.97,MISS,test_wrong_result,"Row matched, but its result value differs.",True
005_Lab-report,test,tests.Bilirubin (Indirect).unit,mg/dL,mg/dL,HIT,correct,,True
005_Lab-report,test,tests.Bilirubin (Indirect).reference_range,0.1 - 1.0,0.1-1.0,HIT,correct,,True
005_Lab-report,test,tests.SGOT- Aspartate Transaminase (AST).result,25,32,MISS,test_wrong_result,"Row matched, but its result value differs.",True
005_Lab-report,test,tests.SGOT- Aspartate Transaminase (AST).unit,U/L,U/L,HIT,correct,,True
005_Lab-report,test,tests.SGOT- Aspartate Transaminase (AST).reference_range,< 50,,MISS,test_wrong_reference_range,"Row matched, but its reference range differs.",True
005_Lab-report,test,tests.SGPT- Alanine Transaminase (ALT).result,13,23,MISS,test_wrong_result,"Row matched, but its result value differs.",True
005_Lab-report,test,tests.SGPT- Alanine Transaminase (ALT).unit,U/L,U/L,HIT,correct,,True
005_Lab-report,test,tests.SGPT- Alanine Transaminase (ALT).reference_range,< 35,<35,HIT,correct,,True
005_Lab-report,test,tests.AST/ALT Ratio.result,1.92,1.39,MISS,test_wrong_result,"Row matched, but its result value differs.",True
005_Lab-report,test,tests.AST/ALT Ratio.unit,Ratio,Ratio,HIT,correct,,True
005_Lab-report,test,tests.Alkaline Phosphatase.result,120,118,MISS,test_wrong_result,"Row matched, but its result value differs.",True
005_Lab-report,test,tests.Alkaline Phosphatase.unit,U/L,U/L,HIT,correct,,True
005_Lab-report,test,tests.Alkaline Phosphatase.reference_range,30 - 120,30-120,HIT,correct,,True
005_Lab-report,test,"tests.GGTP (Gamma GT), Serum.result",48.0,42.0,MISS,test_wrong_result,"Row matched, but its result value differs.",True
005_Lab-report,test,"tests.GGTP (Gamma GT), Serum.unit",U/L,U/L,HIT,correct,,True
005_Lab-report,test,"tests.GGTP (Gamma GT), Serum.reference_range",7 - 50,7-50,HIT,correct,,True
006_Lab-report,field,document_title,PRE-MEDICAL EXAMINATION REPORT,,MISS,not_extracted,The value is in the golden record but the system returned nothing for it.,True
006_Lab-report,field,height,164CMS,164CMS,HIT,correct,,True
006_Lab-report,field,weight,71Kg,71Kg,HIT,correct,,True
006_Lab-report,field,marital_status,MARRIED,MARRIED,HIT,correct,,True
006_Lab-report,field,dates,05/09/2023; 04/12/2023,05/09/2023 04/12/2023,MISS,wrong_key,The system found the golden value but filed it under a different field name. The system called it 'pre_medical_examination_report'.,True
006_Lab-report,field,fitness_status,FIT,,MISS,not_extracted,The value is in the golden record but the system returned nothing for it.,True
006_Lab-report,field,history_of_any_significant_past_illness_including_psychiatric_and_neurological_disorders_epilepsy_depression,NAD,NAD,MISS,wrong_key,The system found the golden value but filed it under a different field name. The system called it 'history_of_significant_past_illness'.,True
006_Lab-report,field,allergy,NAD,NAD,HIT,correct,,True
006_Lab-report,field,investigations_note,All investigations as on Date,,MISS,not_extracted,The value is in the golden record but the system returned nothing for it.,True
006_Lab-report,field,chest_xray_remark,NO ACTIVE LUNG LESSION IS EVIDENT,,MISS,not_extracted,The value is in the golden record but the system returned nothing for it.,True
006_Lab-report,field,footer,This Lest Report is not Valid For Legal Purposes. The Lab Report Represent Only an Opinion and the diagnosis in Case of un expected results not matching the clinical finding the Patient / Clinical is advised to contact the immediately.,,MISS,not_extracted,The value is in the golden record but the system returned nothing for it.,True
006_Lab-report,test,tests.R. EYE.result,6/6,6/6,HIT,correct,,True
006_Lab-report,test,tests.L. EYE.result,6/6,6/6,HIT,correct,,True
006_Lab-report,test,tests.R. EAR.result,NAD,NAD,HIT,correct,,True
006_Lab-report,test,tests.L. EAR.result,NAD,NAD,HIT,correct,,True
006_Lab-report,test,tests.B.P.result,120/80mm/hg,,MISS,test_not_extracted,The whole results row is in the golden record but was not returned.,True
006_Lab-report,test,tests.Murmur / Heart.result,NAD/NAD,NAD/NAD,HIT,correct,,True
006_Lab-report,test,tests.LUNGS.result,NAD,,MISS,test_not_extracted,The whole results row is in the golden record but was not returned.,True
006_Lab-report,test,tests.CHEST X-RAY (P.A VIEW).result,NORMAL,NORMAL,HIT,correct,,True
006_Lab-report,test,tests.ABDOMEN.result,NAD,,MISS,test_not_extracted,The whole results row is in the golden record but was not returned.,True
006_Lab-report,test,tests.HERNIA.result,ABSENT,ABSENT,HIT,correct,,True
006_Lab-report,test,tests.VERICOSE VEINS.result,NAD,NAD,HIT,correct,,True
006_Lab-report,test,tests.EXTREMITIES.result,NAD,NAD,HIT,correct,,True
006_Lab-report,test,tests.CLINICAL.result,NAD,NAD,HIT,correct,,True
006_Lab-report,test,tests.SUGAR.result,ABSENT,ABSENT,HIT,correct,,True
006_Lab-report,test,tests.ALBUMIN.result,ABSENT,ABSENT,HIT,correct,,True
006_Lab-report,test,tests.BIHARZIASIS (IF ENDEMIC).result,ABSENT,ABSENT,HIT,correct,,True
006_Lab-report,test,tests.1. HELMINTHES.result,NAD,NAD,HIT,correct,,True
006_Lab-report,test,tests.2.GIARDIA.result,NAD,NAD,HIT,correct,,True
006_Lab-report,test,tests.3. BIHARZIASIS ( IF ENDEMIC) CULTURE.result,NAD,,MISS,test_not_extracted,The whole results row is in the golden record but was not returned.,True
006_Lab-report,test,tests.4.SALMONELLA / SHIGELLA.result,NAD,NAD,HIT,correct,,True
006_Lab-report,test,tests.5. V. CHOLERA (IF ENDEMIC).result,NAD,NAD,HIT,correct,,True
006_Lab-report,test,tests.HEAMOGLOBIN.result,13.6mg/dl %,13.6,MISS,test_wrong_result,"Row matched, but its result value differs.",True
006_Lab-report,test,tests.HEAMOGLOBIN.unit,,mg/dl,MISS,unlabelled_extra,The system returned a field the golden record has no entry for — often a correct reading the label set does not cover. Excluded from gold-covered metrics.,False
006_Lab-report,test,tests.BLOOD GROUP.result,'AB'POSITIVE,AB POSITIVE,MISS,test_wrong_result,"Row matched, but its result value differs.",True
006_Lab-report,test,tests.1. MALARIA.result,NOT DETECTED,NOT DETECTED,HIT,correct,,True
006_Lab-report,test,tests.2.MICRO FILARIA.result,NOT DETECTED,NOT DETECTED,HIT,correct,,True
006_Lab-report,test,tests.1.F.B.S.result,86mg%,86,MISS,test_wrong_result,"Row matched, but its result value differs.",True
006_Lab-report,test,tests.1.F.B.S.unit,,mg%,MISS,unlabelled_extra,The system returned a field the golden record has no entry for — often a correct reading the label set does not cover. Excluded from gold-covered metrics.,False
006_Lab-report,test,tests.2.L.F.T.S.result,NORMAL,NORMAL,HIT,correct,,True
006_Lab-report,test,tests.3.CREATININE.result,0.7mg%,0.7,MISS,test_wrong_result,"Row matched, but its result value differs.",True
006_Lab-report,test,tests.3.CREATININE.unit,,mg%,MISS,unlabelled_extra,The system returned a field the golden record has no entry for — often a correct reading the label set does not cover. Excluded from gold-covered metrics.,False
006_Lab-report,test,tests.1 HIV I&II.result,NON REACTIVE,NON REACTIVE,HIT,correct,,True
006_Lab-report,test,tests.2.HBs Ag.result,NEGATIVE,NEGATIVE,HIT,correct,,True
006_Lab-report,test,tests.3. Anti HCV.result,NEGATIVE,NEGATIVE,HIT,correct,,True
006_Lab-report,test,tests.VDRL.result,NEGATIVE,NEGATIVE,HIT,correct,,True
006_Lab-report,test,tests.TPHA.result,NEGATIVE,NEGATIVE,HIT,correct,,True
006_Lab-report,test,tests.CARDIOVASCULAR SYSTEM B.P,,120/80,MISS,test_extra_row,The system returned a results row with no counterpart in the golden record — usually a duplicate under a variant name. Excluded from gold-covered metrics.,False
006_Lab-report,test,tests.RESPIRATORY SYSTEM LUNGS,,NAD,MISS,test_extra_row,The system returned a results row with no counterpart in the golden record — usually a duplicate under a variant name. Excluded from gold-covered metrics.,False
006_Lab-report,test,tests.GASTROINTESTINAL SYSTEM ABDOMEN,,NAD,MISS,test_extra_row,The system returned a results row with no counterpart in the golden record — usually a duplicate under a variant name. Excluded from gold-covered metrics.,False
006_Lab-report,test,tests.3.BIHARZIASIS(IF ENDEMIC),,NAD,MISS,test_extra_row,The system returned a results row with no counterpart in the golden record — usually a duplicate under a variant name. Excluded from gold-covered metrics.,False
007_Lab-report,field,coll_date_time,03/02/2019 09:55:20,03/02/201909:55:20,MISS,wrong_key,The system found the golden value but filed it under a different field name. The system called it 'coll_date_and_time'.,True
007_Lab-report,field,reg_date_time,03/02/2019 06:33:46,03/02/201906:33:46,MISS,wrong_key,The system found the golden value but filed it under a different field name. The system called it 'reg_date_and_time'.,True
007_Lab-report,field,report_date_time,03/02/2019 13:36:57,03/02/201913:36:57,MISS,wrong_key,The system found the golden value but filed it under a different field name. The system called it 'report_date_and_time'.,True
007_Lab-report,field,a1c_note,"The A1C test results reflects your average blood sugar level for the past two to three months.It is a better reflection of how well your diabetes treatment plan is working overall.
A committee of experts from the American Diabetes Association recommend that the A1C test be the primary test used to diagnose prediabetes, type 1 diabetes and type 2 diabetes.",,MISS,not_extracted,The value is in the golden record but the system returned nothing for it.,True
007_Lab-report,field,page,,3of7,MISS,unlabelled_extra,The system returned a field the golden record has no entry for — often a correct reading the label set does not cover. Excluded from gold-covered metrics.,False
007_Lab-report,test,tests.Macrocytosis.result,1,1,HIT,correct,,True
007_Lab-report,test,tests.Macrocytosis.unit,%,%,HIT,correct,,True
007_Lab-report,test,tests.Macrocytosis.reference_range,0.0-5.5,0.0-5.5,HIT,correct,,True
007_Lab-report,test,tests.1 Hour.result,6,,MISS,test_not_extracted,The whole results row is in the golden record but was not returned.,True
007_Lab-report,test,tests.1 Hour.unit,mm,,MISS,test_not_extracted,The whole results row is in the golden record but was not returned.,True
007_Lab-report,test,tests.1 Hour.reference_range,<14,,MISS,test_not_extracted,The whole results row is in the golden record but was not returned.,True
007_Lab-report,test,tests.GLUCOSE (PP).result,442.0,442.0,HIT,correct,,True
007_Lab-report,test,tests.GLUCOSE (PP).unit,mg/dl,Ip/6w,MISS,test_wrong_unit,"Row matched, but its unit differs.",True
007_Lab-report,test,tests.GLUCOSE (PP).reference_range,80-140,80-140,HIT,correct,,True
007_Lab-report,test,tests.HbA1c.result,11.40,11.40,HIT,correct,,True
007_Lab-report,test,tests.HbA1c.unit,%,%,HIT,correct,,True
007_Lab-report,test,tests.HbA1c.reference_range,"Non-Diabetic Level: < 5.7%
Pre Diabetic    :5.7-6.4%
Diabetic Level   :>=6.5%
Goal        :7.0%","Non-DiabeticLevel:<5.7%, PreDiabetic :5.7-6.4%, Diabetic Level :>=6.5%, Goal :7.0%",HIT,correct,,True
007_Lab-report,test,tests.Mean Blood Glucose Level.result,280.50,280.50,HIT,correct,,True
007_Lab-report,test,tests.Mean Blood Glucose Level.unit,mg/dl,Ip/6w,MISS,test_wrong_unit,"Row matched, but its unit differs.",True
007_Lab-report,test,tests.GLUCOSE (F).result,275.0,275.0,HIT,correct,,True
007_Lab-report,test,tests.GLUCOSE (F).unit,mg/dl,Ip/6u,MISS,test_wrong_unit,"Row matched, but its unit differs.",True
007_Lab-report,test,tests.GLUCOSE (F).reference_range,74-100,74-100,HIT,correct,,True
007_Lab-report,test,tests.UREA.result,36.0,36.0,HIT,correct,,True
007_Lab-report,test,tests.UREA.unit,mg/dl,mg/dl,HIT,correct,,True
007_Lab-report,test,tests.UREA.reference_range,17-49,17-49,HIT,correct,,True
007_Lab-report,test,tests.CREATININE.result,0.9,0.9,HIT,correct,,True
007_Lab-report,test,tests.CREATININE.unit,mg/dl,IP/6w,MISS,test_wrong_unit,"Row matched, but its unit differs.",True
007_Lab-report,test,tests.CREATININE.reference_range,0.8 - 1.3,0.8-1.3,HIT,correct,,True
007_Lab-report,test,tests.URIC ACID.result,3.3,3.3,HIT,correct,,True
007_Lab-report,test,tests.URIC ACID.unit,mg/dl,mg/dl,HIT,correct,,True
007_Lab-report,test,tests.URIC ACID.reference_range,3.5-7.2,3.5-7.2,HIT,correct,,True
007_Lab-report,test,tests.ESR (Westergran Method) 1Hour,,6,MISS,test_extra_row,The system returned a results row with no counterpart in the golden record — usually a duplicate under a variant name. Excluded from gold-covered metrics.,False
008_Lab-report,field,document_title,Department of Laboratory Medicine: Histopathology,,MISS,not_extracted,The value is in the golden record but the system returned nothing for it.,True
008_Lab-report,field,sample_description,Oral Mucosa,OralMucosa,HIT,correct,,True
008_Lab-report,field,ordered,"14 Nov 2016, 05:30 PM","14Nov2016,05:30PM",MISS,wrong_key,The system found the golden value but filed it under a different field name. The system called it 'ordered_date'.,True
008_Lab-report,field,collected,"14 Nov 2016, 05:31 PM","14Nov2016,05:31PM",MISS,wrong_key,The system found the golden value but filed it under a different field name. The system called it 'collected_date'.,True
008_Lab-report,field,date_of_receipt,"14 Nov 2016, 07:31 PM",,MISS,not_extracted,The value is in the golden record but the system returned nothing for it.,True
008_Lab-report,field,registered,"14 Nov 2016, 07:31 PM",,MISS,not_extracted,The value is in the golden record but the system returned nothing for it.,True
008_Lab-report,field,date,14 Nov 2016,14Nov2016,HIT,correct,,True
008_Lab-report,field,report_title,Histopathology Report,,MISS,not_extracted,The value is in the golden record but the system returned nothing for it.,True
008_Lab-report,field,printed_on,"22 Nov 2016, 11:23 AM",,MISS,not_extracted,The value is in the golden record but the system returned nothing for it.,True
008_Lab-report,field,authorized_on,"18 Nov 2016, 11:29 AM","18Nov2016,11:29AM",MISS,wrong_key,The system found the golden value but filed it under a different field name. The system called it 'authorized_by_date'.,True
008_Lab-report,field,clinical_diagnosis,Multiple lower lip non healing Ulcer.,MultiplelowerlipnonhealingUlcer.,HIT,correct,,True
008_Lab-report,field,specimen,Lower Lip Biopsy,LowerLipBiopsy,HIT,correct,,True
008_Lab-report,field,gross,Received single grey white soft tissue biopsy measuring 6x5x4 mm. Bissected. All processed.,Receivedsinglegreywhitesofttissuebiopsymeasuring6x5x4mm.Bissected.Allprocessed.,HIT,correct,,True
008_Lab-report,field,microscopic_examination,"Section shows markedly ulcerated mucosal bits with large areas of necrosis, bacterial colonies, spores and pseudohyphal forms of Candida as well as few scaterred slender fungal filaments are noted. Very scanty intact stratified squamous epitheluim is noted. However, this is insufficient for any comment on pathology.
There is no evidence of vasculitis/ lichenoid infiltrate.
There is no evidence of dysplasia or malignancy.","Sectionshowsmarkedlyulceratedmucosalbitswithlargeareasofnecrosis, bacterialcolonies,sporesandpseudohyphalformsofCandidaaswell asfewscaterredslenderfungalfilamentsare noted.Veryscantyintactstratifiedsquamousepitheluimisnoted.However,thisisinsufficientforanycommenton pathology. ·Thereisnoevidenceofvasculitis/lichenoidinfiltrate. There isnoevidenceofdysplasiaormalignancy.",MISS,wrong_value_different,"Right field, but the system read a genuinely different value.",True
008_Lab-report,field,impression,"Lower lip biopsy
Non-specific ulcerative lesion with superadded bacteriall infection.
Negative for dysplasia or malignancy.",Lowerlipbiopsy ·Non-specificulcerativelesionwithsuperaddedbacteriall infection. ·Negativefor dysplasia ormalignancy.,MISS,wrong_value_different,"Right field, but the system read a genuinely different value.",True
008_Lab-report,field,advised,Microbiological corelation and repeat bx from adjacent intact epithelium.,Microbiologicalcorelationandrepeatbxfromadjacentintactepithelium.,HIT,correct,,True
008_Lab-report,field,footer,This is a computer generated document. Signature is not required,,MISS,not_extracted,The value is in the golden record but the system returned nothing for it.,True
008_Lab-report,field,department,,DepartmentofLaboratoryMedicine,MISS,unlabelled_extra,The system returned a field the golden record has no entry for — often a correct reading the label set does not cover. Excluded from gold-covered metrics.,False
008_Lab-report,test,tests.Oral Biopsy- HPE with IHC/Special Stains.result,LL,,MISS,test_not_extracted,The whole results row is in the golden record but was not returned.,True
009_Lab-report,field,reg_date,14/02/2017 10:24,14/02/201710:24,HIT,correct,,True
009_Lab-report,test,tests.TRIGLYCERIDES (Lipase).result,87,,MISS,test_not_extracted,The whole results row is in the golden record but was not returned.,True
009_Lab-report,test,tests.TRIGLYCERIDES (Lipase).unit,mg/dL,,MISS,test_not_extracted,The whole results row is in the golden record but was not returned.,True
009_Lab-report,test,tests.TRIGLYCERIDES (Lipase).reference_range,"RECOMMENDED CUT OFF POINTS FOR CORONARY HEART DISEASE RISK-
Normal : <150
Boderline high: 151-199
High: 200-499
Very High: >499 mg/dL",,MISS,test_not_extracted,The whole results row is in the golden record but was not returned.,True
009_Lab-report,test,tests.SERUM CHOLESTEROL (Cholestrol oxidase).result,189,,MISS,test_not_extracted,The whole results row is in the golden record but was not returned.,True
009_Lab-report,test,tests.SERUM CHOLESTEROL (Cholestrol oxidase).unit,mg/dL,,MISS,test_not_extracted,The whole results row is in the golden record but was not returned.,True
009_Lab-report,test,tests.SERUM CHOLESTEROL (Cholestrol oxidase).reference_range,"RISK-CUTOFF THRESHOLD FOR CORONARY HEART DISEASE:
Adult:
Desirable: <200
Borderline High: 200 - 240
High:> 240 mg/dL
Child & Adolescent:
Desirable:<170 mg/dL
Borderline High:170-199 mg/dL
High:>199 mg/dL",,MISS,test_not_extracted,The whole results row is in the golden record but was not returned.,True
009_Lab-report,test,tests.H D L CHOLESTEROL (Phosphotungstate/Mg).result,57,,MISS,test_not_extracted,The whole results row is in the golden record but was not returned.,True
009_Lab-report,test,tests.H D L CHOLESTEROL (Phosphotungstate/Mg).unit,mg/dL,,MISS,test_not_extracted,The whole results row is in the golden record but was not returned.,True
009_Lab-report,test,tests.H D L CHOLESTEROL (Phosphotungstate/Mg).reference_range,"Risk-cutoff threshold for Coronary Heart Disease-
Females:
No risk->65
Moderate risk-45-65
High risk-<45 mg/dL
Males:
No risk->55
Moderate risk-35-55
High risk-<35 mg/dL",,MISS,test_not_extracted,The whole results row is in the golden record but was not returned.,True
009_Lab-report,test,tests.LDL CHOLESTROL (Direct Estimation).result,115,,MISS,test_not_extracted,The whole results row is in the golden record but was not returned.,True
009_Lab-report,test,tests.LDL CHOLESTROL (Direct Estimation).unit,mg/dL,,MISS,test_not_extracted,The whole results row is in the golden record but was not returned.,True
009_Lab-report,test,tests.LDL CHOLESTROL (Direct Estimation).reference_range,"Levels in terms of risk for coronary heart disease-
Adult levels:
Optimal:<100
Near/ Above optimal:100-129
Borderline high:130-159
High:160-189
Very high:>=190 mg/dL
Child & Adolescent:
Desirable:<110
Borderline:110-120
High:>=130 mg/dL",,MISS,test_not_extracted,The whole results row is in the golden record but was not returned.,True
009_Lab-report,test,tests.TRIGLYCERIDES,,87,MISS,test_extra_row,The system returned a results row with no counterpart in the golden record — usually a duplicate under a variant name. Excluded from gold-covered metrics.,False
009_Lab-report,test,tests.SERUM CHOLESTEROL,,189,MISS,test_extra_row,The system returned a results row with no counterpart in the golden record — usually a duplicate under a variant name. Excluded from gold-covered metrics.,False
009_Lab-report,test,tests.HDL CHOLESTEROL,,57,MISS,test_extra_row,The system returned a results row with no counterpart in the golden record — usually a duplicate under a variant name. Excluded from gold-covered metrics.,False
009_Lab-report,test,tests.LDL CHOLESTROL,,115,MISS,test_extra_row,The system returned a results row with no counterpart in the golden record — usually a duplicate under a variant name. Excluded from gold-covered metrics.,False
1576251555-Cow-Milk-Lab-Report-,field,document_title,TEST REPORT,,MISS,not_extracted,The value is in the golden record but the system returned nothing for it.,True
1576251555-Cow-Milk-Lab-Report-,field,lab_name,CHENNAI TESTING LABORATORY PRIVATE LIMITED,,MISS,not_extracted,The value is in the golden record but the system returned nothing for it.,True
1576251555-Cow-Milk-Lab-Report-,field,lab_tagline,Testing redefined,,MISS,not_extracted,The value is in the golden record but the system returned nothing for it.,True
1576251555-Cow-Milk-Lab-Report-,field,cin,U74999TN2008PTC067568,U74999TN2008PTC067568,HIT,correct,,True
1576251555-Cow-Milk-Lab-Report-,field,lab_website,www.ctllabs.in,,MISS,not_extracted,The value is in the golden record but the system returned nothing for it.,True
1576251555-Cow-Milk-Lab-Report-,field,lab_website_2,www.foodenvironmenttesting.com,,MISS,not_extracted,The value is in the golden record but the system returned nothing for it.,True
1576251555-Cow-Milk-Lab-Report-,field,lab_address,"A - Super 19 | T.V.K. Industrial Estate | Guindy, Chennai - 600 032 | Tamil Nadu | India",A-Super 19|T.V.K.Industrial Estate| Guindy Chennai-600032|TamilNadu|India,HIT,correct,,True
1576251555-Cow-Milk-Lab-Report-,field,lab_email,chennaitestinglab@gmail.com,chennaitestinglab@gmail.com,MISS,wrong_key,The system found the golden value but filed it under a different field name. The system called it 'laboratory_email'.,True
1576251555-Cow-Milk-Lab-Report-,field,lab_telefax,+91-44-2250 1757,+91-44-22501757,MISS,wrong_key,The system found the golden value but filed it under a different field name. The system called it 'laboratory_telefax'.,True
1576251555-Cow-Milk-Lab-Report-,field,client_name,"M/s. Annam Farms,",,MISS,not_extracted,The value is in the golden record but the system returned nothing for it.,True
1576251555-Cow-Milk-Lab-Report-,field,client_address,"No.1/21, A, 17th Street, Venkateswara Nagar, Ramapuram Chennai - 600 089.",,MISS,not_extracted,The value is in the golden record but the system returned nothing for it.,True
1576251555-Cow-Milk-Lab-Report-,field,sample_number,F-0447/19-20,F-0447/19-20,HIT,correct,,True
1576251555-Cow-Milk-Lab-Report-,field,sample_description_by_customer,Cow Milk,Cow Milk,HIT,correct,,True
1576251555-Cow-Milk-Lab-Report-,field,sample_quantity,500ml,500ml,HIT,correct,,True
1576251555-Cow-Milk-Lab-Report-,field,sample_collected_by,Customer,,MISS,not_extracted,The value is in the golden record but the system returned nothing for it.,True
1576251555-Cow-Milk-Lab-Report-,field,date_of_receipt,04.12.2019,04.12.2019,HIT,correct,,True
1576251555-Cow-Milk-Lab-Report-,field,sample_condition,Good & Received in Glass Bottle,Good & Received in Glass Bottle,HIT,correct,,True
1576251555-Cow-Milk-Lab-Report-,field,report_number_and_date,CTL/CH/F-0447/2019-20 & 11.12.2019,CTL/CH/F-0447/2019-20 & 11.12.2019,HIT,correct,,True
1576251555-Cow-Milk-Lab-Report-,field,ulr_no,TC613319000000695F,TC613319000000695F,HIT,correct,,True
1576251555-Cow-Milk-Lab-Report-,field,start_date_of_analysis,04.12.2019,04.12.2019,HIT,correct,,True
1576251555-Cow-Milk-Lab-Report-,field,end_date_of_analysis,10.12.2019,10.12.2019,HIT,correct,,True
1576251555-Cow-Milk-Lab-Report-,field,signatory_company,For Chennai Testing Laboratory Pvt ltd,,MISS,not_extracted,The value is in the golden record but the system returned nothing for it.,True
1576251555-Cow-Milk-Lab-Report-,field,signatory_title,Authorised Signatory,,MISS,not_extracted,The value is in the golden record but the system returned nothing for it.,True
1576251555-Cow-Milk-Lab-Report-,field,results_statement,"The above sample tested as received, and results are as follows:",,MISS,not_extracted,The value is in the golden record but the system returned nothing for it.,True
1576251555-Cow-Milk-Lab-Report-,field,abbreviation_note,Min. - Minimum;,,MISS,not_extracted,The value is in the golden record but the system returned nothing for it.,True
1576251555-Cow-Milk-Lab-Report-,field,note,*As Per FSS Regulations 2011,,MISS,not_extracted,The value is in the golden record but the system returned nothing for it.,True
1576251555-Cow-Milk-Lab-Report-,field,remarks,The sample meets the requirement of FSS Regulations 2011 with respect to the parameters tested.,The sample meets the requirement of FSS Regulations 2011 with respect to the parameters tested.,HIT,correct,,True
1576251555-Cow-Milk-Lab-Report-,field,end_of_report,***END OF REPORT***,,MISS,not_extracted,The value is in the golden record but the system returned nothing for it.,True
1576251555-Cow-Milk-Lab-Report-,field,footer,"The Report shall not be used to malign, defame and for any malicious purpose.
The Report is meant only for sole use of the addressee to promote his/her own business.",,MISS,not_extracted,The value is in the golden record but the system returned nothing for it.,True
1576251555-Cow-Milk-Lab-Report-,field,customer_name_and_address,,"M/s. Annam Farms, No.1/21, A, 17th Street, Venkateswara Nagar, Ramapuram Chennai - 600 089.",MISS,unlabelled_extra,The system returned a field the golden record has no entry for — often a correct reading the label set does not cover. Excluded from gold-covered metrics.,False
1576251555-Cow-Milk-Lab-Report-,test,tests.Cane Sugar.result,Absent,Absent,HIT,correct,,True
1576251555-Cow-Milk-Lab-Report-,test,tests.Cane Sugar.reference_range,Absent,Absent,HIT,correct,,True
1576251555-Cow-Milk-Lab-Report-,test,tests.Cellulose.result,Absent,Absent,HIT,correct,,True
1576251555-Cow-Milk-Lab-Report-,test,tests.Cellulose.reference_range,Absent,Absent,HIT,correct,,True
1576251555-Cow-Milk-Lab-Report-,test,tests.Starch.result,Absent,Absent,HIT,correct,,True
1576251555-Cow-Milk-Lab-Report-,test,tests.Starch.reference_range,Absent,Absent,HIT,correct,,True
1576251555-Cow-Milk-Lab-Report-,test,tests.Added Urea.result,Absent,Absent,HIT,correct,,True
1576251555-Cow-Milk-Lab-Report-,test,tests.Added Urea.reference_range,Absent,Absent,HIT,correct,,True
1576251555-Cow-Milk-Lab-Report-,test,tests.Ammonium Sulphate.result,Absent,Absent,HIT,correct,,True
1576251555-Cow-Milk-Lab-Report-,test,tests.Ammonium Sulphate.reference_range,Absent,Absent,HIT,correct,,True
1576251555-Cow-Milk-Lab-Report-,test,tests.Glucose.result,Absent,Absent,HIT,correct,,True
1576251555-Cow-Milk-Lab-Report-,test,tests.Glucose.reference_range,Absent,Absent,HIT,correct,,True
1576251555-Cow-Milk-Lab-Report-,test,tests.Sodium Chloride.result,Absent,Absent,HIT,correct,,True
1576251555-Cow-Milk-Lab-Report-,test,tests.Sodium Chloride.reference_range,Absent,Absent,HIT,correct,,True
1576251555-Cow-Milk-Lab-Report-,test,tests.Saccharin.result,Absent,Absent,HIT,correct,,True
1576251555-Cow-Milk-Lab-Report-,test,tests.Saccharin.reference_range,Absent,Absent,HIT,correct,,True
1576251555-Cow-Milk-Lab-Report-,test,tests.Dulcin.result,Absent,Absent,HIT,correct,,True
1576251555-Cow-Milk-Lab-Report-,test,tests.Dulcin.reference_range,Absent,Absent,HIT,correct,,True
1576251555-Cow-Milk-Lab-Report-,test,tests.Foreign Fat.result,Absent,Absent,HIT,correct,,True
1576251555-Cow-Milk-Lab-Report-,test,tests.Foreign Fat.reference_range,Absent,Absent,HIT,correct,,True
1576251555-Cow-Milk-Lab-Report-,test,tests.Sucrose.result,Absent,Absent,HIT,correct,,True
1576251555-Cow-Milk-Lab-Report-,test,tests.Sucrose.reference_range,Absent,Absent,HIT,correct,,True
1576251555-Cow-Milk-Lab-Report-,test,tests.Skimmed Milk Powder.result,Absent,Absent,HIT,correct,,True
1576251555-Cow-Milk-Lab-Report-,test,tests.Skimmed Milk Powder.reference_range,Absent,Absent,HIT,correct,,True
1576251555-Cow-Milk-Lab-Report-,test,tests.Milk Solids Not Fat.result,9.3,9.3,HIT,correct,,True
1576251555-Cow-Milk-Lab-Report-,test,tests.Milk Solids Not Fat.unit,%,%,HIT,correct,,True
1576251555-Cow-Milk-Lab-Report-,test,tests.Milk Solids Not Fat.reference_range,Min.8.3,Min.8.3,HIT,correct,,True
1576251555-Cow-Milk-Lab-Report-,test,tests.Milk Fat.result,5.6,5.6,HIT,correct,,True
1576251555-Cow-Milk-Lab-Report-,test,tests.Milk Fat.unit,%,%,HIT,correct,,True
1576251555-Cow-Milk-Lab-Report-,test,tests.Milk Fat.reference_range,Min.3.2,Min.3.2,HIT,correct,,True
1576251555-Cow-Milk-Lab-Report-,test,tests.Salmonella.result,Absent,Absent,HIT,correct,,True
1576251555-Cow-Milk-Lab-Report-,test,tests.Salmonella.unit,Per 25ml,Per 25ml,HIT,correct,,True
1576251555-Cow-Milk-Lab-Report-,test,tests.Salmonella.reference_range,Absent,Absent,HIT,correct,,True
1576251555-Cow-Milk-Lab-Report-,test,tests.Listeria monocytogens.result,Absent,Absent,HIT,correct,,True
1576251555-Cow-Milk-Lab-Report-,test,tests.Listeria monocytogens.unit,Per 25ml,Per 25ml,HIT,correct,,True
1576251555-Cow-Milk-Lab-Report-,test,tests.Listeria monocytogens.reference_range,Absent,Absent,HIT,correct,,True
1576251555-Cow-Milk-Lab-Report-,test,tests.Coliform count.result,< 1,< 1,HIT,correct,,True
1576251555-Cow-Milk-Lab-Report-,test,tests.Coliform count.unit,CFU/ml,CFU/ml,HIT,correct,,True
1576251555-Cow-Milk-Lab-Report-,test,tests.Coliform count.reference_range,< 10,< 10,HIT,correct,,True
1576251555-Cow-Milk-Lab-Report-,test,tests.Aerobic Spore Count (Bacillus spp ).result,< 1,< 1,HIT,correct,,True
1576251555-Cow-Milk-Lab-Report-,test,tests.Aerobic Spore Count (Bacillus spp ).unit,CFU/ml,CFU/ml,HIT,correct,,True
1576251555-Cow-Milk-Lab-Report-,test,tests.Anaerobic Spore Count (Clostridium spp).result,< 1,< 1,HIT,correct,,True
1576251555-Cow-Milk-Lab-Report-,test,tests.Anaerobic Spore Count (Clostridium spp).unit,CFU/ml,CFU/ml,HIT,correct,,True
1580901867-Cow-milk-sample-report,field,document_title,TEST REPORT,,MISS,not_extracted,The value is in the golden record but the system returned nothing for it.,True
1580901867-Cow-milk-sample-report,field,lab_name,CHENNAI TESTING LABORATORY PRIVATE LIMITED,,MISS,not_extracted,The value is in the golden record but the system returned nothing for it.,True
1580901867-Cow-milk-sample-report,field,lab_tagline,Testing redefined,,MISS,not_extracted,The value is in the golden record but the system returned nothing for it.,True
1580901867-Cow-milk-sample-report,field,cin,U74999TN2008PTC067568,U74999TN2008PTC067568,HIT,correct,,True
1580901867-Cow-milk-sample-report,field,lab_website,www.ctllabs.in,,MISS,not_extracted,The value is in the golden record but the system returned nothing for it.,True
1580901867-Cow-milk-sample-report,field,lab_website_2,www.foodenvironmenttesting.com,,MISS,not_extracted,The value is in the golden record but the system returned nothing for it.,True
1580901867-Cow-milk-sample-report,field,lab_address,"A - Super 19 | T.V.K. Industrial Estate | Guindy, Chennai - 600 032 | Tamil Nadu | India",A-Super 19|T.V.K.Industrial Estate| Guindy Chennai-600032|TamilNadu|India,HIT,correct,,True
1580901867-Cow-milk-sample-report,field,lab_email,chennaitestinglab@gmail.com,chennaitestinglab@gmail.com,MISS,wrong_key,The system found the golden value but filed it under a different field name. The system called it 'laboratory_email'.,True
1580901867-Cow-milk-sample-report,field,lab_telefax,+91-44-2250 1757,+91-44-22501757,MISS,wrong_key,The system found the golden value but filed it under a different field name. The system called it 'laboratory_telefax'.,True
1580901867-Cow-milk-sample-report,field,client_name,"M/s. Annam Milk,",,MISS,not_extracted,The value is in the golden record but the system returned nothing for it.,True
1580901867-Cow-milk-sample-report,field,client_address,"No.12, Lakshmi Nagar 3rd Street, Porur, Chennai - 600 116.",,MISS,not_extracted,The value is in the golden record but the system returned nothing for it.,True
1580901867-Cow-milk-sample-report,field,sample_number,N-26582/19-20,N-26582/19-20,HIT,correct,,True
1580901867-Cow-milk-sample-report,field,sample_description_by_customer,Cow Milk,Cow Milk,MISS,wrong_key,The system found the golden value but filed it under a different field name. The system called it 'sample_description'.,True
1580901867-Cow-milk-sample-report,field,sample_quantity,1 Litre,1 Litre,HIT,correct,,True
1580901867-Cow-milk-sample-report,field,sample_collected_by,Customer,Customer,HIT,correct,,True
1580901867-Cow-milk-sample-report,field,date_of_receipt,28.01.2020,2020-01-28,HIT,correct,,True
1580901867-Cow-milk-sample-report,field,sample_condition,Good & Received in Plastic Container,Good & Received in Plastic Container,HIT,correct,,True
1580901867-Cow-milk-sample-report,field,report_number_and_date,CTL/CH/N-26582/2019-20 & 04.02.2020,CTL/CH/N-26582/2019-20 & 04.02.2020,HIT,correct,,True
1580901867-Cow-milk-sample-report,field,start_date_of_analysis,29.01.2020,2020-01-29,HIT,correct,,True
1580901867-Cow-milk-sample-report,field,end_date_of_analysis,03.02.2020,03.02.2020,HIT,correct,,True
1580901867-Cow-milk-sample-report,field,signatory_company,For Chennai Testing Laboratory Pvt ltd,,MISS,not_extracted,The value is in the golden record but the system returned nothing for it.,True
1580901867-Cow-milk-sample-report,field,signatory_title,Authorised Signatory,,MISS,not_extracted,The value is in the golden record but the system returned nothing for it.,True
1580901867-Cow-milk-sample-report,field,results_statement,"The above sample tested as received, and results are as follows:",,MISS,not_extracted,The value is in the golden record but the system returned nothing for it.,True
1580901867-Cow-milk-sample-report,field,note,*As Per FSS Regulations 2011,,MISS,not_extracted,The value is in the golden record but the system returned nothing for it.,True
1580901867-Cow-milk-sample-report,field,remarks,The sample meets the requirement of FSS Regulations 2011 with respect to the parameters tested.,The sample meets the requirement of FSS Regulations 2011 with respect to the parameters tested.,HIT,correct,,True
1580901867-Cow-milk-sample-report,field,end_of_report,***END OF REPORT***,,MISS,not_extracted,The value is in the golden record but the system returned nothing for it.,True
1580901867-Cow-milk-sample-report,field,footer,"The Report shall not be used to malign, defame and for any malicious purpose.
The Report is meant only for sole use of the addressee to promote his/her own business.",,MISS,not_extracted,The value is in the golden record but the system returned nothing for it.,True
1580901867-Cow-milk-sample-report,field,customer_name_and_address,,"M/s. Annam Milk, No.12, Lakshmi Nagar 3rd Street, Porur, Chennai - 600 116.",MISS,unlabelled_extra,The system returned a field the golden record has no entry for — often a correct reading the label set does not cover. Excluded from gold-covered metrics.,False
1580901867-Cow-milk-sample-report,test,tests.Cane Sugar.result,Absent,Absent,HIT,correct,,True
1580901867-Cow-milk-sample-report,test,tests.Cane Sugar.reference_range,Absent,Absent,HIT,correct,,True
1580901867-Cow-milk-sample-report,test,tests.Cellulose.result,Absent,Absent,HIT,correct,,True
1580901867-Cow-milk-sample-report,test,tests.Cellulose.reference_range,Absent,Absent,HIT,correct,,True
1580901867-Cow-milk-sample-report,test,tests.Starch.result,Absent,Absent,HIT,correct,,True
1580901867-Cow-milk-sample-report,test,tests.Starch.reference_range,Absent,Absent,HIT,correct,,True
1580901867-Cow-milk-sample-report,test,tests.Added Urea.result,Absent,Absent,HIT,correct,,True
1580901867-Cow-milk-sample-report,test,tests.Added Urea.reference_range,Absent,Absent,HIT,correct,,True
1580901867-Cow-milk-sample-report,test,tests.Ammonium Sulphate.result,Absent,Absent,HIT,correct,,True
1580901867-Cow-milk-sample-report,test,tests.Ammonium Sulphate.reference_range,Absent,Absent,HIT,correct,,True
1580901867-Cow-milk-sample-report,test,tests.Glucose.result,Absent,Absent,HIT,correct,,True
1580901867-Cow-milk-sample-report,test,tests.Glucose.reference_range,Absent,Absent,HIT,correct,,True
1580901867-Cow-milk-sample-report,test,tests.Sodium Chloride.result,Absent,Absent,HIT,correct,,True
1580901867-Cow-milk-sample-report,test,tests.Sodium Chloride.reference_range,Absent,Absent,HIT,correct,,True
1580901867-Cow-milk-sample-report,test,tests.Saccharin.result,Absent,Absent,HIT,correct,,True
1580901867-Cow-milk-sample-report,test,tests.Saccharin.reference_range,Absent,Absent,HIT,correct,,True
1580901867-Cow-milk-sample-report,test,tests.Dulcin.result,Absent,Absent,HIT,correct,,True
1580901867-Cow-milk-sample-report,test,tests.Dulcin.reference_range,Absent,Absent,HIT,correct,,True
1580901867-Cow-milk-sample-report,test,tests.Foreign Fat.result,Absent,Absent,HIT,correct,,True
1580901867-Cow-milk-sample-report,test,tests.Foreign Fat.reference_range,Absent,Absent,HIT,correct,,True
1580901867-Cow-milk-sample-report,test,tests.Sucrose.result,Absent,Absent,HIT,correct,,True
1580901867-Cow-milk-sample-report,test,tests.Sucrose.reference_range,Absent,Absent,HIT,correct,,True
1580901867-Cow-milk-sample-report,test,tests.Skimmed Milk Powder.result,Absent,Absent,HIT,correct,,True
1580901867-Cow-milk-sample-report,test,tests.Skimmed Milk Powder.reference_range,Absent,Absent,HIT,correct,,True
1580901867-Cow-milk-sample-report,test,tests.Hydrogen Peroxide.result,Absent,Absent,HIT,correct,,True
1580901867-Cow-milk-sample-report,test,tests.Hydrogen Peroxide.reference_range,Absent,Absent,HIT,correct,,True
1601353705-Cow-Milk-Lab-Report-Sep-2020,field,document_title,TEST REPORT,,MISS,not_extracted,The value is in the golden record but the system returned nothing for it.,True
1601353705-Cow-Milk-Lab-Report-Sep-2020,field,lab_name,CHENNAI TESTING LABORATORY PRIVATE LIMITED,,MISS,not_extracted,The value is in the golden record but the system returned nothing for it.,True
1601353705-Cow-Milk-Lab-Report-Sep-2020,field,lab_tagline,Testing redefined,,MISS,not_extracted,The value is in the golden record but the system returned nothing for it.,True
1601353705-Cow-Milk-Lab-Report-Sep-2020,field,cin,U74999TN2008PTC067568,U74999TN2008PTC067568,HIT,correct,,True
1601353705-Cow-Milk-Lab-Report-Sep-2020,field,lab_website,www.ctllabs.in,,MISS,not_extracted,The value is in the golden record but the system returned nothing for it.,True
1601353705-Cow-Milk-Lab-Report-Sep-2020,field,lab_website_2,www.foodenvironmenttesting.com,,MISS,not_extracted,The value is in the golden record but the system returned nothing for it.,True
1601353705-Cow-Milk-Lab-Report-Sep-2020,field,lab_address,"A - Super 19 | T.V.K. Industrial Estate | Guindy, Chennai - 600 032 | Tamil Nadu | India",,MISS,not_extracted,The value is in the golden record but the system returned nothing for it.,True
1601353705-Cow-Milk-Lab-Report-Sep-2020,field,lab_email,chennaitestinglab@gmail.com,,MISS,not_extracted,The value is in the golden record but the system returned nothing for it.,True
1601353705-Cow-Milk-Lab-Report-Sep-2020,field,lab_telefax,+91-44-2250 1757,+91-44-2250 1757,MISS,wrong_key,The system found the golden value but filed it under a different field name. The system called it 'telefax'.,True
1601353705-Cow-Milk-Lab-Report-Sep-2020,field,client_name,M/s. ANNAM FARMS,,MISS,not_extracted,The value is in the golden record but the system returned nothing for it.,True
1601353705-Cow-Milk-Lab-Report-Sep-2020,field,client_address,"No. 28, Shri Raja Rajeshwari Nagar, Bajanai Kovil Street, Madananthapuram, Porur, Kancheepuram - 600 116.",,MISS,not_extracted,The value is in the golden record but the system returned nothing for it.,True
1601353705-Cow-Milk-Lab-Report-Sep-2020,field,sample_number,N-5430/20-21,N-5430/20-21,HIT,correct,,True
1601353705-Cow-Milk-Lab-Report-Sep-2020,field,sample_description_by_customer,Raw Milk,Raw Milk,MISS,wrong_key,The system found the golden value but filed it under a different field name. The system called it 'sample_description'.,True
1601353705-Cow-Milk-Lab-Report-Sep-2020,field,sample_quantity,500 ml,500 ml,HIT,correct,,True
1601353705-Cow-Milk-Lab-Report-Sep-2020,field,sample_collected_by,Customer,Customer,HIT,correct,,True
1601353705-Cow-Milk-Lab-Report-Sep-2020,field,date_of_receipt,08.09.2020,08.09.2020,HIT,correct,,True
1601353705-Cow-Milk-Lab-Report-Sep-2020,field,sample_condition,Good & Received in Glass Container,Good & Received in Glass Container,HIT,correct,,True
1601353705-Cow-Milk-Lab-Report-Sep-2020,field,report_number_and_date,CTL/CH/N-5430/2020-21 & 12.09.2020,CTL/CH/N-5430/2020-21 & 12.09.2020,HIT,correct,,True
1601353705-Cow-Milk-Lab-Report-Sep-2020,field,start_date_of_analysis,08.09.2020,08.09.2020,HIT,correct,,True
1601353705-Cow-Milk-Lab-Report-Sep-2020,field,end_date_of_analysis,11.09.2020,11.09.2020,HIT,correct,,True
1601353705-Cow-Milk-Lab-Report-Sep-2020,field,signatory_company,For Chennai Testing Laboratory Pvt ltd,,MISS,not_extracted,The value is in the golden record but the system returned nothing for it.,True
1601353705-Cow-Milk-Lab-Report-Sep-2020,field,signatory_title,Authorised Signatory,,MISS,not_extracted,The value is in the golden record but the system returned nothing for it.,True
1601353705-Cow-Milk-Lab-Report-Sep-2020,field,results_statement,"The above sample tested as received, and results are as follows:",,MISS,not_extracted,The value is in the golden record but the system returned nothing for it.,True
1601353705-Cow-Milk-Lab-Report-Sep-2020,field,note,* As per FSS Regulations 2011 (Milk),,MISS,not_extracted,The value is in the golden record but the system returned nothing for it.,True
1601353705-Cow-Milk-Lab-Report-Sep-2020,field,remarks,The Sample meets the requirement of FSS Regulations 2011 with respect to the parameters tested.,The Sample meets the requirement of FSS Regulations 2011 with respect to the parameters tested.,HIT,correct,,True
1601353705-Cow-Milk-Lab-Report-Sep-2020,field,end_of_report,***END OF REPORT***,,MISS,not_extracted,The value is in the golden record but the system returned nothing for it.,True
1601353705-Cow-Milk-Lab-Report-Sep-2020,field,footer,"The Report shall not be used to malign, defame and for any malicious purpose.
The Report is meant only for sole use of the addressee to promote his/her own business.",,MISS,not_extracted,The value is in the golden record but the system returned nothing for it.,True
1601353705-Cow-Milk-Lab-Report-Sep-2020,field,customer_name_and_address,,"M/S Mr.Prem.Y, ANNAM ANNAM FARMS, FARMS F3, No. 28, Golden Shri Raja Flat, Rajeshwari Thulasidas Nagar, Nagar, Bajanai Kovil Kumananchavadi, Street, Madananthapuram, Chennai Porur, - 600 Kancheepuram 056. - 600 116.",MISS,unlabelled_extra,The system returned a field the golden record has no entry for — often a correct reading the label set does not cover. Excluded from gold-covered metrics.,False
1601353705-Cow-Milk-Lab-Report-Sep-2020,field,e_mail,,chennaitestinglab@gmail.com,MISS,unlabelled_extra,The system returned a field the golden record has no entry for — often a correct reading the label set does not cover. Excluded from gold-covered metrics.,False
1601353705-Cow-Milk-Lab-Report-Sep-2020,field,organisation.email,,chennaitestinglab@gmail.com,MISS,unlabelled_extra,The system returned a field the golden record has no entry for — often a correct reading the label set does not cover. Excluded from gold-covered metrics.,False
1601353705-Cow-Milk-Lab-Report-Sep-2020,test,tests.Cane Sugar.result,Absent,Absent,HIT,correct,,True
1601353705-Cow-Milk-Lab-Report-Sep-2020,test,tests.Cane Sugar.reference_range,Shall be Absent,Shall be Absent,HIT,correct,,True
1601353705-Cow-Milk-Lab-Report-Sep-2020,test,tests.Cellulose.result,Absent,Absent,HIT,correct,,True
1601353705-Cow-Milk-Lab-Report-Sep-2020,test,tests.Cellulose.reference_range,Shall be Absent,Shall be Absent,HIT,correct,,True
1601353705-Cow-Milk-Lab-Report-Sep-2020,test,tests.Starch.result,Absent,Absent,HIT,correct,,True
1601353705-Cow-Milk-Lab-Report-Sep-2020,test,tests.Starch.reference_range,Shall be Absent,Shall be Absent,HIT,correct,,True
1601353705-Cow-Milk-Lab-Report-Sep-2020,test,tests.Added Urea.result,Absent,Absent,HIT,correct,,True
1601353705-Cow-Milk-Lab-Report-Sep-2020,test,tests.Added Urea.reference_range,Shall be Absent,Shall be Absent,HIT,correct,,True
1601353705-Cow-Milk-Lab-Report-Sep-2020,test,tests.Ammonium Sulphate.result,Absent,Absent,HIT,correct,,True
1601353705-Cow-Milk-Lab-Report-Sep-2020,test,tests.Ammonium Sulphate.reference_range,Shall be Absent,Shall be Absent,HIT,correct,,True
1601353705-Cow-Milk-Lab-Report-Sep-2020,test,tests.Glucose.result,Absent,,MISS,test_not_extracted,The whole results row is in the golden record but was not returned.,True
1601353705-Cow-Milk-Lab-Report-Sep-2020,test,tests.Glucose.reference_range,Shall be Absent,,MISS,test_not_extracted,The whole results row is in the golden record but was not returned.,True
1601353705-Cow-Milk-Lab-Report-Sep-2020,test,tests.Sodium Chloride.result,Absent,Absent,HIT,correct,,True
1601353705-Cow-Milk-Lab-Report-Sep-2020,test,tests.Sodium Chloride.reference_range,Shall be Absent,Shall be Absent,HIT,correct,,True
1601353705-Cow-Milk-Lab-Report-Sep-2020,test,tests.Saccharin.result,Absent,Absent,HIT,correct,,True
1601353705-Cow-Milk-Lab-Report-Sep-2020,test,tests.Saccharin.reference_range,Shall be Absent,Shall be Absent,HIT,correct,,True
1601353705-Cow-Milk-Lab-Report-Sep-2020,test,tests.Dulcin.result,Absent,Absent,HIT,correct,,True
1601353705-Cow-Milk-Lab-Report-Sep-2020,test,tests.Dulcin.reference_range,Shall be Absent,Shall be Absent,HIT,correct,,True
1601353705-Cow-Milk-Lab-Report-Sep-2020,test,tests.Foreign Fat.result,Absent,Absent,HIT,correct,,True
1601353705-Cow-Milk-Lab-Report-Sep-2020,test,tests.Foreign Fat.reference_range,Shall be Absent,Shall be Absent,HIT,correct,,True
1601353705-Cow-Milk-Lab-Report-Sep-2020,test,tests.Hypochlorites and Chloramines.result,Absent,Absent,HIT,correct,,True
1601353705-Cow-Milk-Lab-Report-Sep-2020,test,tests.Hypochlorites and Chloramines.reference_range,Shall be Absent,Shall be Absent,HIT,correct,,True
1601353705-Cow-Milk-Lab-Report-Sep-2020,test,tests.Quarternary Ammonium Compounds.result,Absent,,MISS,test_not_extracted,The whole results row is in the golden record but was not returned.,True
1601353705-Cow-Milk-Lab-Report-Sep-2020,test,tests.Quarternary Ammonium Compounds.reference_range,Shall be Absent,,MISS,test_not_extracted,The whole results row is in the golden record but was not returned.,True
1601353705-Cow-Milk-Lab-Report-Sep-2020,test,tests.Detergents Containing Alkyl Benzene Sulfonic acid.result,Absent,,MISS,test_not_extracted,The whole results row is in the golden record but was not returned.,True
1601353705-Cow-Milk-Lab-Report-Sep-2020,test,tests.Detergents Containing Alkyl Benzene Sulfonic acid.reference_range,Shall be Absent,,MISS,test_not_extracted,The whole results row is in the golden record but was not returned.,True
1601353705-Cow-Milk-Lab-Report-Sep-2020,test,tests.Gelatin.result,Absent,Absent,HIT,correct,,True
1601353705-Cow-Milk-Lab-Report-Sep-2020,test,tests.Gelatin.reference_range,Shall be Absent,Shall be Absent,HIT,correct,,True
1601353705-Cow-Milk-Lab-Report-Sep-2020,test,tests.Formalin.result,Absent,Absent,HIT,correct,,True
1601353705-Cow-Milk-Lab-Report-Sep-2020,test,tests.Formalin.reference_range,Shall be Absent,Shall be Absent,HIT,correct,,True
1601353705-Cow-Milk-Lab-Report-Sep-2020,test,tests.Hydrogen Peroxide.result,Absent,Absent,HIT,correct,,True
1601353705-Cow-Milk-Lab-Report-Sep-2020,test,tests.Hydrogen Peroxide.reference_range,Shall be Absent,Shall be Absent,HIT,correct,,True
1601353705-Cow-Milk-Lab-Report-Sep-2020,test,tests.Boric acid and Borates.result,Absent,,MISS,test_not_extracted,The whole results row is in the golden record but was not returned.,True
1601353705-Cow-Milk-Lab-Report-Sep-2020,test,tests.Boric acid and Borates.reference_range,Shall be Absent,,MISS,test_not_extracted,The whole results row is in the golden record but was not returned.,True
1601353705-Cow-Milk-Lab-Report-Sep-2020,test,tests.Salicylic acid.result,Absent,Absent,HIT,correct,,True
1601353705-Cow-Milk-Lab-Report-Sep-2020,test,tests.Salicylic acid.reference_range,Shall be Absent,Shall be Absent,HIT,correct,,True
1601353705-Cow-Milk-Lab-Report-Sep-2020,test,tests.Glucose (Milk & Milk Products),,Absent,MISS,test_extra_row,The system returned a results row with no counterpart in the golden record — usually a duplicate under a variant name. Excluded from gold-covered metrics.,False
1601353705-Cow-Milk-Lab-Report-Sep-2020,test,tests.Quarternary Ammonium,,Absent,MISS,test_extra_row,The system returned a results row with no counterpart in the golden record — usually a duplicate under a variant name. Excluded from gold-covered metrics.,False
1601353705-Cow-Milk-Lab-Report-Sep-2020,test,tests.Compounds FSSAI Manual - 2016,,Absent,MISS,test_extra_row,The system returned a results row with no counterpart in the golden record — usually a duplicate under a variant name. Excluded from gold-covered metrics.,False
1601353705-Cow-Milk-Lab-Report-Sep-2020,test,tests.Boric acid and Borates (Milk & Milk Products),,Absent,MISS,test_extra_row,The system returned a results row with no counterpart in the golden record — usually a duplicate under a variant name. Excluded from gold-covered metrics.,False
1601699294-Cow-Milk-Lab-Report-,field,document_title,TEST REPORT,,MISS,not_extracted,The value is in the golden record but the system returned nothing for it.,True
1601699294-Cow-Milk-Lab-Report-,field,lab_name,CHENNAI TESTING LABORATORY PRIVATE LIMITED,,MISS,not_extracted,The value is in the golden record but the system returned nothing for it.,True
1601699294-Cow-Milk-Lab-Report-,field,lab_tagline,Testing redefined,,MISS,not_extracted,The value is in the golden record but the system returned nothing for it.,True
1601699294-Cow-Milk-Lab-Report-,field,cin,U74999TN2008PTC067568,U74999TN2008PTC067568,HIT,correct,,True
1601699294-Cow-Milk-Lab-Report-,field,lab_website,www.ctllabs.in,www.ctllabs.in,MISS,wrong_key,The system found the golden value but filed it under a different field name. The system called it 'website_1'.,True
1601699294-Cow-Milk-Lab-Report-,field,lab_website_2,www.foodenvironmenttesting.com,www.foodenvironmenttesting.com,MISS,wrong_key,The system found the golden value but filed it under a different field name. The system called it 'website_2'.,True
1601699294-Cow-Milk-Lab-Report-,field,lab_address,"A - Super 19 | T.V.K. Industrial Estate | Guindy, Chennai - 600 032 | Tamil Nadu | India",,MISS,not_extracted,The value is in the golden record but the system returned nothing for it.,True
1601699294-Cow-Milk-Lab-Report-,field,lab_email,chennaitestinglab@gmail.com,chennaitestinglab@gmail.com,MISS,wrong_key,The system found the golden value but filed it under a different field name. The system called it 'footer_email'.,True
1601699294-Cow-Milk-Lab-Report-,field,lab_telefax,+91-44-2250 1757,+91-44-2250 1757,MISS,wrong_key,The system found the golden value but filed it under a different field name. The system called it 'footer_telefax'.,True
1601699294-Cow-Milk-Lab-Report-,field,client_name,M/s. ANNAM FARMS,,MISS,not_extracted,The value is in the golden record but the system returned nothing for it.,True
1601699294-Cow-Milk-Lab-Report-,field,client_address,"No.1/21, A, 17th Street, Venkateswara Nagar, Ramapuram, Chennai - 600 089.",,MISS,not_extracted,The value is in the golden record but the system returned nothing for it.,True
1601699294-Cow-Milk-Lab-Report-,field,sample_number,N-5430/20-21,N-5430/20-21,HIT,correct,,True
1601699294-Cow-Milk-Lab-Report-,field,sample_description_by_customer,Raw Milk,Raw Milk,MISS,wrong_key,The system found the golden value but filed it under a different field name. The system called it 'sample_description'.,True
1601699294-Cow-Milk-Lab-Report-,field,sample_quantity,500 ml,500 ml,HIT,correct,,True
1601699294-Cow-Milk-Lab-Report-,field,sample_collected_by,Customer,Customer,HIT,correct,,True
1601699294-Cow-Milk-Lab-Report-,field,date_of_receipt,08.09.2020,08.09.2020,HIT,correct,,True
1601699294-Cow-Milk-Lab-Report-,field,sample_condition,Good & Received in Glass Container,Good & Received in Glass Container,HIT,correct,,True
1601699294-Cow-Milk-Lab-Report-,field,report_number_and_date,CTL/CH/N-5430/2020-21 & 12.09.2020,CTL/CH/N-5430/2020-21 & 12.09.2020,HIT,correct,,True
1601699294-Cow-Milk-Lab-Report-,field,start_date_of_analysis,08.09.2020,08.09.2020,HIT,correct,,True
1601699294-Cow-Milk-Lab-Report-,field,end_date_of_analysis,11.09.2020,11.09.2020,HIT,correct,,True
1601699294-Cow-Milk-Lab-Report-,field,signatory_company,For Chennai Testing Laboratory Pvt ltd,,MISS,not_extracted,The value is in the golden record but the system returned nothing for it.,True
1601699294-Cow-Milk-Lab-Report-,field,signatory_title,Authorised Signatory,,MISS,not_extracted,The value is in the golden record but the system returned nothing for it.,True
1601699294-Cow-Milk-Lab-Report-,field,results_statement,"The above sample tested as received, and results are as follows:",,MISS,not_extracted,The value is in the golden record but the system returned nothing for it.,True
1601699294-Cow-Milk-Lab-Report-,field,note,* As per FSS Regulations 2011 (Milk),,MISS,not_extracted,The value is in the golden record but the system returned nothing for it.,True
1601699294-Cow-Milk-Lab-Report-,field,remarks,The Sample meets the requirement of FSS Regulations 2011 with respect to the parameters tested.,The Sample meets the requirement of FSS Regulations 2011 with respect to the parameters tested.,HIT,correct,,True
1601699294-Cow-Milk-Lab-Report-,field,end_of_report,***END OF REPORT***,,MISS,not_extracted,The value is in the golden record but the system returned nothing for it.,True
1601699294-Cow-Milk-Lab-Report-,field,footer,"The Report shall not be used to malign, defame and for any malicious purpose.
The Report is meant only for sole use of the addressee to promote his/her own business.",,MISS,not_extracted,The value is in the golden record but the system returned nothing for it.,True
1601699294-Cow-Milk-Lab-Report-,field,company_name_header,,Chennai Testing Laboratory Pvt ltd,MISS,unlabelled_extra,The system returned a field the golden record has no entry for — often a correct reading the label set does not cover. Excluded from gold-covered metrics.,False
1601699294-Cow-Milk-Lab-Report-,field,footer_address,,A-Super 19|T.V.K.Industrial Estate|Guindy Chennai-600.032|TamilNadu|India,MISS,unlabelled_extra,The system returned a field the golden record has no entry for — often a correct reading the label set does not cover. Excluded from gold-covered metrics.,False
1601699294-Cow-Milk-Lab-Report-,test,tests.Cane Sugar.result,Absent,Absent,HIT,correct,,True
1601699294-Cow-Milk-Lab-Report-,test,tests.Cane Sugar.reference_range,Shall be Absent,Shall be Absent,HIT,correct,,True
1601699294-Cow-Milk-Lab-Report-,test,tests.Cellulose.result,Absent,Absent,HIT,correct,,True
1601699294-Cow-Milk-Lab-Report-,test,tests.Cellulose.reference_range,Shall be Absent,Shall be Absent,HIT,correct,,True
1601699294-Cow-Milk-Lab-Report-,test,tests.Starch.result,Absent,Absent,HIT,correct,,True
1601699294-Cow-Milk-Lab-Report-,test,tests.Starch.reference_range,Shall be Absent,Shall be Absent,HIT,correct,,True
1601699294-Cow-Milk-Lab-Report-,test,tests.Added Urea.result,Absent,Absent,HIT,correct,,True
1601699294-Cow-Milk-Lab-Report-,test,tests.Added Urea.reference_range,Shall be Absent,Shall be Absent,HIT,correct,,True
1601699294-Cow-Milk-Lab-Report-,test,tests.Ammonium Sulphate.result,Absent,Absent,HIT,correct,,True
1601699294-Cow-Milk-Lab-Report-,test,tests.Ammonium Sulphate.reference_range,Shall be Absent,Shall be Absent,HIT,correct,,True
1601699294-Cow-Milk-Lab-Report-,test,tests.Glucose.result,Absent,,MISS,test_not_extracted,The whole results row is in the golden record but was not returned.,True
1601699294-Cow-Milk-Lab-Report-,test,tests.Glucose.reference_range,Shall be Absent,,MISS,test_not_extracted,The whole results row is in the golden record but was not returned.,True
1601699294-Cow-Milk-Lab-Report-,test,tests.Sodium Chloride.result,Absent,Absent,HIT,correct,,True
1601699294-Cow-Milk-Lab-Report-,test,tests.Sodium Chloride.reference_range,Shall be Absent,Shall be Absent,HIT,correct,,True
1601699294-Cow-Milk-Lab-Report-,test,tests.Saccharin.result,Absent,Absent,HIT,correct,,True
1601699294-Cow-Milk-Lab-Report-,test,tests.Saccharin.reference_range,Shall be Absent,Shall be Absent,HIT,correct,,True
1601699294-Cow-Milk-Lab-Report-,test,tests.Dulcin.result,Absent,Absent,HIT,correct,,True
1601699294-Cow-Milk-Lab-Report-,test,tests.Dulcin.reference_range,Shall be Absent,Shall be Absent,HIT,correct,,True
1601699294-Cow-Milk-Lab-Report-,test,tests.Foreign Fat.result,Absent,Absent,HIT,correct,,True
1601699294-Cow-Milk-Lab-Report-,test,tests.Foreign Fat.reference_range,Shall be Absent,Shall be Absent,HIT,correct,,True
1601699294-Cow-Milk-Lab-Report-,test,tests.Hypochlorites and Chloramines.result,Absent,Absent,HIT,correct,,True
1601699294-Cow-Milk-Lab-Report-,test,tests.Hypochlorites and Chloramines.reference_range,Shall be Absent,Shall be Absent,HIT,correct,,True
1601699294-Cow-Milk-Lab-Report-,test,tests.Quarternary Ammonium Compounds.result,Absent,Absent,HIT,correct,,True
1601699294-Cow-Milk-Lab-Report-,test,tests.Quarternary Ammonium Compounds.reference_range,Shall be Absent,Shall be Absent,HIT,correct,,True
1601699294-Cow-Milk-Lab-Report-,test,tests.Detergents Containing Alkyl Benzene Sulfonic acid.result,Absent,,MISS,test_not_extracted,The whole results row is in the golden record but was not returned.,True
1601699294-Cow-Milk-Lab-Report-,test,tests.Detergents Containing Alkyl Benzene Sulfonic acid.reference_range,Shall be Absent,,MISS,test_not_extracted,The whole results row is in the golden record but was not returned.,True
1601699294-Cow-Milk-Lab-Report-,test,tests.Gelatin.result,Absent,Absent,HIT,correct,,True
1601699294-Cow-Milk-Lab-Report-,test,tests.Gelatin.reference_range,Shall be Absent,Shall be Absent,HIT,correct,,True
1601699294-Cow-Milk-Lab-Report-,test,tests.Formalin.result,Absent,Absent,HIT,correct,,True
1601699294-Cow-Milk-Lab-Report-,test,tests.Formalin.reference_range,Shall be Absent,Shall be Absent,HIT,correct,,True
1601699294-Cow-Milk-Lab-Report-,test,tests.Hydrogen Peroxide.result,Absent,Absent,HIT,correct,,True
1601699294-Cow-Milk-Lab-Report-,test,tests.Hydrogen Peroxide.reference_range,Shall be Absent,Shall be Absent,HIT,correct,,True
1601699294-Cow-Milk-Lab-Report-,test,tests.Boric acid and Borates.result,Absent,,MISS,test_not_extracted,The whole results row is in the golden record but was not returned.,True
1601699294-Cow-Milk-Lab-Report-,test,tests.Boric acid and Borates.reference_range,Shall be Absent,,MISS,test_not_extracted,The whole results row is in the golden record but was not returned.,True
1601699294-Cow-Milk-Lab-Report-,test,tests.Salicylic acid.result,Absent,Absent,HIT,correct,,True
1601699294-Cow-Milk-Lab-Report-,test,tests.Salicylic acid.reference_range,Shall be Absent,Shall be Absent,HIT,correct,,True
1601699294-Cow-Milk-Lab-Report-,test,tests.Glucose (Milk & Milk Products),,Absent,MISS,test_extra_row,The system returned a results row with no counterpart in the golden record — usually a duplicate under a variant name. Excluded from gold-covered metrics.,False
1601699294-Cow-Milk-Lab-Report-,test,tests.Detergents Containing Alkyl Benzene Sulfonic acid (Milk & Milk Products),,Absent,MISS,test_extra_row,The system returned a results row with no counterpart in the golden record — usually a duplicate under a variant name. Excluded from gold-covered metrics.,False
1601699294-Cow-Milk-Lab-Report-,test,tests.Boric acid and Borates (Milk & Milk Products),,Absent,MISS,test_extra_row,The system returned a results row with no counterpart in the golden record — usually a duplicate under a variant name. Excluded from gold-covered metrics.,False
1616659113-Test-Result-on-Beta-Casein-Certification,field,document_title,TEST REPORT,,MISS,not_extracted,The value is in the golden record but the system returned nothing for it.,True
1616659113-Test-Result-on-Beta-Casein-Certification,field,lab_name,Translational Research Platform for Veterinary Biologicals,Translational Research Platform for Veterinary Biologicals,MISS,wrong_key,The system found the golden value but filed it under a different field name. The system called it 'institution_name'.,True
1616659113-Test-Result-on-Beta-Casein-Certification,field,lab_address,"2nd Floor, Central University Laboratory Building, CAHS, TANUVAS, Madhavaram Milk Colony, Chennai-51",,MISS,not_extracted,The value is in the golden record but the system returned nothing for it.,True
1616659113-Test-Result-on-Beta-Casein-Certification,field,lab_phone,044 25556275 – 77,04425556275-77,MISS,wrong_key,The system found the golden value but filed it under a different field name. The system called it 'institution_phone'.,True
1616659113-Test-Result-on-Beta-Casein-Certification,field,lab_email,infotrpvb@gmail.com,infotrpvb@gmail.com,MISS,wrong_key,The system found the golden value but filed it under a different field name. The system called it 'institution_email'.,True
1616659113-Test-Result-on-Beta-Casein-Certification,field,letter_reference_format,Lr. No.  /TRPVB/ 2021,,MISS,not_extracted,The value is in the golden record but the system returned nothing for it.,True
1616659113-Test-Result-on-Beta-Casein-Certification,field,letter_date,24- 03 -2021,2021-03-24,MISS,wrong_value_different,"Right field, but the system read a genuinely different value.",True
1616659113-Test-Result-on-Beta-Casein-Certification,field,from_name,"Dr.T.M.A.Senthil Kumar, Ph.D.,",,MISS,not_extracted,The value is in the golden record but the system returned nothing for it.,True
1616659113-Test-Result-on-Beta-Casein-Certification,field,from_designation,Project Director,Project Director,MISS,wrong_key,The system found the golden value but filed it under a different field name. The system called it 'approved_by_title'.,True
1616659113-Test-Result-on-Beta-Casein-Certification,field,from_address,"Translational Research Platform for Veterinary Biologicals, 2nd Floor, CUL Building, TANUVAS, Chennai- 600 051",,MISS,not_extracted,The value is in the golden record but the system returned nothing for it.,True
1616659113-Test-Result-on-Beta-Casein-Certification,field,to_name,"M/S Annam Farms,","M/S Annam Farms,",MISS,wrong_key,The system found the golden value but filed it under a different field name. The system called it 'client_name'.,True
1616659113-Test-Result-on-Beta-Casein-Certification,field,to_address,"No 23, Baprai Kovil Rajarajeshwari Nagar, Madhananthapuram Chennai -600 116","No 23, Baprai Kovil Rajarajeshwari Nagar, Madhananthapuram Chennai-600116",MISS,wrong_key,The system found the golden value but filed it under a different field name. The system called it 'client_address'.,True
1616659113-Test-Result-on-Beta-Casein-Certification,field,subject,TANUVAS -TRPVB- A1/A2 - test report– sending – regarding.,TANUVAS-TRPVB-A1/A2-testreport-sending-regarding,HIT,correct,,True
1616659113-Test-Result-on-Beta-Casein-Certification,field,body,"I have here with enclosed the test report on A1/A2 beta casein genotyping for the samples submitted on 23.03. 2021.
Looking forward to your continued help and cooperation.",,MISS,not_extracted,The value is in the golden record but the system returned nothing for it.,True
1616659113-Test-Result-on-Beta-Casein-Certification,field,closing,"Yours faithfully,",,MISS,not_extracted,The value is in the golden record but the system returned nothing for it.,True
1616659113-Test-Result-on-Beta-Casein-Certification,field,signatory,"Project Director, TRPVB
Tamil Nadu Veterinary and Animal Sciences University,
Chennai – 600 051",,MISS,not_extracted,The value is in the golden record but the system returned nothing for it.,True
1616659113-Test-Result-on-Beta-Casein-Certification,field,enclosure,Test Report,,MISS,not_extracted,The value is in the golden record but the system returned nothing for it.,True
1616659113-Test-Result-on-Beta-Casein-Certification,field,cc,"To,
The Director,
Centre for Animal Health Studies, Tamil Nadu Veterinary and Animal Sciences University.","The Director, Centre for Animal Health Studies, Tamil Nadu Veterinary and Animal Sciences University.",MISS,wrong_value_different,"Right field, but the system read a genuinely different value.",True
1616659113-Test-Result-on-Beta-Casein-Certification,field,name_of_customer,"M/S Annam Farms,",,MISS,not_extracted,The value is in the golden record but the system returned nothing for it.,True
1616659113-Test-Result-on-Beta-Casein-Certification,field,other_customer_information,"No 23, Baprai Kovil Rajarajeshwari Nagar, Madhananthapuram Chennai -600 116",,MISS,not_extracted,The value is in the golden record but the system returned nothing for it.,True
1616659113-Test-Result-on-Beta-Casein-Certification,field,kind_of_animal_and_breed,Cattle,Cattle,HIT,correct,,True
1616659113-Test-Result-on-Beta-Casein-Certification,field,kind_of_sample,Dried Blood Spot,Dried Blood Spot,HIT,correct,,True
1616659113-Test-Result-on-Beta-Casein-Certification,field,date_of_sample_receipt,23.03.2021,2021-03-23,HIT,correct,,True
1616659113-Test-Result-on-Beta-Casein-Certification,field,mode_of_receipt,By Special Messenger,By Special Messenger,HIT,correct,,True
1616659113-Test-Result-on-Beta-Casein-Certification,field,number_of_samples_received,5,5,HIT,correct,,True
1616659113-Test-Result-on-Beta-Casein-Certification,field,test_method,Polymerases Chain Reaction (PCR),Polymerases Chain Reaction (PCR),HIT,correct,,True
1616659113-Test-Result-on-Beta-Casein-Certification,field,date_of_testing,23.03.2021 & 24.03.2021,23.03.2021&24.03.2021,HIT,correct,,True
1616659113-Test-Result-on-Beta-Casein-Certification,field,dated_on,24.03.2021,,MISS,not_extracted,The value is in the golden record but the system returned nothing for it.,True
1616659113-Test-Result-on-Beta-Casein-Certification,field,role,Test Performed:,,MISS,not_extracted,The value is in the golden record but the system returned nothing for it.,True
1616659113-Test-Result-on-Beta-Casein-Certification,field,signatory_name,P.Valentina Claudet,,MISS,not_extracted,The value is in the golden record but the system returned nothing for it.,True
1616659113-Test-Result-on-Beta-Casein-Certification,field,signatory_designation,Senior Research Fellow,,MISS,not_extracted,The value is in the golden record but the system returned nothing for it.,True
1616659113-Test-Result-on-Beta-Casein-Certification,field,signatory_address,"Translational Research Platform for Veterinary Biologicals, (TRPVB) TANUVAS, Chennai - 600 051.",,MISS,not_extracted,The value is in the golden record but the system returned nothing for it.,True
1616659113-Test-Result-on-Beta-Casein-Certification,field,confidentiality_note,The contents of this document is confidential and intended solely for addressee.  The information may also legally privileged. The information on the above results shall not be disclosed under any circumstances.,,MISS,not_extracted,The value is in the golden record but the system returned nothing for it.,True
1616659113-Test-Result-on-Beta-Casein-Certification,field,footer,It should be clinically correlated,,MISS,not_extracted,The value is in the golden record but the system returned nothing for it.,True
1616659113-Test-Result-on-Beta-Casein-Certification,field,end_of_report,End of report,,MISS,not_extracted,The value is in the golden record but the system returned nothing for it.,True
1616659113-Test-Result-on-Beta-Casein-Certification,field,institution_address,,"2 Floor, Central University Laboratory Building, CAHS, TANUVAS, Madhavaram Milk Colony, Chennai-51",MISS,unlabelled_extra,The system returned a field the golden record has no entry for — often a correct reading the label set does not cover. Excluded from gold-covered metrics.,False
1616659113-Test-Result-on-Beta-Casein-Certification,field,letter_number,,16-/TRPVB/2021,MISS,unlabelled_extra,The system returned a field the golden record has no entry for — often a correct reading the label set does not cover. Excluded from gold-covered metrics.,False
1616659113-Test-Result-on-Beta-Casein-Certification,field,page_number_text,,1 of 3,MISS,unlabelled_extra,The system returned a field the golden record has no entry for — often a correct reading the label set does not cover. Excluded from gold-covered metrics.,False
1616659113-Test-Result-on-Beta-Casein-Certification,field,report_issue_date,,2021-03-24,MISS,unlabelled_extra,The system returned a field the golden record has no entry for — often a correct reading the label set does not cover. Excluded from gold-covered metrics.,False
1616659113-Test-Result-on-Beta-Casein-Certification,field,test_performed_title,,Senior Reseach Fellow,MISS,unlabelled_extra,The system returned a field the golden record has no entry for — often a correct reading the label set does not cover. Excluded from gold-covered metrics.,False
1616659113-Test-Result-on-Beta-Casein-Certification,field,test_reviewed_title,,Scientist,MISS,unlabelled_extra,The system returned a field the golden record has no entry for — often a correct reading the label set does not cover. Excluded from gold-covered metrics.,False
1616659113-Test-Result-on-Beta-Casein-Certification,test,tests.A1/A2 TYPING,,A2/A2,MISS,test_extra_row,The system returned a results row with no counterpart in the golden record — usually a duplicate under a variant name. Excluded from gold-covered metrics.,False
1625724349-COW-MILK-LAB-REPORT-JUNE-2021,field,document_title,TEST REPORT,,MISS,not_extracted,The value is in the golden record but the system returned nothing for it.,True
1625724349-COW-MILK-LAB-REPORT-JUNE-2021,field,lab_name,CHENNAI TESTING LABORATORY PRIVATE LIMITED,,MISS,not_extracted,The value is in the golden record but the system returned nothing for it.,True
1625724349-COW-MILK-LAB-REPORT-JUNE-2021,field,lab_tagline,Testing redefined,,MISS,not_extracted,The value is in the golden record but the system returned nothing for it.,True
1625724349-COW-MILK-LAB-REPORT-JUNE-2021,field,cin,U74999TN2008PTC067568,U74999TN2008PTC067568,HIT,correct,,True
1625724349-COW-MILK-LAB-REPORT-JUNE-2021,field,lab_website,www.ctllabs.in,www.ctllabs.in,MISS,wrong_key,The system found the golden value but filed it under a different field name. The system called it 'website'.,True
1625724349-COW-MILK-LAB-REPORT-JUNE-2021,field,lab_website_2,www.foodenvironmenttesting.com,www.foodenvironmenttesting.com,MISS,wrong_key,The system found the golden value but filed it under a different field name. The system called it 'website_2'.,True
1625724349-COW-MILK-LAB-REPORT-JUNE-2021,field,lab_address,"A - Super 19 | T.V.K. Industrial Estate | Guindy, Chennai - 600 032 | Tamil Nadu | India","A-Super 19|T.V.K.Industrial Estate| Guindy
Chennai-600032|TamilNadu|India",HIT,correct,,True
1625724349-COW-MILK-LAB-REPORT-JUNE-2021,field,lab_email,chennaitestinglab@gmail.com,chennaitestinglab@gmail.com,HIT,correct,,True
1625724349-COW-MILK-LAB-REPORT-JUNE-2021,field,lab_telefax,+91-44-2250 1757,+91-44-22501757,HIT,correct,,True
1625724349-COW-MILK-LAB-REPORT-JUNE-2021,field,client_name,"M/s. Annam Milk,",,MISS,not_extracted,The value is in the golden record but the system returned nothing for it.,True
1625724349-COW-MILK-LAB-REPORT-JUNE-2021,field,client_address,"No.28, Raja Rajeshwari Nagar, Madanandhapuram Main Road, Porur,  Chennai - 600 116.",,MISS,not_extracted,The value is in the golden record but the system returned nothing for it.,True
1625724349-COW-MILK-LAB-REPORT-JUNE-2021,field,sample_number,N-1870/21-22,N-1870/21-22,HIT,correct,,True
1625724349-COW-MILK-LAB-REPORT-JUNE-2021,field,sample_description_by_customer,Cow Milk,Cow Milk,MISS,wrong_key,The system found the golden value but filed it under a different field name. The system called it 'sample_description'.,True
1625724349-COW-MILK-LAB-REPORT-JUNE-2021,field,sample_quantity,500ml,500ml,HIT,correct,,True
1625724349-COW-MILK-LAB-REPORT-JUNE-2021,field,sample_collected_by,Customer,Customer,HIT,correct,,True
1625724349-COW-MILK-LAB-REPORT-JUNE-2021,field,date_of_receipt,11.06.2021,11.06.2021,HIT,correct,,True
1625724349-COW-MILK-LAB-REPORT-JUNE-2021,field,sample_condition,Good & Received in Glass Bottle,Good & Received in Glass Bottle,HIT,correct,,True
1625724349-COW-MILK-LAB-REPORT-JUNE-2021,field,report_number_and_date,CTL/CH/N-1870/2021-22 & 18.06.2021,CTL/CH/N-1870/2021-22 & 18.06.2021,HIT,correct,,True
1625724349-COW-MILK-LAB-REPORT-JUNE-2021,field,start_date_of_analysis,12.06.2021,12.06.2021,HIT,correct,,True
1625724349-COW-MILK-LAB-REPORT-JUNE-2021,field,end_date_of_analysis,17.06.2021,2021-06-17,HIT,correct,,True
1625724349-COW-MILK-LAB-REPORT-JUNE-2021,field,signatory_company,For Chennai Testing Laboratory Pvt ltd,,MISS,not_extracted,The value is in the golden record but the system returned nothing for it.,True
1625724349-COW-MILK-LAB-REPORT-JUNE-2021,field,signatory_title,Authorised Signatory,"Head-Food&InstrumentationDivisicn
(CHEMICAL)",MISS,wrong_value_different,"Right field, but the system read a genuinely different value.",True
1625724349-COW-MILK-LAB-REPORT-JUNE-2021,field,signatory_name,S. SRINIVASAN,S.SRINIVASAN,HIT,correct,,True
1625724349-COW-MILK-LAB-REPORT-JUNE-2021,field,signatory_designation,Head - Food & Instrumentation Division (CHEMICAL),,MISS,not_extracted,The value is in the golden record but the system returned nothing for it.,True
1625724349-COW-MILK-LAB-REPORT-JUNE-2021,field,results_statement,"The above sample tested as received, and results are as follows:",,MISS,not_extracted,The value is in the golden record but the system returned nothing for it.,True
1625724349-COW-MILK-LAB-REPORT-JUNE-2021,field,note,*As Per FSS Regulations 2011,,MISS,not_extracted,The value is in the golden record but the system returned nothing for it.,True
1625724349-COW-MILK-LAB-REPORT-JUNE-2021,field,remarks,The sample meets the requirement of FSS Regulations 2011 with respect to the parameters tested.,The sample meets the requirement of FSS Regulations 2011 with respect to the parameters tested.,HIT,correct,,True
1625724349-COW-MILK-LAB-REPORT-JUNE-2021,field,end_of_report,***END OF REPORT***,,MISS,not_extracted,The value is in the golden record but the system returned nothing for it.,True
1625724349-COW-MILK-LAB-REPORT-JUNE-2021,field,footer,"The Report shall not be used to malign, defame and for any malicious purpose.
The Report is meant only for sole use of the addressee to promote his/her own business.",,MISS,not_extracted,The value is in the golden record but the system returned nothing for it.,True
1625724349-COW-MILK-LAB-REPORT-JUNE-2021,field,customer_name_and_address,,"M/s. Annam Milk,
No.28, Raja Rajeshwari Nagar, Madanandhapuram Main Road,
Porur, Chennai - 600 116.",MISS,unlabelled_extra,The system returned a field the golden record has no entry for — often a correct reading the label set does not cover. Excluded from gold-covered metrics.,False
1625724349-COW-MILK-LAB-REPORT-JUNE-2021,field,company_name,,Chennai Testing Laboratory Pvt ltd,MISS,unlabelled_extra,The system returned a field the golden record has no entry for — often a correct reading the label set does not cover. Excluded from gold-covered metrics.,False
1625724349-COW-MILK-LAB-REPORT-JUNE-2021,test,tests.Cane Sugar.result,Absent,Absent,HIT,correct,,True
1625724349-COW-MILK-LAB-REPORT-JUNE-2021,test,tests.Cane Sugar.reference_range,Absent,Absent,HIT,correct,,True
1625724349-COW-MILK-LAB-REPORT-JUNE-2021,test,tests.Cellulose.result,Absent,Absent,HIT,correct,,True
1625724349-COW-MILK-LAB-REPORT-JUNE-2021,test,tests.Cellulose.reference_range,Absent,Absent,HIT,correct,,True
1625724349-COW-MILK-LAB-REPORT-JUNE-2021,test,tests.Starch.result,Absent,Absent,HIT,correct,,True
1625724349-COW-MILK-LAB-REPORT-JUNE-2021,test,tests.Starch.reference_range,Absent,Absent,HIT,correct,,True
1625724349-COW-MILK-LAB-REPORT-JUNE-2021,test,tests.Added Urea.result,Absent,Absent,HIT,correct,,True
1625724349-COW-MILK-LAB-REPORT-JUNE-2021,test,tests.Added Urea.reference_range,Absent,Absent,HIT,correct,,True
1625724349-COW-MILK-LAB-REPORT-JUNE-2021,test,tests.Ammonium Sulphate.result,Absent,Absent,HIT,correct,,True
1625724349-COW-MILK-LAB-REPORT-JUNE-2021,test,tests.Ammonium Sulphate.reference_range,Absent,Absent,HIT,correct,,True
1625724349-COW-MILK-LAB-REPORT-JUNE-2021,test,tests.Glucose.result,Absent,Absent,HIT,correct,,True
1625724349-COW-MILK-LAB-REPORT-JUNE-2021,test,tests.Glucose.reference_range,Absent,Absent,HIT,correct,,True
1625724349-COW-MILK-LAB-REPORT-JUNE-2021,test,tests.Sodium Chloride.result,Absent,Absent,HIT,correct,,True
1625724349-COW-MILK-LAB-REPORT-JUNE-2021,test,tests.Sodium Chloride.reference_range,Absent,Absent,HIT,correct,,True
1625724349-COW-MILK-LAB-REPORT-JUNE-2021,test,tests.Saccharin.result,Absent,Absent,HIT,correct,,True
1625724349-COW-MILK-LAB-REPORT-JUNE-2021,test,tests.Saccharin.reference_range,Absent,Absent,HIT,correct,,True
1625724349-COW-MILK-LAB-REPORT-JUNE-2021,test,tests.Dulcin.result,Absent,Absent,HIT,correct,,True
1625724349-COW-MILK-LAB-REPORT-JUNE-2021,test,tests.Dulcin.reference_range,Absent,Absent,HIT,correct,,True
1625724349-COW-MILK-LAB-REPORT-JUNE-2021,test,tests.Foreign Fat.result,Absent,Absent,HIT,correct,,True
1625724349-COW-MILK-LAB-REPORT-JUNE-2021,test,tests.Foreign Fat.reference_range,Absent,Absent,HIT,correct,,True
1625724349-COW-MILK-LAB-REPORT-JUNE-2021,test,tests.Sucrose.result,Absent,Absent,HIT,correct,,True
1625724349-COW-MILK-LAB-REPORT-JUNE-2021,test,tests.Sucrose.reference_range,Absent,Absent,HIT,correct,,True
1625724349-COW-MILK-LAB-REPORT-JUNE-2021,test,tests.Skimmed Milk Powder.result,Absent,Absent,HIT,correct,,True
1625724349-COW-MILK-LAB-REPORT-JUNE-2021,test,tests.Skimmed Milk Powder.reference_range,Absent,Absent,HIT,correct,,True
1625724349-COW-MILK-LAB-REPORT-JUNE-2021,test,tests.Hydrogen Peroxide.result,Absent,Absent,HIT,correct,,True
1625724349-COW-MILK-LAB-REPORT-JUNE-2021,test,tests.Hydrogen Peroxide.reference_range,Absent,Absent,HIT,correct,,True
1675161059-COW-MILK-LAB-REPORT-JAN-2023,field,document_title,TEST REPORT,,MISS,not_extracted,The value is in the golden record but the system returned nothing for it.,True
1675161059-COW-MILK-LAB-REPORT-JAN-2023,field,lab_name,CHENNAI TESTING LABORATORY PRIVATE LIMITED,,MISS,not_extracted,The value is in the golden record but the system returned nothing for it.,True
1675161059-COW-MILK-LAB-REPORT-JAN-2023,field,lab_tagline,Testing redefined,,MISS,not_extracted,The value is in the golden record but the system returned nothing for it.,True
1675161059-COW-MILK-LAB-REPORT-JAN-2023,field,cin,U93000TN2000PTC043869,U93000TN2000PTC043869,HIT,correct,,True
1675161059-COW-MILK-LAB-REPORT-JAN-2023,field,lab_website,www.ctllabs.in,www.ctllabs.in,MISS,wrong_key,The system found the golden value but filed it under a different field name. The system called it 'website'.,True
1675161059-COW-MILK-LAB-REPORT-JAN-2023,field,lab_website_2,www.foodenvironmenttesting.com,www.foodenvironmenttesting.com,MISS,wrong_key,The system found the golden value but filed it under a different field name. The system called it 'additional_website'.,True
1675161059-COW-MILK-LAB-REPORT-JAN-2023,field,lab_address,"A - Super 19 | T.V.K. Industrial Estate | Guindy, Chennai - 600 032 | Tamil Nadu | India",A-Super 19|TV.K.Industrial Estate|Guindy Chennai-600032|TamilNadu|India,MISS,wrong_value_different,"Right field, but the system read a genuinely different value.",True
1675161059-COW-MILK-LAB-REPORT-JAN-2023,field,lab_email,chennaitestinglab@gmail.com,chennaitestinglab@gmail.com,MISS,wrong_key,The system found the golden value but filed it under a different field name. The system called it 'laboratory_email'.,True
1675161059-COW-MILK-LAB-REPORT-JAN-2023,field,lab_telefax,+91-44-2250 1757,+91-44-22501757,MISS,wrong_key,The system found the golden value but filed it under a different field name. The system called it 'laboratory_telefax'.,True
1675161059-COW-MILK-LAB-REPORT-JAN-2023,field,client_name,"M/s. S. Annam Milk.,","M/s. S. Annam Milk.,",HIT,correct,,True
1675161059-COW-MILK-LAB-REPORT-JAN-2023,field,client_address,"No.28, Raja Rajeshwari Nagar, Madanandhapuram Main Road, Porur, Chennai - 600 116.","No.28, Raja Rajeshwari Nagar, Madanandhapuram Main Road, Porur, Chennai - 600 116.",MISS,wrong_key,The system found the golden value but filed it under a different field name. The system called it 'organisation.address'.,True
1675161059-COW-MILK-LAB-REPORT-JAN-2023,field,sample_number,N-15314/22-23,N-15314/22-23,HIT,correct,,True
1675161059-COW-MILK-LAB-REPORT-JAN-2023,field,sample_name,Milk,Milk,HIT,correct,,True
1675161059-COW-MILK-LAB-REPORT-JAN-2023,field,sample_description,Cow Milk,Cow Milk,HIT,correct,,True
1675161059-COW-MILK-LAB-REPORT-JAN-2023,field,sample_quantity,1000 ml,1000 ml,HIT,correct,,True
1675161059-COW-MILK-LAB-REPORT-JAN-2023,field,sample_condition,Good & Received in Packed Condition,Good & Received in Packed Condition,HIT,correct,,True
1675161059-COW-MILK-LAB-REPORT-JAN-2023,field,date_of_receipt,30.12.2022,2022-12-30,HIT,correct,,True
1675161059-COW-MILK-LAB-REPORT-JAN-2023,field,test_report_no_and_date,CTL/CH/N-15314/2022-23 & 05.01.2023,CTL/CH/N-15314/2022-23 & 05.01.2023,HIT,correct,,True
1675161059-COW-MILK-LAB-REPORT-JAN-2023,field,start_date_of_analysis,30.12.2022,2022-12-30,HIT,correct,,True
1675161059-COW-MILK-LAB-REPORT-JAN-2023,field,end_date_of_analysis,05.01.2023,05.01.2023,HIT,correct,,True
1675161059-COW-MILK-LAB-REPORT-JAN-2023,field,signatory_title,Verified by,,MISS,not_extracted,The value is in the golden record but the system returned nothing for it.,True
1675161059-COW-MILK-LAB-REPORT-JAN-2023,field,signatory_company,For Chennai Testing Laboratory Pvt ltd,,MISS,not_extracted,The value is in the golden record but the system returned nothing for it.,True
1675161059-COW-MILK-LAB-REPORT-JAN-2023,field,signatory_designation,Technical Manager (CHEMICAL),Technical Manager (CHEMICAL),MISS,wrong_key,The system found the golden value but filed it under a different field name. The system called it 'authorized_signatory_title'.,True
1675161059-COW-MILK-LAB-REPORT-JAN-2023,field,results_statement,"The above sample tested as received, and results are as follows:",,MISS,not_extracted,The value is in the golden record but the system returned nothing for it.,True
1675161059-COW-MILK-LAB-REPORT-JAN-2023,field,abbreviation_note,Note: Min. - Minimum,,MISS,not_extracted,The value is in the golden record but the system returned nothing for it.,True
1675161059-COW-MILK-LAB-REPORT-JAN-2023,field,note,*As Per FSS Regulations 2011,,MISS,not_extracted,The value is in the golden record but the system returned nothing for it.,True
1675161059-COW-MILK-LAB-REPORT-JAN-2023,field,remarks,The sample complies the requirement of FSS Regulations 2011 with respect to the parameters tested.,The sample complies the requirement of FSS Regulations 2011 with respect to the parameters tested.,HIT,correct,,True
1675161059-COW-MILK-LAB-REPORT-JAN-2023,field,conformity_statement,Statement of conformity is applied considering Decision rule as per CTL/QSP/16,Statement of conformity is applied considering Decision rule as per CTL/QSP/16,MISS,wrong_key,The system found the golden value but filed it under a different field name. The system called it 'statement_of_conformity'.,True
1675161059-COW-MILK-LAB-REPORT-JAN-2023,field,end_of_report,***END OF REPORT***,,MISS,not_extracted,The value is in the golden record but the system returned nothing for it.,True
1675161059-COW-MILK-LAB-REPORT-JAN-2023,field,footer,"The Report shall not be used to malign, defame and for any malicious purpose.
The Report is meant only for sole use of the addressee to promote his/her own business.",,MISS,not_extracted,The value is in the golden record but the system returned nothing for it.,True
1675161059-COW-MILK-LAB-REPORT-JAN-2023,field,sample_collected_by,,Customer,MISS,unlabelled_extra,The system returned a field the golden record has no entry for — often a correct reading the label set does not cover. Excluded from gold-covered metrics.,False
1675161059-COW-MILK-LAB-REPORT-JAN-2023,field,organization_name,,Chennai Testing Laboratory Pvt ltd,MISS,unlabelled_extra,The system returned a field the golden record has no entry for — often a correct reading the label set does not cover. Excluded from gold-covered metrics.,False
1675161059-COW-MILK-LAB-REPORT-JAN-2023,field,authorized_signatory_name,,A.RAJKUMAR,MISS,unlabelled_extra,The system returned a field the golden record has no entry for — often a correct reading the label set does not cover. Excluded from gold-covered metrics.,False
1675161059-COW-MILK-LAB-REPORT-JAN-2023,test,tests.Cane Sugar.result,Absent,Absent,HIT,correct,,True
1675161059-COW-MILK-LAB-REPORT-JAN-2023,test,tests.Cane Sugar.reference_range,Shall be absent,Shall be absent,HIT,correct,,True
1675161059-COW-MILK-LAB-REPORT-JAN-2023,test,tests.Cellulose.result,Absent,Absent,HIT,correct,,True
1675161059-COW-MILK-LAB-REPORT-JAN-2023,test,tests.Cellulose.reference_range,Shall be absent,Shall be absent,HIT,correct,,True
1675161059-COW-MILK-LAB-REPORT-JAN-2023,test,tests.Starch.result,Absent,Absent,HIT,correct,,True
1675161059-COW-MILK-LAB-REPORT-JAN-2023,test,tests.Starch.reference_range,Shall be absent,Shall be absent,HIT,correct,,True
1675161059-COW-MILK-LAB-REPORT-JAN-2023,test,tests.Added Urea.result,Absent,Absent,HIT,correct,,True
1675161059-COW-MILK-LAB-REPORT-JAN-2023,test,tests.Added Urea.reference_range,Shall be absent,Shall be absent,HIT,correct,,True
1675161059-COW-MILK-LAB-REPORT-JAN-2023,test,tests.Ammonium Sulphate.result,Absent,Absent,HIT,correct,,True
1675161059-COW-MILK-LAB-REPORT-JAN-2023,test,tests.Ammonium Sulphate.reference_range,Shall be absent,Shall be absent,HIT,correct,,True
1675161059-COW-MILK-LAB-REPORT-JAN-2023,test,tests.Glucose.result,Absent,Absent,HIT,correct,,True
1675161059-COW-MILK-LAB-REPORT-JAN-2023,test,tests.Glucose.reference_range,Shall be absent,Shall be absent,HIT,correct,,True
1675161059-COW-MILK-LAB-REPORT-JAN-2023,test,tests.Sodium Chloride.result,Absent,Absent,HIT,correct,,True
1675161059-COW-MILK-LAB-REPORT-JAN-2023,test,tests.Sodium Chloride.reference_range,Shall be absent,Shall be absent,HIT,correct,,True
1675161059-COW-MILK-LAB-REPORT-JAN-2023,test,tests.Saccharin.result,Absent,Absent,HIT,correct,,True
1675161059-COW-MILK-LAB-REPORT-JAN-2023,test,tests.Saccharin.reference_range,Shall be absent,Shall be absent,HIT,correct,,True
1675161059-COW-MILK-LAB-REPORT-JAN-2023,test,tests.Dulcin.result,Absent,Absent,HIT,correct,,True
1675161059-COW-MILK-LAB-REPORT-JAN-2023,test,tests.Dulcin.reference_range,Shall be absent,Shall be absent,HIT,correct,,True
1675161059-COW-MILK-LAB-REPORT-JAN-2023,test,tests.Foreign Fat.result,Absent,Absent,HIT,correct,,True
1675161059-COW-MILK-LAB-REPORT-JAN-2023,test,tests.Foreign Fat.reference_range,Shall be absent,Shall be absent,HIT,correct,,True
1675161059-COW-MILK-LAB-REPORT-JAN-2023,test,tests.Skimmed Milk Powder.result,Absent,Absent,HIT,correct,,True
1675161059-COW-MILK-LAB-REPORT-JAN-2023,test,tests.Skimmed Milk Powder.reference_range,Shall be absent,Shall be absent,HIT,correct,,True
1675161059-COW-MILK-LAB-REPORT-JAN-2023,test,tests.Hydrogen Peroxide.result,Absent,Absent,HIT,correct,,True
1675161059-COW-MILK-LAB-REPORT-JAN-2023,test,tests.Hydrogen Peroxide.reference_range,Shall be absent,Shall be absent,HIT,correct,,True
1675161059-COW-MILK-LAB-REPORT-JAN-2023,test,tests.Milk Solids Not Fat.result,9.28,9.28,HIT,correct,,True
1675161059-COW-MILK-LAB-REPORT-JAN-2023,test,tests.Milk Solids Not Fat.unit,%,%,HIT,correct,,True
1675161059-COW-MILK-LAB-REPORT-JAN-2023,test,tests.Milk Solids Not Fat.reference_range,Min 8.30,Min 8.30,HIT,correct,,True
1675161059-COW-MILK-LAB-REPORT-JAN-2023,test,tests.Milk Fat.result,3.72,3.72,HIT,correct,,True
1675161059-COW-MILK-LAB-REPORT-JAN-2023,test,tests.Milk Fat.unit,%,%,HIT,correct,,True
1675161059-COW-MILK-LAB-REPORT-JAN-2023,test,tests.Milk Fat.reference_range,Min 3.20,Min 3.20,HIT,correct,,True
1721151226-,field,document_title,TEST REPORT,,MISS,not_extracted,The value is in the golden record but the system returned nothing for it.,True
1721151226-,field,lab_name,CHENNAI TESTING LABORATORY PRIVATE LIMITED,,MISS,not_extracted,The value is in the golden record but the system returned nothing for it.,True
1721151226-,field,lab_tagline,Testing redefined,,MISS,not_extracted,The value is in the golden record but the system returned nothing for it.,True
1721151226-,field,cin,U93000TN2000PTC043869,U93000TN2000PTC043869,HIT,correct,,True
1721151226-,field,lab_website,www.ctllabs.in,,MISS,not_extracted,The value is in the golden record but the system returned nothing for it.,True
1721151226-,field,lab_website_2,www.foodenvironmenttesting.com,,MISS,not_extracted,The value is in the golden record but the system returned nothing for it.,True
1721151226-,field,lab_address,"A - Super 19 | T.V.K. Industrial Estate | Guindy, Chennai - 600 032 | Tamil Nadu | India","A-Super 19 | T.V.K. Industrial Estate | Guindy, Chennai - 600 032 | Tamil Nadu | India",HIT,correct,,True
1721151226-,field,lab_email,chennaitestinglab@gmail.com,chennaitestinglab@gmail.com,MISS,wrong_key,The system found the golden value but filed it under a different field name. The system called it 'laboratory_email'.,True
1721151226-,field,lab_telefax,+91-44-2250 1757,+91-44-22501757,MISS,wrong_key,The system found the golden value but filed it under a different field name. The system called it 'laboratory_telefax'.,True
1721151226-,field,client_name,"M/s. Annam Milk,","M/s. Annam Milk,",HIT,correct,,True
1721151226-,field,client_address,"No.28, Raja Rajeshwari Nagar, Madanandhapuram Main Road, Porur, Chennai - 600 116.","No.28, Raja Rajeshwari Nagar, Madanandhapuram Main Road, Porur, Chennai - 600 116.",MISS,wrong_key,The system found the golden value but filed it under a different field name. The system called it 'organisation.address'.,True
1721151226-,field,sample_number,N-05837/24-25,N-05837/24-25,HIT,correct,,True
1721151226-,field,sample_name,Milk,Milk,HIT,correct,,True
1721151226-,field,sample_description,Cow Milk,Cow Milk,HIT,correct,,True
1721151226-,field,sample_quantity,500ml,500ml,HIT,correct,,True
1721151226-,field,sample_condition,Good & Received in Glass Bottle,Good & Received in Glass Bottle,HIT,correct,,True
1721151226-,field,date_of_receipt,28.06.2024,2024-06-28,HIT,correct,,True
1721151226-,field,test_report_no_and_date,CTL/CH/N-05837/2024-25 & 16.07.2024,CTL/CH/N-05837/2024-25 & 16.07.2024,HIT,correct,,True
1721151226-,field,start_date_of_analysis,28.06.2024,2024-06-28,HIT,correct,,True
1721151226-,field,end_date_of_analysis,15.07.2024,2024-07-15,HIT,correct,,True
1721151226-,field,signatory_title,Verified by,,MISS,not_extracted,The value is in the golden record but the system returned nothing for it.,True
1721151226-,field,signatory_company,For Chennai Testing Laboratory Pvt ltd,,MISS,not_extracted,The value is in the golden record but the system returned nothing for it.,True
1721151226-,field,signatory_designation,Senior Chemist (CHEMICAL),Senior Chemist (Chemical),MISS,wrong_key,The system found the golden value but filed it under a different field name. The system called it 'authorized_signatory_title'.,True
1721151226-,field,results_statement,"The above sample tested as received, and results are as follows:",,MISS,not_extracted,The value is in the golden record but the system returned nothing for it.,True
1721151226-,field,abbreviation_note,Note: Min. - Minimum,,MISS,not_extracted,The value is in the golden record but the system returned nothing for it.,True
1721151226-,field,requirements_note,*As Per FSS Regulations 2011,,MISS,not_extracted,The value is in the golden record but the system returned nothing for it.,True
1721151226-,field,remarks,The sample complies the requirement of FSS Regulations 2011 with respect to the parameters tested.,The sample complies the requirement of FSS Regulations 2011 with respect to the parameters tested.,HIT,correct,,True
1721151226-,field,conformity_statement,Statement of conformity is applied considering Decision rule as per CTL/QSP/16,Statement of conformity is applied considering Decision rule as per CTL/QSP/16,MISS,wrong_key,The system found the golden value but filed it under a different field name. The system called it 'statement_of_conformity'.,True
1721151226-,field,end_of_report,***END OF REPORT***,,MISS,not_extracted,The value is in the golden record but the system returned nothing for it.,True
1721151226-,field,footer,"The Report shall not be used to malign, defame and for any malicious purpose.
The Report is meant only for sole use of the addressee to promote his/her own business.",,MISS,not_extracted,The value is in the golden record but the system returned nothing for it.,True
1721151226-,field,sample_collected_by,,Customer,MISS,unlabelled_extra,The system returned a field the golden record has no entry for — often a correct reading the label set does not cover. Excluded from gold-covered metrics.,False
1721151226-,field,authorized_signatory,,K.KESAVAN,MISS,unlabelled_extra,The system returned a field the golden record has no entry for — often a correct reading the label set does not cover. Excluded from gold-covered metrics.,False
1721151226-,field,organisation.laboratory_name,,Chennai Testing Laboratory Pvt ltd,MISS,unlabelled_extra,The system returned a field the golden record has no entry for — often a correct reading the label set does not cover. Excluded from gold-covered metrics.,False
1721151226-,test,tests.Cane Sugar.result,Absent,Absent,HIT,correct,,True
1721151226-,test,tests.Cane Sugar.reference_range,Shall be absent,Shall be absent,HIT,correct,,True
1721151226-,test,tests.Cellulose.result,Absent,Absent,HIT,correct,,True
1721151226-,test,tests.Cellulose.reference_range,Shall be absent,Shall be absent,HIT,correct,,True
1721151226-,test,tests.Starch.result,Absent,Absent,HIT,correct,,True
1721151226-,test,tests.Starch.reference_range,Shall be absent,Shall be absent,HIT,correct,,True
1721151226-,test,tests.Added Urea.result,Absent,Absent,HIT,correct,,True
1721151226-,test,tests.Added Urea.reference_range,Shall be absent,Shall be absent,HIT,correct,,True
1721151226-,test,tests.Ammonium Sulphate.result,Absent,Absent,HIT,correct,,True
1721151226-,test,tests.Ammonium Sulphate.reference_range,Shall be absent,Shall be absent,HIT,correct,,True
1721151226-,test,tests.Glucose.result,Absent,,MISS,test_not_extracted,The whole results row is in the golden record but was not returned.,True
1721151226-,test,tests.Glucose.reference_range,Shall be absent,,MISS,test_not_extracted,The whole results row is in the golden record but was not returned.,True
1721151226-,test,tests.Sodium Chloride.result,Absent,Absent,HIT,correct,,True
1721151226-,test,tests.Sodium Chloride.reference_range,Shall be absent,Shall be absent,HIT,correct,,True
1721151226-,test,tests.Saccharin.result,Absent,Absent,HIT,correct,,True
1721151226-,test,tests.Saccharin.reference_range,Shall be absent,Shall be absent,HIT,correct,,True
1721151226-,test,tests.Dulcin.result,Absent,Absent,HIT,correct,,True
1721151226-,test,tests.Dulcin.reference_range,Shall be absent,Shall be absent,HIT,correct,,True
1721151226-,test,tests.Foreign Fat.result,Absent,Absent,HIT,correct,,True
1721151226-,test,tests.Foreign Fat.reference_range,Shall be absent,Shall be absent,HIT,correct,,True
1721151226-,test,tests.Milk Solids Not Fat.result,8.90,8.90,HIT,correct,,True
1721151226-,test,tests.Milk Solids Not Fat.unit,%,%,HIT,correct,,True
1721151226-,test,tests.Milk Solids Not Fat.reference_range,Min. 8.30,Min. 8.30,HIT,correct,,True
1721151226-,test,tests.Milk Fat.result,3.72,3.72,HIT,correct,,True
1721151226-,test,tests.Milk Fat.unit,%,%,HIT,correct,,True
1721151226-,test,tests.Milk Fat.reference_range,Min. 3.20,Min. 3.20,HIT,correct,,True
1721151226-,test,tests.Glucose (Milk & Milk Products),,Absent,MISS,test_extra_row,The system returned a results row with no counterpart in the golden record — usually a duplicate under a variant name. Excluded from gold-covered metrics.,False
1750842963-,field,document_title,TEST REPORT,,MISS,not_extracted,The value is in the golden record but the system returned nothing for it.,True
1750842963-,field,lab_name,CHENNAI TESTING LABORATORY PRIVATE LIMITED,,MISS,not_extracted,The value is in the golden record but the system returned nothing for it.,True
1750842963-,field,lab_tagline,Testing redefined,,MISS,not_extracted,The value is in the golden record but the system returned nothing for it.,True
1750842963-,field,cin,U93000TN2000PTC043869,U93000TN2000PTC043869,HIT,correct,,True
1750842963-,field,lab_accreditation_no,TC-14314,,MISS,not_extracted,The value is in the golden record but the system returned nothing for it.,True
1750842963-,field,lab_address,"A - Super 19, T.V.K. Industrial Estate, Guindy, Chennai - 600 032, Tamil Nadu - India","A-Super19, T.V.K.Industrial Estate, Guindy, Chennai-600032, TamilNadu-India",HIT,correct,,True
1750842963-,field,lab_phone,+91-44-2250 1757,,MISS,not_extracted,The value is in the golden record but the system returned nothing for it.,True
1750842963-,field,lab_email,chennaitesting@chennaitestinglab.com,,MISS,not_extracted,The value is in the golden record but the system returned nothing for it.,True
1750842963-,field,lab_website,www.ctllabs.in,,MISS,not_extracted,The value is in the golden record but the system returned nothing for it.,True
1750842963-,field,client_name,"M/s. Annam Milk,","M/s. Annam Milk,",HIT,correct,,True
1750842963-,field,client_address,"No.28, Raja Rajeshwari Nagar, Madanandhapuram Main Road, Porur, Chennai - 600 116.","No.28, Raja Rajeshwari Nagar, Madanandhapuram Main Road,
Porur, Chennai - 600 116.",MISS,wrong_key,The system found the golden value but filed it under a different field name. The system called it 'organisation.address'.,True
1750842963-,field,sample_number,F-01899/25-26,F-01899/25-26,HIT,correct,,True
1750842963-,field,sample_name,Milk,Milk,HIT,correct,,True
1750842963-,field,sample_description,Cow Milk,Cow Milk,HIT,correct,,True
1750842963-,field,sampling_location,Customer Submitted at Lab,Customer Submitted at Lab,HIT,correct,,True
1750842963-,field,sample_quantity,1 Litre,1 Litre,HIT,correct,,True
1750842963-,field,sample_condition,Good & Received in Glass Bottle,Good & Received in Glass Bottle,HIT,correct,,True
1750842963-,field,date_of_receipt,13.06.2025,2025-06-13,HIT,correct,,True
1750842963-,field,test_report_no_and_date,CTL/CH/F-01899/2025-26 & 18.06.2025,CTL/CH/F-01899/2025-26 & 18.06.2025,HIT,correct,,True
1750842963-,field,ulr_no,TC1431425000007198F,TC1431425000007198F,HIT,correct,,True
1750842963-,field,start_date_of_analysis,13.06.2025,2025-06-13,HIT,correct,,True
1750842963-,field,end_date_of_analysis,17.06.2025,2025-06-17,HIT,correct,,True
1750842963-,field,discipline,CHEMICAL,CHEMICAL,HIT,correct,,True
1750842963-,field,group,FOOD AND AGRICULTURAL PRODUCTS,FOOD AND AGRICULTURAL PRODUCTS,HIT,correct,,True
1750842963-,field,signatory_title,Verified by,,MISS,not_extracted,The value is in the golden record but the system returned nothing for it.,True
1750842963-,field,signatory_company,For Chennai Testing Laboratory Pvt ltd,,MISS,not_extracted,The value is in the golden record but the system returned nothing for it.,True
1750842963-,field,signatory_designation,Senior Scientist (CHEMICAL),,MISS,not_extracted,The value is in the golden record but the system returned nothing for it.,True
1750842963-,field,results_statement,"The above sample tested as received, and results are as follows:",,MISS,not_extracted,The value is in the golden record but the system returned nothing for it.,True
1750842963-,field,abbreviation_note,Note: Min. - Minimum,,MISS,not_extracted,The value is in the golden record but the system returned nothing for it.,True
1750842963-,field,requirements_note,*As Per FSS Regulations 2011,,MISS,not_extracted,The value is in the golden record but the system returned nothing for it.,True
1750842963-,field,remarks,The sample complies the requirement of FSS Regulations 2011 with respect to the parameters tested.,The sample complies the requirement of FSS Regulations 2011 with respect to the parameters tested.,HIT,correct,,True
1750842963-,field,conformity_statement,Statement of conformity is applied considering Decision rule as per CTL/QSP/16,,MISS,not_extracted,The value is in the golden record but the system returned nothing for it.,True
1750842963-,field,end_of_report,***END OF REPORT***,,MISS,not_extracted,The value is in the golden record but the system returned nothing for it.,True
1750842963-,field,footer,"The Report shall not be used to malign, defame and for any malicious purpose.
The Report is meant only for sole use of the addressee",,MISS,not_extracted,The value is in the golden record but the system returned nothing for it.,True
1750842963-,field,sample_collected_by,,Customer,MISS,unlabelled_extra,The system returned a field the golden record has no entry for — often a correct reading the label set does not cover. Excluded from gold-covered metrics.,False
1750842963-,field,authorized_signatory,,P.PRITHIVIRAJ,MISS,unlabelled_extra,The system returned a field the golden record has no entry for — often a correct reading the label set does not cover. Excluded from gold-covered metrics.,False
1750842963-,field,authorized_signatory_title,,Senior Scientist,MISS,unlabelled_extra,The system returned a field the golden record has no entry for — often a correct reading the label set does not cover. Excluded from gold-covered metrics.,False
1750842963-,field,organisation.laboratory_name,,Chennai Testing Laboratory Pvt ltd,MISS,unlabelled_extra,The system returned a field the golden record has no entry for — often a correct reading the label set does not cover. Excluded from gold-covered metrics.,False
1750842963-,test,tests.Cane Sugar.result,Absent,Absent,HIT,correct,,True
1750842963-,test,tests.Cane Sugar.reference_range,Shall be absent,Shall be absent,HIT,correct,,True
1750842963-,test,tests.Cellulose.result,Absent,Absent,HIT,correct,,True
1750842963-,test,tests.Cellulose.reference_range,Shall be absent,Shall be absent,HIT,correct,,True
1750842963-,test,tests.Starch.result,Absent,Absent,HIT,correct,,True
1750842963-,test,tests.Starch.reference_range,Shall be absent,Shall be absent,HIT,correct,,True
1750842963-,test,tests.Added Urea.result,Absent,Absent,HIT,correct,,True
1750842963-,test,tests.Added Urea.reference_range,Shall be absent,Shall be absent,HIT,correct,,True
1750842963-,test,tests.Ammonium Sulphate.result,Absent,Absent,HIT,correct,,True
1750842963-,test,tests.Ammonium Sulphate.reference_range,Shall be absent,Shall be absent,HIT,correct,,True
1750842963-,test,tests.Glucose.result,Absent,Absent,HIT,correct,,True
1750842963-,test,tests.Glucose.reference_range,Shall be absent,Shall be absent,HIT,correct,,True
1750842963-,test,tests.Sodium Chloride.result,Absent,Absent,HIT,correct,,True
1750842963-,test,tests.Sodium Chloride.reference_range,Shall be absent,Shall be absent,HIT,correct,,True
1750842963-,test,tests.Saccharin.result,Absent,Absent,HIT,correct,,True
1750842963-,test,tests.Saccharin.reference_range,Shall be absent,Shall be absent,HIT,correct,,True
1750842963-,test,tests.Dulcin.result,Absent,Absent,HIT,correct,,True
1750842963-,test,tests.Dulcin.reference_range,Shall be absent,Shall be absent,HIT,correct,,True
1750842963-,test,tests.Foreign Fat.result,Absent,Absent,HIT,correct,,True
1750842963-,test,tests.Foreign Fat.reference_range,Shall be absent,Shall be absent,HIT,correct,,True
1750842963-,test,tests.Milk Solids Not Fat.result,8.88,8.88,HIT,correct,,True
1750842963-,test,tests.Milk Solids Not Fat.unit,%,%,HIT,correct,,True
1750842963-,test,tests.Milk Solids Not Fat.reference_range,Min. 8.30,Min. 8.30,HIT,correct,,True
1750842963-,test,tests.Milk Fat.result,3.74,3.74,HIT,correct,,True
1750842963-,test,tests.Milk Fat.unit,%,%,HIT,correct,,True
1750842963-,test,tests.Milk Fat.reference_range,Min. 3.20,Min. 3.20,HIT,correct,,True
1786691000-,field,document_title,TEST REPORT,,MISS,not_extracted,The value is in the golden record but the system returned nothing for it.,True
1786691000-,field,lab_name,Scientific Food Testing Services Private Limited,Scientific Food Testing Services Private Limited,MISS,wrong_key,The system found the golden value but filed it under a different field name. The system called it 'organisation.laboratory_name'.,True
1786691000-,field,lab_address,"S.No.25/3, D.No.8/6, Vellalar Street, Ayanambakkam, Chennai - 600 095.","S.No.25/3,D.No.8/6,VellalarStreet,Ayanambakkam,Chennai-600095.",MISS,wrong_key,The system found the golden value but filed it under a different field name. The system called it 'organisation.address'.,True
1786691000-,field,lab_phone,+91-44-29567147,+91-44-29567147,MISS,wrong_key,The system found the golden value but filed it under a different field name. The system called it 'phone'.,True
1786691000-,field,lab_email,info@sftslab.com,,MISS,not_extracted,The value is in the golden record but the system returned nothing for it.,True
1786691000-,field,lab_email_2,customercare@sftslab.com,,MISS,not_extracted,The value is in the golden record but the system returned nothing for it.,True
1786691000-,field,lab_website,www.sftslab.com,www.sftslab.com,MISS,wrong_key,The system found the golden value but filed it under a different field name. The system called it 'website'.,True
1786691000-,field,lab_accreditation_no,TC - 9951,TC-9951,MISS,wrong_key,The system found the golden value but filed it under a different field name. The system called it 'accreditation_number'.,True
1786691000-,field,client_name,M/s. Annam Farms,,MISS,not_extracted,The value is in the golden record but the system returned nothing for it.,True
1786691000-,field,client_address,"No: 9, A Kattabomman Street, Pavendar Nagar, Sendurpuram, Kattupakkam, Chennai – 600 056.",,MISS,not_extracted,The value is in the golden record but the system returned nothing for it.,True
1786691000-,field,reference_number,Test Request dated  05.08.2026,TestRequest dated05.08.2026,HIT,correct,,True
1786691000-,field,sample_code,26000006223,26000006223,HIT,correct,,True
1786691000-,field,sample_name,Cow Milk,CowMilk,HIT,correct,,True
1786691000-,field,sample_condition,Good,,MISS,not_extracted,The value is in the golden record but the system returned nothing for it.,True
1786691000-,field,sample_collected_by,Sample as received,Sample asreceived,HIT,correct,,True
1786691000-,field,date_of_receipt,05.08.2026,05.08.2026,HIT,correct,,True
1786691000-,field,ulr_no,TC99512600000005341F,TC995126000005341F,MISS,wrong_value_different,"Right field, but the system read a genuinely different value.",True
1786691000-,field,report_number,NR/260005341,NR/260005341,HIT,correct,,True
1786691000-,field,date,08.08.2026,08.08.2026,HIT,correct,,True
1786691000-,field,start_date_of_analysis,05.08.2026,05.08.2026,HIT,correct,,True
1786691000-,field,end_date_of_analysis,08.08.2026,08.08.2026,HIT,correct,,True
1786691000-,field,testing_lab_address,Permanent Facility,PermanentFacility,HIT,correct,,True
1786691000-,field,serial_no,Sl.No.SFTS/NTR/2614059,,MISS,not_extracted,The value is in the golden record but the system returned nothing for it.,True
1786691000-,field,signatory_name,P. PRABHU,P. PRABHU,MISS,wrong_key,The system found the golden value but filed it under a different field name. The system called it 'authorised_signatory_chemical_name'.,True
1786691000-,field,signatory_designation,Manager - Food & Water,,MISS,not_extracted,The value is in the golden record but the system returned nothing for it.,True
1786691000-,field,signatory_title,Authorised Signatory - Chemical,,MISS,not_extracted,The value is in the golden record but the system returned nothing for it.,True
1786691000-,field,end_of_report,***End of Report***,,MISS,not_extracted,The value is in the golden record but the system returned nothing for it.,True
1786691000-,field,disclaimers,"1. This report sets forth our findings solely with respect to the test samples submitted.
2. The copying or replication of this report to or for any other person or entity, or use of our name or trademark, or used as evidence in court as law or used in any advertising media is permitted only with our prior written permission
3. The laboratory is not responsible for the authenticity of photocopied test report.
4. The Laboratory's responsibility under this report is limited to proven willful negligence.
5. The test item will not be retained for more than 7 days (perishable items will not be retained) from the date of test report unless specifically requested by customer (or) incase as required by applicable regulation (eg: For FSSAI 30 Days).",,MISS,not_extracted,The value is in the golden record but the system returned nothing for it.,True
1786691000-,field,page,,1 of 1,MISS,unlabelled_extra,The system returned a field the golden record has no entry for — often a correct reading the label set does not cover. Excluded from gold-covered metrics.,False
1786691000-,field,customer_name_and_address,,"M/s.Annam Farms
No:9,AKattabomman Street,
PavendarNagar,Sendurpuram,
Kattupakkam,Chennai-600056.",MISS,unlabelled_extra,The system returned a field the golden record has no entry for — often a correct reading the label set does not cover. Excluded from gold-covered metrics.,False
1786691000-,field,authorised_signatory_chemical_title,,Manager-Fcod&Water,MISS,unlabelled_extra,The system returned a field the golden record has no entry for — often a correct reading the label set does not cover. Excluded from gold-covered metrics.,False
1786691000-,field,si_no_sfts_ntr,,SFTS/NTR/2614059,MISS,unlabelled_extra,The system returned a field the golden record has no entry for — often a correct reading the label set does not cover. Excluded from gold-covered metrics.,False
1786691000-,field,organisation.email,,info@sftslab.com|customercare@sftslab.com,MISS,unlabelled_extra,The system returned a field the golden record has no entry for — often a correct reading the label set does not cover. Excluded from gold-covered metrics.,False
1786691000-,test,tests.Test for Starch.result,Absent,Absent,HIT,correct,,True
1786691000-,test,tests.Test for Urea.result,Absent,Absent,HIT,correct,,True
1786691000-,test,tests.Test for Neutralizers.result,Absent,Absent,HIT,correct,,True
1786691000-,test,tests.Test for Detergent.result,Absent,Absent,HIT,correct,,True
1786691000-,test,tests.Test for Glucose.result,Absent,Absent,HIT,correct,,True
1786691000-,test,tests.Test for Sodium Chloride.result,Absent,Absent,HIT,correct,,True
1786691000-,test,tests.Test for Hydrogen Peroxide.result,Absent,Absent,HIT,correct,,True
1786691000-,test,tests.Test for Formaldehyde.result,Absent,Absent,HIT,correct,,True
1786691000-,test,tests.Test for Acidity & Heat.result,Absent,Absent,HIT,correct,,True
1786691937-,field,document_title,TEST REPORT,,MISS,not_extracted,The value is in the golden record but the system returned nothing for it.,True
1786691937-,field,lab_name,Scientific Food Testing Services Private Limited,ScientificFood Testing ServicesPrivate Limited,MISS,wrong_key,The system found the golden value but filed it under a different field name. The system called it 'organisation.laboratory_name'.,True
1786691937-,field,lab_address,"S.No.25/3, D.No.8/6, Vellalar Street, Ayanambakkam, Chennai - 600 095.","S.No.25/3,D.No.8/6,VellalarStreet,Ayanambakkam,Chennai-600095.",MISS,wrong_key,The system found the golden value but filed it under a different field name. The system called it 'organisation.address'.,True
1786691937-,field,lab_phone,+91-44-29567147,+91-44-29567147,MISS,wrong_key,The system found the golden value but filed it under a different field name. The system called it 'phone'.,True
1786691937-,field,lab_email,info@sftslab.com,info@sftslab.com,MISS,wrong_key,The system found the golden value but filed it under a different field name. The system called it 'organisation.email'.,True
1786691937-,field,lab_email_2,customercare@sftslab.com,customercare@sftslab.com,MISS,wrong_key,The system found the golden value but filed it under a different field name. The system called it 'customer_care_email'.,True
1786691937-,field,lab_website,www.sftslab.com,www.sftslab.com,MISS,wrong_key,The system found the golden value but filed it under a different field name. The system called it 'website'.,True
1786691937-,field,lab_accreditation_no,TC - 9951,TC-9951,MISS,wrong_key,The system found the golden value but filed it under a different field name. The system called it 'tc_number'.,True
1786691937-,field,client_name,M/s. Annam Farms,,MISS,not_extracted,The value is in the golden record but the system returned nothing for it.,True
1786691937-,field,client_address,"No: 9, A Kattabomman Street, Pavendar Nagar, Sendurpuram, Kattupakkam, Chennai – 600 056.",,MISS,not_extracted,The value is in the golden record but the system returned nothing for it.,True
1786691937-,field,reference_number,Test Request dated  05.08.2026,TestRequest dated05.08.2026,HIT,correct,,True
1786691937-,field,sample_code,26000006223,26000006223,HIT,correct,,True
1786691937-,field,sample_name,Cow Milk,CowMilk,HIT,correct,,True
1786691937-,field,sample_condition,Good,,MISS,not_extracted,The value is in the golden record but the system returned nothing for it.,True
1786691937-,field,sample_collected_by,Sample as received,Sample asreceived,HIT,correct,,True
1786691937-,field,date_of_receipt,05.08.2026,05.08.2026,HIT,correct,,True
1786691937-,field,ulr_no,TC99512600000005341F,TC995126000005341F,MISS,wrong_value_different,"Right field, but the system read a genuinely different value.",True
1786691937-,field,report_number,NR/260005341,NR/260005341,HIT,correct,,True
1786691937-,field,date,08.08.2026,08.08.2026,HIT,correct,,True
1786691937-,field,start_date_of_analysis,05.08.2026,05.08.2026,HIT,correct,,True
1786691937-,field,end_date_of_analysis,08.08.2026,08.08.2026,HIT,correct,,True
1786691937-,field,testing_lab_address,Permanent Facility,PermanentFacility,HIT,correct,,True
1786691937-,field,serial_no,Sl.No.SFTS/NTR/2614059,,MISS,not_extracted,The value is in the golden record but the system returned nothing for it.,True
1786691937-,field,signatory_name,P. PRABHU,,MISS,not_extracted,The value is in the golden record but the system returned nothing for it.,True
1786691937-,field,signatory_designation,Manager - Food & Water,,MISS,not_extracted,The value is in the golden record but the system returned nothing for it.,True
1786691937-,field,signatory_title,Authorised Signatory - Chemical,,MISS,not_extracted,The value is in the golden record but the system returned nothing for it.,True
1786691937-,field,end_of_report,***End of Report***,,MISS,not_extracted,The value is in the golden record but the system returned nothing for it.,True
1786691937-,field,disclaimers,"1. This report sets forth our findings solely with respect to the test samples submitted.
2. The copying or replication of this report to or for any other person or entity, or use of our name or trademark, or used as evidence in court as law or used in any advertising media is permitted only with our prior written permission
3. The laboratory is not responsible for the authenticity of photocopied test report.
4. The Laboratory's responsibility under this report is limited to proven willful negligence.
5. The test item will not be retained for more than 7 days (perishable items will not be retained) from the date of test report unless specifically requested by customer (or) incase as required by applicable regulation (eg: For FSSAI 30 Days).",,MISS,not_extracted,The value is in the golden record but the system returned nothing for it.,True
1786691937-,field,page,,1of1,MISS,unlabelled_extra,The system returned a field the golden record has no entry for — often a correct reading the label set does not cover. Excluded from gold-covered metrics.,False
1786691937-,field,customer_name_and_address,,"M/s.Annam Farms
No:9,AKattabomman Street,
PavendarNagar,Sendurpuram,
Kattupakkam,Chennai-600056.",MISS,unlabelled_extra,The system returned a field the golden record has no entry for — often a correct reading the label set does not cover. Excluded from gold-covered metrics.,False
1786691937-,field,authorized_signatory,,"P.PRABHU
Manager-Fcod&Water
Authorised Signatory-Chemical",MISS,unlabelled_extra,The system returned a field the golden record has no entry for — often a correct reading the label set does not cover. Excluded from gold-covered metrics.,False
1786691937-,field,internal_reference,,SI.No.SFTS/NTR/2614059,MISS,unlabelled_extra,The system returned a field the golden record has no entry for — often a correct reading the label set does not cover. Excluded from gold-covered metrics.,False
1786691937-,test,tests.Test for Starch.result,Absent,Absent,HIT,correct,,True
1786691937-,test,tests.Test for Urea.result,Absent,Absent,HIT,correct,,True
1786691937-,test,tests.Test for Neutralizers.result,Absent,Absent,HIT,correct,,True
1786691937-,test,tests.Test for Detergent.result,Absent,Absent,HIT,correct,,True
1786691937-,test,tests.Test for Glucose.result,Absent,Absent,HIT,correct,,True
1786691937-,test,tests.Test for Sodium Chloride.result,Absent,Absent,HIT,correct,,True
1786691937-,test,tests.Test for Hydrogen Peroxide.result,Absent,Absent,HIT,correct,,True
1786691937-,test,tests.Test for Formaldehyde.result,Absent,Absent,HIT,correct,,True
1786691937-,test,tests.Test for Acidity & Heat.result,Absent,Absent,HIT,correct,,True
1786693915-,field,document_title,TEST REPORT,,MISS,not_extracted,The value is in the golden record but the system returned nothing for it.,True
1786693915-,field,lab_name,Scientific Food Testing Services Private Limited,Scientific Food Testing Services Private Limited,MISS,wrong_key,The system found the golden value but filed it under a different field name. The system called it 'organisation.laboratory_name'.,True
1786693915-,field,lab_address,"S.No.25/3, D.No.8/6, Vellalar Street, Ayanambakkam, Chennai - 600 095.","S.No.25/3,D.No.8/6,VellalarStreet,Ayanambakkam,Chennai-600095.",MISS,wrong_key,The system found the golden value but filed it under a different field name. The system called it 'organisation.address'.,True
1786693915-,field,lab_phone,+91-44-29567147,+91-44-29567147,MISS,wrong_key,The system found the golden value but filed it under a different field name. The system called it 'phone'.,True
1786693915-,field,lab_email,info@sftslab.com,,MISS,not_extracted,The value is in the golden record but the system returned nothing for it.,True
1786693915-,field,lab_email_2,customercare@sftslab.com,,MISS,not_extracted,The value is in the golden record but the system returned nothing for it.,True
1786693915-,field,lab_website,www.sftslab.com,www.sftslab.com,MISS,wrong_key,The system found the golden value but filed it under a different field name. The system called it 'website'.,True
1786693915-,field,lab_accreditation_no,TC - 9951,TC-9951,MISS,wrong_key,The system found the golden value but filed it under a different field name. The system called it 'accreditation'.,True
1786693915-,field,client_name,M/s. Annam Farms,,MISS,not_extracted,The value is in the golden record but the system returned nothing for it.,True
1786693915-,field,client_address,"No: 9, A Kattabomman Street, Pavendar Nagar, Sendurpuram, Kattupakkam, Chennai – 600 056.",,MISS,not_extracted,The value is in the golden record but the system returned nothing for it.,True
1786693915-,field,reference_number,Test Request dated  05.08.2026,TestRequest dated05.08.2026,HIT,correct,,True
1786693915-,field,sample_code,26000006223,26000006223,HIT,correct,,True
1786693915-,field,sample_name,Cow Milk,CowMilk,HIT,correct,,True
1786693915-,field,sample_condition,Good,,MISS,not_extracted,The value is in the golden record but the system returned nothing for it.,True
1786693915-,field,sample_collected_by,Sample as received,Sample asreceived,HIT,correct,,True
1786693915-,field,date_of_receipt,05.08.2026,05.08.2026,HIT,correct,,True
1786693915-,field,ulr_no,TC99512600000005341F,TC995126000005341F,MISS,wrong_value_different,"Right field, but the system read a genuinely different value.",True
1786693915-,field,report_number,NR/260005341,NR/260005341,HIT,correct,,True
1786693915-,field,date,08.08.2026,08.08.2026,HIT,correct,,True
1786693915-,field,start_date_of_analysis,05.08.2026,05.08.2026,HIT,correct,,True
1786693915-,field,end_date_of_analysis,08.08.2026,08.08.2026,HIT,correct,,True
1786693915-,field,testing_lab_address,Permanent Facility,PermanentFacility,HIT,correct,,True
1786693915-,field,serial_no,Sl.No.SFTS/NTR/2614059,,MISS,not_extracted,The value is in the golden record but the system returned nothing for it.,True
1786693915-,field,signatory_name,P. PRABHU,P. PRABHU,MISS,wrong_key,The system found the golden value but filed it under a different field name. The system called it 'authorized_signatory'.,True
1786693915-,field,signatory_designation,Manager - Food & Water,,MISS,not_extracted,The value is in the golden record but the system returned nothing for it.,True
1786693915-,field,signatory_title,Authorised Signatory - Chemical,,MISS,not_extracted,The value is in the golden record but the system returned nothing for it.,True
1786693915-,field,end_of_report,***End of Report***,,MISS,not_extracted,The value is in the golden record but the system returned nothing for it.,True
1786693915-,field,disclaimers,"1. This report sets forth our findings solely with respect to the test samples submitted.
2. The copying or replication of this report to or for any other person or entity, or use of our name or trademark, or used as evidence in court as law or used in any advertising media is permitted only with our prior written permission
3. The laboratory is not responsible for the authenticity of photocopied test report.
4. The Laboratory's responsibility under this report is limited to proven willful negligence.
5. The test item will not be retained for more than 7 days (perishable items will not be retained) from the date of test report unless specifically requested by customer (or) incase as required by applicable regulation (eg: For FSSAI 30 Days).",,MISS,not_extracted,The value is in the golden record but the system returned nothing for it.,True
1786693915-,field,page,,1 of 1,MISS,unlabelled_extra,The system returned a field the golden record has no entry for — often a correct reading the label set does not cover. Excluded from gold-covered metrics.,False
1786693915-,field,customer_name_and_address,,"M/s.Annam Farms
No:9,AKattabomman Street,
PavendarNagar,Sendurpuram,
Kattupakkam,Chennai-600056.",MISS,unlabelled_extra,The system returned a field the golden record has no entry for — often a correct reading the label set does not cover. Excluded from gold-covered metrics.,False
1786693915-,field,organisation.email,,"info@sftslab.com,customercare@sftslab.com",MISS,unlabelled_extra,The system returned a field the golden record has no entry for — often a correct reading the label set does not cover. Excluded from gold-covered metrics.,False
1786693915-,test,tests.Test for Starch.result,Absent,Absent,HIT,correct,,True
1786693915-,test,tests.Test for Urea.result,Absent,Absent,HIT,correct,,True
1786693915-,test,tests.Test for Neutralizers.result,Absent,Absent,HIT,correct,,True
1786693915-,test,tests.Test for Detergent.result,Absent,Absent,HIT,correct,,True
1786693915-,test,tests.Test for Glucose.result,Absent,Absent,HIT,correct,,True
1786693915-,test,tests.Test for Sodium Chloride.result,Absent,Absent,HIT,correct,,True
1786693915-,test,tests.Test for Hydrogen Peroxide.result,Absent,Absent,HIT,correct,,True
1786693915-,test,tests.Test for Formaldehyde.result,Absent,Absent,HIT,correct,,True
1786693915-,test,tests.Test for Acidity & Heat.result,Absent,Absent,HIT,correct,,True
1786704944-,field,document_title,TEST REPORT,,MISS,not_extracted,The value is in the golden record but the system returned nothing for it.,True
1786704944-,field,lab_name,Scientific Food Testing Services Private Limited,ScientificFood Testing ServicesPrivate Limited,MISS,wrong_key,The system found the golden value but filed it under a different field name. The system called it 'company_name'.,True
1786704944-,field,lab_address,"S.No.25/3, D.No.8/6, Vellalar Street, Ayanambakkam, Chennai - 600 095.","S.No.25/3,D.No.8/6,VellalarStreet,Ayanambakkam,Chennai-600095.",MISS,wrong_key,The system found the golden value but filed it under a different field name. The system called it 'organisation.address'.,True
1786704944-,field,lab_phone,+91-44-29567147,+91-44-29567147,MISS,wrong_key,The system found the golden value but filed it under a different field name. The system called it 'phone'.,True
1786704944-,field,lab_email,info@sftslab.com,,MISS,not_extracted,The value is in the golden record but the system returned nothing for it.,True
1786704944-,field,lab_email_2,customercare@sftslab.com,,MISS,not_extracted,The value is in the golden record but the system returned nothing for it.,True
1786704944-,field,lab_website,www.sftslab.com,www.sftslab.com,MISS,wrong_key,The system found the golden value but filed it under a different field name. The system called it 'website'.,True
1786704944-,field,lab_accreditation_no,TC - 9951,TC-9951,MISS,wrong_key,The system found the golden value but filed it under a different field name. The system called it 'accreditation_number'.,True
1786704944-,field,client_name,M/s. Annam Farms,,MISS,not_extracted,The value is in the golden record but the system returned nothing for it.,True
1786704944-,field,client_address,"No: 9, A Kattabomman Street, Pavendar Nagar, Sendurpuram, Kattupakkam, Chennai – 600 056.",,MISS,not_extracted,The value is in the golden record but the system returned nothing for it.,True
1786704944-,field,reference_number,Test Request dated  05.08.2026,TestRequest dated05.08.2026,HIT,correct,,True
1786704944-,field,sample_code,26000006223,26000006223,HIT,correct,,True
1786704944-,field,sample_name,Cow Milk,CowMilk,HIT,correct,,True
1786704944-,field,sample_condition,Good,,MISS,not_extracted,The value is in the golden record but the system returned nothing for it.,True
1786704944-,field,sample_collected_by,Sample as received,Sample asreceived,HIT,correct,,True
1786704944-,field,date_of_receipt,05.08.2026,05.08.2026,HIT,correct,,True
1786704944-,field,ulr_no,TC99512600000005341F,TC995126000005341F,MISS,wrong_value_different,"Right field, but the system read a genuinely different value.",True
1786704944-,field,report_number,NR/260005341,NR/260005341,HIT,correct,,True
1786704944-,field,date,08.08.2026,08.08.2026,HIT,correct,,True
1786704944-,field,start_date_of_analysis,05.08.2026,05.08.2026,HIT,correct,,True
1786704944-,field,end_date_of_analysis,08.08.2026,08.08.2026,HIT,correct,,True
1786704944-,field,testing_lab_address,Permanent Facility,PermanentFacility,HIT,correct,,True
1786704944-,field,serial_no,Sl.No.SFTS/NTR/2614059,,MISS,not_extracted,The value is in the golden record but the system returned nothing for it.,True
1786704944-,field,signatory_name,P. PRABHU,P.PRABHU,MISS,wrong_key,The system found the golden value but filed it under a different field name. The system called it 'authorised_signatory_name'.,True
1786704944-,field,signatory_designation,Manager - Food & Water,,MISS,not_extracted,The value is in the golden record but the system returned nothing for it.,True
1786704944-,field,signatory_title,Authorised Signatory - Chemical,,MISS,not_extracted,The value is in the golden record but the system returned nothing for it.,True
1786704944-,field,end_of_report,***End of Report***,,MISS,not_extracted,The value is in the golden record but the system returned nothing for it.,True
1786704944-,field,disclaimers,"1. This report sets forth our findings solely with respect to the test samples submitted.
2. The copying or replication of this report to or for any other person or entity, or use of our name or trademark, or used as evidence in court as law or used in any advertising media is permitted only with our prior written permission
3. The laboratory is not responsible for the authenticity of photocopied test report.
4. The Laboratory's responsibility under this report is limited to proven willful negligence.
5. The test item will not be retained for more than 7 days (perishable items will not be retained) from the date of test report unless specifically requested by customer (or) incase as required by applicable regulation (eg: For FSSAI 30 Days).",,MISS,not_extracted,The value is in the golden record but the system returned nothing for it.,True
1786704944-,field,page,,1 of 1,MISS,unlabelled_extra,The system returned a field the golden record has no entry for — often a correct reading the label set does not cover. Excluded from gold-covered metrics.,False
1786704944-,field,customer_name_and_address,,"M/s.Annam Farms
No:9,AKattabomman Street,
PavendarNagar,Sendurpuram,
Kattupakkam,Chennai-600056.",MISS,unlabelled_extra,The system returned a field the golden record has no entry for — often a correct reading the label set does not cover. Excluded from gold-covered metrics.,False
1786704944-,field,authorised_signatory_title,,"Manager-Fcod&Water
Authorised Signatory-Chemical",MISS,unlabelled_extra,The system returned a field the golden record has no entry for — often a correct reading the label set does not cover. Excluded from gold-covered metrics.,False
1786704944-,field,internal_reference,,SI.No.SFTS/NTR/2614059,MISS,unlabelled_extra,The system returned a field the golden record has no entry for — often a correct reading the label set does not cover. Excluded from gold-covered metrics.,False
1786704944-,field,organisation.email,,"info@sftslab.com, customercare@sftslab.com",MISS,unlabelled_extra,The system returned a field the golden record has no entry for — often a correct reading the label set does not cover. Excluded from gold-covered metrics.,False
1786704944-,test,tests.Test for Starch.result,Absent,Absent,HIT,correct,,True
1786704944-,test,tests.Test for Urea.result,Absent,Absent,HIT,correct,,True
1786704944-,test,tests.Test for Neutralizers.result,Absent,Absent,HIT,correct,,True
1786704944-,test,tests.Test for Detergent.result,Absent,Absent,HIT,correct,,True
1786704944-,test,tests.Test for Glucose.result,Absent,Absent,HIT,correct,,True
1786704944-,test,tests.Test for Sodium Chloride.result,Absent,Absent,HIT,correct,,True
1786704944-,test,tests.Test for Hydrogen Peroxide.result,Absent,Absent,HIT,correct,,True
1786704944-,test,tests.Test for Formaldehyde.result,Absent,Absent,HIT,correct,,True
1786704944-,test,tests.Test for Acidity & Heat.result,Absent,Absent,HIT,correct,,True
2026-Lab-Report,field,document_title,CERTIFICATE OF ANALYSIS,,MISS,not_extracted,The value is in the golden record but the system returned nothing for it.,True
2026-Lab-Report,field,lab_name,"Health Level One Inc.,",,MISS,not_extracted,The value is in the golden record but the system returned nothing for it.,True
2026-Lab-Report,field,lab_address,"180 Adams Avenue, Hauppauge, NY, 11788","180 Adams Avenue, Hauppauge, NY, 11788",MISS,wrong_key,The system found the golden value but filed it under a different field name. The system called it 'organisation.address'.,True
2026-Lab-Report,field,lab_phone,"631-345-6300,  631-345-6303","631-345-6300, 631-345-6303",MISS,wrong_key,The system found the golden value but filed it under a different field name. The system called it 'phone'.,True
2026-Lab-Report,field,lab_fax,631-504-6855,631-504-6855,MISS,wrong_key,The system found the golden value but filed it under a different field name. The system called it 'organisation.fax'.,True
2026-Lab-Report,field,company_name,Qyang Enterprises,Health Level One Inc.,MISS,wrong_value_different,"Right field, but the system read a genuinely different value.",True
2026-Lab-Report,field,company_address,"5Union Square West #13 19
New York, NY 10003",,MISS,not_extracted,The value is in the golden record but the system returned nothing for it.,True
2026-Lab-Report,field,product_name,Chi Tea Ultimate Green Tea,Chi Tea Ultimate Green Tea,HIT,correct,,True
2026-Lab-Report,field,lot_number,26061801,26061801,HIT,correct,,True
2026-Lab-Report,field,description,Dark brown viscous liquid,Dark brown viscous liquid,HIT,correct,,True
2026-Lab-Report,field,serving_size,1 mL (1 mL = 1.202 g/cm3),1 mL (1 mL = 1.202 g/cm3),HIT,correct,,True
2026-Lab-Report,field,lab_control_number,CH14045226,CH14045226,HIT,correct,,True
2026-Lab-Report,field,coa_date,07/28/26,07/28/26,HIT,correct,,True
2026-Lab-Report,field,date_received,07/22/26,07/22/26,HIT,correct,,True
2026-Lab-Report,field,role,Approved by:,,MISS,not_extracted,The value is in the golden record but the system returned nothing for it.,True
2026-Lab-Report,field,signatory_title,"Director, Health Level One Inc.,","Director, Health Level One Inc.",MISS,wrong_key,The system found the golden value but filed it under a different field name. The system called it 'approved_by_title'.,True
2026-Lab-Report,field,date,07/28/26,07/28/26,MISS,wrong_key,The system found the golden value but filed it under a different field name. The system called it 'approval_date'.,True
2026-Lab-Report,field,footer,"This report is intended only for the customer listed on this report, and may not be reproduced or published for advertisement, trade or litigation purposes in part or in its entirety without Health Level One Inc.'s prior written consent. Specification if noted are as provided by customer. This report applies to only the sample tested as received and bears no guarantee to represent the product or lot in its entirety.",,MISS,not_extracted,The value is in the golden record but the system returned nothing for it.,True
2026-Lab-Report,field,page,,Page 1 of 1,MISS,unlabelled_extra,The system returned a field the golden record has no entry for — often a correct reading the label set does not cover. Excluded from gold-covered metrics.,False
2026-Lab-Report,field,company_name_and_address,,"Qyang Enterprises
5Union Square West #13 19
New York, NY 10003",MISS,unlabelled_extra,The system returned a field the golden record has no entry for — often a correct reading the label set does not cover. Excluded from gold-covered metrics.,False
2026-Lab-Report,test,tests.Epigallocatechin Gallate (EGCG).result,92.77 mg/mL,92.77,MISS,test_wrong_result,"Row matched, but its result value differs.",True
2026-Lab-Report,test,tests.Epigallocatechin Gallate (EGCG).unit,,mg/mL,MISS,unlabelled_extra,The system returned a field the golden record has no entry for — often a correct reading the label set does not cover. Excluded from gold-covered metrics.,False
2026-Lab-Report,test,tests.Total Polyphenols.result,140.78 mg/mL,140.78,MISS,test_wrong_result,"Row matched, but its result value differs.",True
2026-Lab-Report,test,tests.Total Polyphenols.unit,,mg/mL,MISS,unlabelled_extra,The system returned a field the golden record has no entry for — often a correct reading the label set does not cover. Excluded from gold-covered metrics.,False
3491 moringa powder-1,field,document_title,TEST REPORT,,MISS,not_extracted,The value is in the golden record but the system returned nothing for it.,True
3491 moringa powder-1,field,lab_name,ALPHA LABS & TECHNOLOGIES,ALPHA LABS & TECHNOLOGIES,MISS,wrong_key,The system found the golden value but filed it under a different field name. The system called it 'organisation.laboratory_name'.,True
3491 moringa powder-1,field,lab_scope,FOOD/WATER/SOIL/COSMETICS  & OTHER PRODUCTS TESTING,,MISS,not_extracted,The value is in the golden record but the system returned nothing for it.,True
3491 moringa powder-1,field,lab_certification,An ISO 9001 Certified Laboratory,An ISO 9001 Certified Laboratory,MISS,wrong_key,The system found the golden value but filed it under a different field name. The system called it 'accreditation_certification'.,True
3491 moringa powder-1,field,lab_address,"281-C Thadagam Road, Amutha Surabi Upstairs, Opp Avila Convent, Venkittapuram, Coimbatore-641025","281-C Thadagam Road, Amutha Surabi Upstairs, Opp Avila Convent, Venkittapuram, Coimbatore-641025",HIT,correct,,True
3491 moringa powder-1,field,lab_phone,0422-2441499,0422-2441499,MISS,wrong_key,The system found the golden value but filed it under a different field name. The system called it 'laboratory_telephone'.,True
3491 moringa powder-1,field,lab_mobile,96294 40642,9629440642,MISS,wrong_key,The system found the golden value but filed it under a different field name. The system called it 'laboratory_mobile'.,True
3491 moringa powder-1,field,lab_email,alphalabtech@gmail.com,alphalabtech@gmail.com,MISS,wrong_key,The system found the golden value but filed it under a different field name. The system called it 'laboratory_email'.,True
3491 moringa powder-1,field,lab_website,www.alphalabtech.in,www.alphalabtech.in,MISS,wrong_key,The system found the golden value but filed it under a different field name. The system called it 'laboratory_website'.,True
3491 moringa powder-1,field,customer_details,"M/S.SELVI HOME MADE FOOD PRODUCTS, VM Chatram, Tirunelveli – 627 011","M/S.SELVI HOME MADE FOOD PRODUCTS, VM Chatram, Tirunelveli - 627 011",HIT,correct,,True
3491 moringa powder-1,field,sample_details,MORINGA POWDER – 100G,MORINGA POWDER - 100G,HIT,correct,,True
3491 moringa powder-1,field,sample_number,ALT/DEC/25/3491,ALT/DEC/25/3491,HIT,correct,,True
3491 moringa powder-1,field,date_of_receipt,17.12.2025,2025-12-17,HIT,correct,,True
3491 moringa powder-1,field,report_number,ALT/3491/2025,ALT/3491/2025,HIT,correct,,True
3491 moringa powder-1,field,report_issue_date,27.12.2025,2025-12-27,HIT,correct,,True
3491 moringa powder-1,field,start_date_of_analysis,17.12.2025,2025-12-17,HIT,correct,,True
3491 moringa powder-1,field,end_date_of_analysis,27.12.2025,2025-12-27,HIT,correct,,True
3491 moringa powder-1,field,results_title,RESULTS OF THE ANALYSIS,,MISS,not_extracted,The value is in the golden record but the system returned nothing for it.,True
3491 moringa powder-1,field,role,Reviewed by,,MISS,not_extracted,The value is in the golden record but the system returned nothing for it.,True
3491 moringa powder-1,field,signatory_title,Senior chemist,Senior chemist,MISS,wrong_key,The system found the golden value but filed it under a different field name. The system called it 'reviewed_by_title'.,True
3491 moringa powder-1,field,end_of_report,*** End of Report ***,,MISS,not_extracted,The value is in the golden record but the system returned nothing for it.,True
3491 moringa powder-1,field,footer,"The Test results relate only to the items tested. The Test report will not be reproduced in full or part without the written consent of Alpha Labs & Technologies*Lab is not responsible for Legitimacy of Xerox or photo copied test reports * Unless informed by the customer, the test items will not be retained for more than 14 days from the date of issue of the report * The sampling activity is not carried out by the lab and the samples has been provided by the customer. If the validity of results gets affected the laboratory has not been responsible for the sampling.",,MISS,not_extracted,The value is in the golden record but the system returned nothing for it.,True
3491 moringa powder-1,field,approved_by_title,,Technical Manager,MISS,unlabelled_extra,The system returned a field the golden record has no entry for — often a correct reading the label set does not cover. Excluded from gold-covered metrics.,False
3491 moringa powder-1,field,authorized_signatory,,Authorized Signatory,MISS,unlabelled_extra,The system returned a field the golden record has no entry for — often a correct reading the label set does not cover. Excluded from gold-covered metrics.,False
3491 moringa powder-1,test,tests.Moisture.result,2.91,2.91,HIT,correct,,True
3491 moringa powder-1,test,tests.Moisture.unit,g/100g,g/100g,HIT,correct,,True
3491 moringa powder-1,test,tests.Total Ash.result,3.70,3.70,HIT,correct,,True
3491 moringa powder-1,test,tests.Total Ash.unit,g/100g,g/100g,HIT,correct,,True
3491 moringa powder-1,test,tests.Total Fat.result,1.46,1.46,HIT,correct,,True
3491 moringa powder-1,test,tests.Total Fat.unit,g/100g,g/100g,HIT,correct,,True
3491 moringa powder-1,test,tests.Total Protein.result,17.93,17.93,HIT,correct,,True
3491 moringa powder-1,test,tests.Total Protein.unit,g/100g,g/100g,HIT,correct,,True
3491 moringa powder-1,test,tests.Carbohydrates.result,73.65,73.65,HIT,correct,,True
3491 moringa powder-1,test,tests.Carbohydrates.unit,g/100g,g/100g,HIT,correct,,True
3491 moringa powder-1,test,tests.Energy.result,388.48,388.48,HIT,correct,,True
3491 moringa powder-1,test,tests.Energy.unit,Kcals/100g,Kcals/100g,HIT,correct,,True
3491 moringa powder-1,test,tests.Total Sugar.result,4.23,4.23,HIT,correct,,True
3491 moringa powder-1,test,tests.Total Sugar.unit,g/100g,g/100g,HIT,correct,,True
3491 moringa powder-1,test,tests.IronasFe.result,9.6,9.6,HIT,correct,,True
3491 moringa powder-1,test,tests.IronasFe.unit,mg/kg,mg/kg,HIT,correct,,True
3491 moringa powder-1,test,tests.CalciumasCa.result,3433,3433,HIT,correct,,True
3491 moringa powder-1,test,tests.CalciumasCa.unit,mg/kg,mg/kg,HIT,correct,,True
3491 moringa powder-1,test,tests.Saturated Fat.result,1.25,1.25,HIT,correct,,True
3491 moringa powder-1,test,tests.Saturated Fat.unit,g/100g,g/100g,HIT,correct,,True
3491 moringa powder-1,test,tests.Trans Fat.result,0.0,0.0,HIT,correct,,True
3491 moringa powder-1,test,tests.Trans Fat.unit,g/100g,g/100g,HIT,correct,,True
3491 moringa powder-1,test,tests.Cholesterol.result,0.0,0.0,HIT,correct,,True
3491 moringa powder-1,test,tests.Cholesterol.unit,mg/100g,mg/100g,HIT,correct,,True
3491 moringa powder-1,test,tests.Dietary Fiber.result,0.88,0.88,HIT,correct,,True
3491 moringa powder-1,test,tests.Dietary Fiber.unit,g/100g,g/100g,HIT,correct,,True
3491 moringa powder-1,test,tests.Sodium.result,21,21,HIT,correct,,True
3491 moringa powder-1,test,tests.Sodium.unit,mg/100g,mg/100g,HIT,correct,,True
3491 moringa powder-1,test,tests.Potassium.result,446,446,HIT,correct,,True
3491 moringa powder-1,test,tests.Potassium.unit,mg/100g,mg/100g,HIT,correct,,True
3492 Ragi Laddu-1,field,document_title,TEST REPORT,,MISS,not_extracted,The value is in the golden record but the system returned nothing for it.,True
3492 Ragi Laddu-1,field,lab_name,ALPHA LABS & TECHNOLOGIES,ALPHA LABS & TECHNOLOGIES,MISS,wrong_key,The system found the golden value but filed it under a different field name. The system called it 'organisation.laboratory_name'.,True
3492 Ragi Laddu-1,field,lab_scope,FOOD/WATER/SOIL/COSMETICS  & OTHER PRODUCTS TESTING,,MISS,not_extracted,The value is in the golden record but the system returned nothing for it.,True
3492 Ragi Laddu-1,field,lab_certification,An ISO 9001 Certified Laboratory,,MISS,not_extracted,The value is in the golden record but the system returned nothing for it.,True
3492 Ragi Laddu-1,field,lab_address,"281-C Thadagam Road, Amutha Surabi Upstairs, Opp Avila Convent, Venkittapuram, Coimbatore-641025","281-C Thadagam Road, Amutha Surabi Upstairs, Opp Avila Convent, Venkittapuram, Coimbatore-641025",HIT,correct,,True
3492 Ragi Laddu-1,field,lab_phone,0422-2441499,0422-2441499,MISS,wrong_key,The system found the golden value but filed it under a different field name. The system called it 'laboratory_telephone'.,True
3492 Ragi Laddu-1,field,lab_mobile,96294 40642,9629440642,MISS,wrong_key,The system found the golden value but filed it under a different field name. The system called it 'laboratory_mobile'.,True
3492 Ragi Laddu-1,field,lab_email,alphalabtech@gmail.com,alphalabtech@gmail.com,MISS,wrong_key,The system found the golden value but filed it under a different field name. The system called it 'laboratory_email'.,True
3492 Ragi Laddu-1,field,lab_website,www.alphalabtech.in,www.alphalabtech.in,MISS,wrong_key,The system found the golden value but filed it under a different field name. The system called it 'laboratory_website'.,True
3492 Ragi Laddu-1,field,customer_details,"M/S.SELVI HOME MADE FOOD PRODUCTS, VM Chatram, Tirunelveli – 627 011","M/S.SELVI HOME MADE FOOD PRODUCTS, VM Chatram, Tirunelveli - 627 011",HIT,correct,,True
3492 Ragi Laddu-1,field,sample_details,RAGI LADDU,RAGI LADDU,HIT,correct,,True
3492 Ragi Laddu-1,field,sample_number,ALT/DEC/25/3492,ALT/DEC/25/3492,HIT,correct,,True
3492 Ragi Laddu-1,field,date_of_receipt,17.12.2025,2025-12-17,HIT,correct,,True
3492 Ragi Laddu-1,field,report_number,ALT/3492/2025,ALT/3492/2025,HIT,correct,,True
3492 Ragi Laddu-1,field,report_issue_date,27.12.2025,2025-12-27,HIT,correct,,True
3492 Ragi Laddu-1,field,start_date_of_analysis,17.12.2025,2025-12-17,HIT,correct,,True
3492 Ragi Laddu-1,field,end_date_of_analysis,27.12.2025,2025-12-27,HIT,correct,,True
3492 Ragi Laddu-1,field,results_title,RESULTS OF THE ANALYSIS,,MISS,not_extracted,The value is in the golden record but the system returned nothing for it.,True
3492 Ragi Laddu-1,field,role,Reviewed by,,MISS,not_extracted,The value is in the golden record but the system returned nothing for it.,True
3492 Ragi Laddu-1,field,signatory_title,Senior chemist,Senior chemist,MISS,wrong_key,The system found the golden value but filed it under a different field name. The system called it 'reviewed_by_title'.,True
3492 Ragi Laddu-1,field,end_of_report,*** End of Report ***,,MISS,not_extracted,The value is in the golden record but the system returned nothing for it.,True
3492 Ragi Laddu-1,field,footer,"The Test results relate only to the items tested. The Test report will not be reproduced in full or part without the written consent of Alpha Labs & Technologies*Lab is not responsible for Legitimacy of Xerox or photo copied test reports * Unless informed by the customer, the test items will not be retained for more than 14 days from the date of issue of the report * The sampling activity is not carried out by the lab and the samples has been provided by the customer. If the validity of results gets affected the laboratory has not been responsible for the sampling.",,MISS,not_extracted,The value is in the golden record but the system returned nothing for it.,True
3492 Ragi Laddu-1,field,approved_by_title,,Technical Manager,MISS,unlabelled_extra,The system returned a field the golden record has no entry for — often a correct reading the label set does not cover. Excluded from gold-covered metrics.,False
3492 Ragi Laddu-1,field,certification,,An ISO 9001 Certified Laboratory,MISS,unlabelled_extra,The system returned a field the golden record has no entry for — often a correct reading the label set does not cover. Excluded from gold-covered metrics.,False
3492 Ragi Laddu-1,field,accreditation,,An ISO 9001 Certified Laboratory,MISS,unlabelled_extra,The system returned a field the golden record has no entry for — often a correct reading the label set does not cover. Excluded from gold-covered metrics.,False
3492 Ragi Laddu-1,field,authorized_signatory,,Authorized Signatory,MISS,unlabelled_extra,The system returned a field the golden record has no entry for — often a correct reading the label set does not cover. Excluded from gold-covered metrics.,False
3492 Ragi Laddu-1,test,tests.Moisture.result,8.83,8.83,HIT,correct,,True
3492 Ragi Laddu-1,test,tests.Moisture.unit,g/100g,g/100g,HIT,correct,,True
3492 Ragi Laddu-1,test,tests.Total Ash.result,1.89,1.89,HIT,correct,,True
3492 Ragi Laddu-1,test,tests.Total Ash.unit,g/100g,g/100g,HIT,correct,,True
3492 Ragi Laddu-1,test,tests.Total Fat.result,16.8,16.8,HIT,correct,,True
3492 Ragi Laddu-1,test,tests.Total Fat.unit,g/100g,g/100g,HIT,correct,,True
3492 Ragi Laddu-1,test,tests.Total Protein.result,3.8,3.8,HIT,correct,,True
3492 Ragi Laddu-1,test,tests.Total Protein.unit,g/100g,g/100g,HIT,correct,,True
3492 Ragi Laddu-1,test,tests.Carbohydrates.result,68.69,68.69,HIT,correct,,True
3492 Ragi Laddu-1,test,tests.Carbohydrates.unit,g/100g,g/100g,HIT,correct,,True
3492 Ragi Laddu-1,test,tests.Energy.result,441.16,441.16,HIT,correct,,True
3492 Ragi Laddu-1,test,tests.Energy.unit,Kcals/100g,Kcals/100g,HIT,correct,,True
3492 Ragi Laddu-1,test,tests.Total Sugar.result,24.8,24.8,HIT,correct,,True
3492 Ragi Laddu-1,test,tests.Total Sugar.unit,g/100g,g/100g,HIT,correct,,True
3492 Ragi Laddu-1,test,tests.IronasFe.result,5.46,5.46,HIT,correct,,True
3492 Ragi Laddu-1,test,tests.IronasFe.unit,mg/kg,mg/kg,HIT,correct,,True
3492 Ragi Laddu-1,test,tests.CalciumasCa.result,148,148,HIT,correct,,True
3492 Ragi Laddu-1,test,tests.CalciumasCa.unit,mg/kg,mg/kg,HIT,correct,,True
3492 Ragi Laddu-1,test,tests.Saturated Fat.result,9.84,9.84,HIT,correct,,True
3492 Ragi Laddu-1,test,tests.Saturated Fat.unit,g/100g,g/100g,HIT,correct,,True
3492 Ragi Laddu-1,test,tests.Trans Fat.result,0.0,0.0,HIT,correct,,True
3492 Ragi Laddu-1,test,tests.Trans Fat.unit,g/100g,g/100g,HIT,correct,,True
3492 Ragi Laddu-1,test,tests.Cholesterol.result,0.0,0.0,HIT,correct,,True
3492 Ragi Laddu-1,test,tests.Cholesterol.unit,mg/100g,mg/100g,HIT,correct,,True
3492 Ragi Laddu-1,test,tests.Dietary Fiber.result,5.21,5.21,HIT,correct,,True
3492 Ragi Laddu-1,test,tests.Dietary Fiber.unit,g/100g,g/100g,HIT,correct,,True
3492 Ragi Laddu-1,test,tests.Sodium.result,43,43,HIT,correct,,True
3492 Ragi Laddu-1,test,tests.Sodium.unit,mg/100g,mg/100g,HIT,correct,,True
3492 Ragi Laddu-1,test,tests.Potassium.result,326,326,HIT,correct,,True
3492 Ragi Laddu-1,test,tests.Potassium.unit,mg/100g,mg/100g,HIT,correct,,True
electrolyte_powder_guava_salt_EQNX_001_FT_26_07_06038,field,document_title,TEST REPORT,,MISS,not_extracted,The value is in the golden record but the system returned nothing for it.,True
electrolyte_powder_guava_salt_EQNX_001_FT_26_07_06038,field,lab_name,Equinox Labs Private Limited,,MISS,not_extracted,The value is in the golden record but the system returned nothing for it.,True
electrolyte_powder_guava_salt_EQNX_001_FT_26_07_06038,field,lab_tagline,Your Testing & Auditing Partner,,MISS,not_extracted,The value is in the golden record but the system returned nothing for it.,True
electrolyte_powder_guava_salt_EQNX_001_FT_26_07_06038,field,testing_lab_address,"Equinox Center, R65, TTC, Rabale, Navi Mumbai, Maharashtra 400701","Equinox Center, R65,
TTC, Rabale, Navi Mumbai, Maharashtra
400701",HIT,correct,,True
electrolyte_powder_guava_salt_EQNX_001_FT_26_07_06038,field,registered_office,"Equinox Center, R65, TTC, Rabale, Navi Mumbai, Maharashtra - 400701",,MISS,not_extracted,The value is in the golden record but the system returned nothing for it.,True
electrolyte_powder_guava_salt_EQNX_001_FT_26_07_06038,field,laboratories_at,"Mumbai, Bengaluru, Hyderabad, Noida & Chennai",,MISS,not_extracted,The value is in the golden record but the system returned nothing for it.,True
electrolyte_powder_guava_salt_EQNX_001_FT_26_07_06038,field,cin_no,U74999MH2017PTC297024,,MISS,not_extracted,The value is in the golden record but the system returned nothing for it.,True
electrolyte_powder_guava_salt_EQNX_001_FT_26_07_06038,field,udyam,UDYAM-MH-19-0195063,,MISS,not_extracted,The value is in the golden record but the system returned nothing for it.,True
electrolyte_powder_guava_salt_EQNX_001_FT_26_07_06038,field,lab_phone,+912250647422,,MISS,not_extracted,The value is in the golden record but the system returned nothing for it.,True
electrolyte_powder_guava_salt_EQNX_001_FT_26_07_06038,field,lab_email,info@equinoxlab.com,,MISS,not_extracted,The value is in the golden record but the system returned nothing for it.,True
electrolyte_powder_guava_salt_EQNX_001_FT_26_07_06038,field,lab_website,www.equinoxlab.com,,MISS,not_extracted,The value is in the golden record but the system returned nothing for it.,True
electrolyte_powder_guava_salt_EQNX_001_FT_26_07_06038,field,nabl_scope,NABL Scope,,MISS,not_extracted,The value is in the golden record but the system returned nothing for it.,True
electrolyte_powder_guava_salt_EQNX_001_FT_26_07_06038,field,lab_accreditation_no,TC-6820,,MISS,not_extracted,The value is in the golden record but the system returned nothing for it.,True
electrolyte_powder_guava_salt_EQNX_001_FT_26_07_06038,field,ulr,ULR-TC682026000068060F,,MISS,not_extracted,The value is in the golden record but the system returned nothing for it.,True
electrolyte_powder_guava_salt_EQNX_001_FT_26_07_06038,field,report_issue_date,25-Jul-2026,25-Jul-2026,HIT,correct,,True
electrolyte_powder_guava_salt_EQNX_001_FT_26_07_06038,field,reference_number,001:FT:26:07:06038,001:FT:26:07:06038,HIT,correct,,True
electrolyte_powder_guava_salt_EQNX_001_FT_26_07_06038,field,report_number,EQNX:001:FT:26:07:06038/A,,MISS,not_extracted,The value is in the golden record but the system returned nothing for it.,True
electrolyte_powder_guava_salt_EQNX_001_FT_26_07_06038,field,discipline,Chemical,Chemical,HIT,correct,,True
electrolyte_powder_guava_salt_EQNX_001_FT_26_07_06038,field,group,Nutritional Supplements,Nutritional Supplements,HIT,correct,,True
electrolyte_powder_guava_salt_EQNX_001_FT_26_07_06038,field,client_name,Thycure Pharma Private Limited,Thycure Pharma Private Limited,HIT,correct,,True
electrolyte_powder_guava_salt_EQNX_001_FT_26_07_06038,field,client_address,"B/2, Plot Nos. 33/35, Hermes House, 2nd Floor, Mama Parmanand Marg, Opera House, Mumbai, Maharashtra, India - 400004.","B/2, Plot Nos. 33/35, Hermes House, 2nd Floor, Mama Parmanand Marg, Opera House, Mumbai, Maharashtra, India - 400004.",MISS,wrong_key,The system found the golden value but filed it under a different field name. The system called it 'organisation.address'.,True
electrolyte_powder_guava_salt_EQNX_001_FT_26_07_06038,field,contact_person,Chanakya Shah,Chanakya Shah,HIT,correct,,True
electrolyte_powder_guava_salt_EQNX_001_FT_26_07_06038,field,sample_sub_group,Others - Nutritional Supplements,Others - Nutritional Supplements,HIT,correct,,True
electrolyte_powder_guava_salt_EQNX_001_FT_26_07_06038,field,sample_name,Electrolyte Powder Guava Salt,Electrolyte Powder Guava Salt,HIT,correct,,True
electrolyte_powder_guava_salt_EQNX_001_FT_26_07_06038,field,batch_no,TAEGS-010,TAEGS-010,HIT,correct,,True
electrolyte_powder_guava_salt_EQNX_001_FT_26_07_06038,field,manufacturing_date,Jun-2026,Jun-2026,HIT,correct,,True
electrolyte_powder_guava_salt_EQNX_001_FT_26_07_06038,field,expiry_date,Nov-2027,,MISS,not_extracted,The value is in the golden record but the system returned nothing for it.,True
electrolyte_powder_guava_salt_EQNX_001_FT_26_07_06038,field,sample_collected_by,Equinox Labs - Omkar Madhavi,Equinox Labs - Omkar Madhavi,HIT,correct,,True
electrolyte_powder_guava_salt_EQNX_001_FT_26_07_06038,field,quantity_and_condition,Approx 250g of sample in a client packaging is intact without any leaks or breaks.,Approx 250g of sample in a client packaging is intact without any leaks or breaks.,HIT,correct,,True
electrolyte_powder_guava_salt_EQNX_001_FT_26_07_06038,field,date_of_pick_up,15-Jul-2026,15-Jul-2026,HIT,correct,,True
electrolyte_powder_guava_salt_EQNX_001_FT_26_07_06038,field,date_of_receipt,15-Jul-2026,15-Jul-2026,HIT,correct,,True
electrolyte_powder_guava_salt_EQNX_001_FT_26_07_06038,field,start_date_of_analysis,16-Jul-2026,16-Jul-2026,HIT,correct,,True
electrolyte_powder_guava_salt_EQNX_001_FT_26_07_06038,field,end_date_of_analysis,22-Jul-2026,22-Jul-2026,HIT,correct,,True
electrolyte_powder_guava_salt_EQNX_001_FT_26_07_06038,field,signatory_name,Dr. Manisha Kharade,,MISS,not_extracted,The value is in the golden record but the system returned nothing for it.,True
electrolyte_powder_guava_salt_EQNX_001_FT_26_07_06038,field,signatory_title,Quality Manager,Quality Manager,MISS,wrong_key,The system found the golden value but filed it under a different field name. The system called it 'reviewed_and_authorised_by_title'.,True
electrolyte_powder_guava_salt_EQNX_001_FT_26_07_06038,field,role,(Reviewed & Authorised By),,MISS,not_extracted,The value is in the golden record but the system returned nothing for it.,True
electrolyte_powder_guava_salt_EQNX_001_FT_26_07_06038,field,comment,1. NMT - Not More Than,1. NMT - Not More Than,HIT,correct,,True
electrolyte_powder_guava_salt_EQNX_001_FT_26_07_06038,field,note,"This Report is Valid for the tested sample only
Test report shall not be reproduced except in full & with written approval of Equinox Labs Private Limited.
The samples has been provided by the customer and results applied to the sample as received by the lab.
The information provided by customer can affect the validity of results",This Report is Valid for the tested sample only Test report shall not be reproduced except in full & with written approval of Equinox Labs Private Limited. The samples has been provided by the customer and results applied to the sample as received by the lab. The information provided by customer can affect the validity of results,HIT,correct,,True
electrolyte_powder_guava_salt_EQNX_001_FT_26_07_06038,field,end_of_report,---------- End Of Report ----------,,MISS,not_extracted,The value is in the golden record but the system returned nothing for it.,True
electrolyte_powder_guava_salt_EQNX_001_FT_26_07_06038,field,remarks,1. The tested parameters conforms to the FSSAI Limits.,1. The tested parameters conforms to the FSSAI Limits.,HIT,correct,,True
electrolyte_powder_guava_salt_EQNX_001_FT_26_07_06038,field,authorized_signatory,,Dr. Manisha Kharade,MISS,unlabelled_extra,The system returned a field the golden record has no entry for — often a correct reading the label set does not cover. Excluded from gold-covered metrics.,False
electrolyte_powder_guava_salt_EQNX_001_FT_26_07_06038,field,batch_number,,TAEGS-010,MISS,unlabelled_extra,The system returned a field the golden record has no entry for — often a correct reading the label set does not cover. Excluded from gold-covered metrics.,False
electrolyte_powder_guava_salt_EQNX_001_FT_26_07_06038,field,reviewed_and_authorised_by_name,,Dr. Manisha Kharade,MISS,unlabelled_extra,The system returned a field the golden record has no entry for — often a correct reading the label set does not cover. Excluded from gold-covered metrics.,False
electrolyte_powder_guava_salt_EQNX_001_FT_26_07_06038,test,tests.Mercury.result,<0.5,<0.5,HIT,correct,,True
electrolyte_powder_guava_salt_EQNX_001_FT_26_07_06038,test,tests.Mercury.unit,mg/kg,mg/kg,HIT,correct,,True
electrolyte_powder_guava_salt_EQNX_001_FT_26_07_06038,test,tests.Mercury.reference_range,NMT 1.0,NMT 1.0,HIT,correct,,True
electrolyte_powder_guava_salt_EQNX_001_FT_26_07_06038,test,tests.Arsenic.result,<0.5,<0.5,HIT,correct,,True
electrolyte_powder_guava_salt_EQNX_001_FT_26_07_06038,test,tests.Arsenic.unit,mg/kg,mg/kg,HIT,correct,,True
electrolyte_powder_guava_salt_EQNX_001_FT_26_07_06038,test,tests.Arsenic.reference_range,NMT 1.1,NMT 1.1,HIT,correct,,True
electrolyte_powder_guava_salt_EQNX_001_FT_26_07_06038,test,tests.Cadmium.result,<0.5,<0.5,HIT,correct,,True
electrolyte_powder_guava_salt_EQNX_001_FT_26_07_06038,test,tests.Cadmium.unit,mg/kg,mg/kg,HIT,correct,,True
electrolyte_powder_guava_salt_EQNX_001_FT_26_07_06038,test,tests.Cadmium.reference_range,NMT 1.5,NMT 1.5,HIT,correct,,True
electrolyte_powder_guava_salt_EQNX_001_FT_26_07_06038,test,tests.Chromium.result,<0.5,<0.5,HIT,correct,,True
electrolyte_powder_guava_salt_EQNX_001_FT_26_07_06038,test,tests.Chromium.unit,mg/kg,mg/kg,HIT,correct,,True
electrolyte_powder_guava_salt_EQNX_001_FT_26_07_06038,test,tests.Chromium.reference_range,Not Specified,Not Specified,HIT,correct,,True
electrolyte_powder_guava_salt_EQNX_001_FT_26_07_06038,test,tests.Copper.result,<0.5,<0.5,HIT,correct,,True
electrolyte_powder_guava_salt_EQNX_001_FT_26_07_06038,test,tests.Copper.unit,mg/kg,mg/kg,HIT,correct,,True
electrolyte_powder_guava_salt_EQNX_001_FT_26_07_06038,test,tests.Copper.reference_range,NMT 30.0,NMT 30.0,HIT,correct,,True
electrolyte_powder_guava_salt_EQNX_001_FT_26_07_06038,test,tests.Lead.result,<0.5,<0.5,HIT,correct,,True
electrolyte_powder_guava_salt_EQNX_001_FT_26_07_06038,test,tests.Lead.unit,mg/kg,mg/kg,HIT,correct,,True
electrolyte_powder_guava_salt_EQNX_001_FT_26_07_06038,test,tests.Lead.reference_range,NMT 2.5,NMT 2.5,HIT,correct,,True
electrolyte_powder_guava_salt_EQNX_001_FT_26_07_06038,test,tests.Nickel.result,<0.5,<0.5,HIT,correct,,True
electrolyte_powder_guava_salt_EQNX_001_FT_26_07_06038,test,tests.Nickel.unit,mg/kg,mg/kg,HIT,correct,,True
electrolyte_powder_guava_salt_EQNX_001_FT_26_07_06038,test,tests.Nickel.reference_range,Not Specified,Not Specified,HIT,correct,,True
electrolyte_powder_guava_salt_EQNX_001_FT_26_07_06038,test,tests.Tin.result,<0.5,<0.5,HIT,correct,,True
electrolyte_powder_guava_salt_EQNX_001_FT_26_07_06038,test,tests.Tin.unit,mg/kg,mg/kg,HIT,correct,,True
electrolyte_powder_guava_salt_EQNX_001_FT_26_07_06038,test,tests.Tin.reference_range,NMT 250,NMT 250,HIT,correct,,True
electrolyte_powder_guava_salt_EQNX_001_FT_26_07_06038,test,tests.Methyl Mercury.result,<0.1,<0.1,HIT,correct,,True
electrolyte_powder_guava_salt_EQNX_001_FT_26_07_06038,test,tests.Methyl Mercury.unit,mg/kg,mg/kg,HIT,correct,,True
electrolyte_powder_guava_salt_EQNX_001_FT_26_07_06038,test,tests.Methyl Mercury.reference_range,NMT 0.25,NMT 0.25,HIT,correct,,True
electrolyte_powder_guava_salt_EQNX_001_NL_26_07_06044,field,document_title,TEST REPORT,,MISS,not_extracted,The value is in the golden record but the system returned nothing for it.,True
electrolyte_powder_guava_salt_EQNX_001_NL_26_07_06044,field,lab_name,Equinox Labs Private Limited,,MISS,not_extracted,The value is in the golden record but the system returned nothing for it.,True
electrolyte_powder_guava_salt_EQNX_001_NL_26_07_06044,field,lab_tagline,Your Testing & Auditing Partner,,MISS,not_extracted,The value is in the golden record but the system returned nothing for it.,True
electrolyte_powder_guava_salt_EQNX_001_NL_26_07_06044,field,testing_lab_address,"Equinox Center, R65, TTC, Rabale, Navi Mumbai, Maharashtra 400701","Equinox Center, R65,
TTC, Rabale, Navi Mumbai, Maharashtra
400701",HIT,correct,,True
electrolyte_powder_guava_salt_EQNX_001_NL_26_07_06044,field,registered_office,"Equinox Center, R65, TTC, Rabale, Navi Mumbai, Maharashtra - 400701",,MISS,not_extracted,The value is in the golden record but the system returned nothing for it.,True
electrolyte_powder_guava_salt_EQNX_001_NL_26_07_06044,field,laboratories_at,"Mumbai, Bengaluru, Hyderabad, Noida & Chennai",,MISS,not_extracted,The value is in the golden record but the system returned nothing for it.,True
electrolyte_powder_guava_salt_EQNX_001_NL_26_07_06044,field,cin_no,U74999MH2017PTC297024,U74999MH2017PTC297024,MISS,wrong_key,The system found the golden value but filed it under a different field name. The system called it 'cin_number'.,True
electrolyte_powder_guava_salt_EQNX_001_NL_26_07_06044,field,udyam,UDYAM-MH-19-0195063,,MISS,not_extracted,The value is in the golden record but the system returned nothing for it.,True
electrolyte_powder_guava_salt_EQNX_001_NL_26_07_06044,field,lab_phone,+912250647422,+912250647422,MISS,wrong_key,The system found the golden value but filed it under a different field name. The system called it 'phone'.,True
electrolyte_powder_guava_salt_EQNX_001_NL_26_07_06044,field,lab_email,info@equinoxlab.com,info@equinoxlab.com,MISS,wrong_key,The system found the golden value but filed it under a different field name. The system called it 'organisation.email'.,True
electrolyte_powder_guava_salt_EQNX_001_NL_26_07_06044,field,lab_website,www.equinoxlab.com,www.equinoxlab.com,MISS,wrong_key,The system found the golden value but filed it under a different field name. The system called it 'website'.,True
electrolyte_powder_guava_salt_EQNX_001_NL_26_07_06044,field,nabl_scope,NABL Scope,,MISS,not_extracted,The value is in the golden record but the system returned nothing for it.,True
electrolyte_powder_guava_salt_EQNX_001_NL_26_07_06044,field,lab_accreditation_no,TC-6820,,MISS,not_extracted,The value is in the golden record but the system returned nothing for it.,True
electrolyte_powder_guava_salt_EQNX_001_NL_26_07_06044,field,ulr,ULR-TC682026000068066F,ULR-TC682026000068066F,MISS,wrong_key,The system found the golden value but filed it under a different field name. The system called it 'ulr_tc'.,True
electrolyte_powder_guava_salt_EQNX_001_NL_26_07_06044,field,report_issue_date,25-Jul-2026,25-Jul-2026,HIT,correct,,True
electrolyte_powder_guava_salt_EQNX_001_NL_26_07_06044,field,reference_number,001:NL:26:07:06044,001:NL:26:07:06044,HIT,correct,,True
electrolyte_powder_guava_salt_EQNX_001_NL_26_07_06044,field,report_number,EQNX:001:NL:26:07:06044/A,,MISS,not_extracted,The value is in the golden record but the system returned nothing for it.,True
electrolyte_powder_guava_salt_EQNX_001_NL_26_07_06044,field,discipline,Chemical,Chemical,HIT,correct,,True
electrolyte_powder_guava_salt_EQNX_001_NL_26_07_06044,field,group,Nutritional Supplements,Nutritional Supplements,HIT,correct,,True
electrolyte_powder_guava_salt_EQNX_001_NL_26_07_06044,field,client_name,Thycure Pharma Private Limited,Thycure Pharma Private Limited,HIT,correct,,True
electrolyte_powder_guava_salt_EQNX_001_NL_26_07_06044,field,client_address,"B/2, Plot Nos. 33/35, Hermes House, 2nd Floor, Mama Parmanand Marg, Opera House, Mumbai, Maharashtra, India - 400004.","B/2, Plot Nos. 33/35, Hermes House, 2nd Floor, Mama Parmanand Marg, Opera House, Mumbai, Maharashtra, India - 400004.",MISS,wrong_key,The system found the golden value but filed it under a different field name. The system called it 'organisation.address'.,True
electrolyte_powder_guava_salt_EQNX_001_NL_26_07_06044,field,contact_person,Chanakya Shah,Chanakya Shah,HIT,correct,,True
electrolyte_powder_guava_salt_EQNX_001_NL_26_07_06044,field,sample_sub_group,Others - Nutritional Supplements,Others - Nutritional Supplements,HIT,correct,,True
electrolyte_powder_guava_salt_EQNX_001_NL_26_07_06044,field,sample_name,Electrolyte Powder Guava Salt,Electrolyte Powder Guava Salt,HIT,correct,,True
electrolyte_powder_guava_salt_EQNX_001_NL_26_07_06044,field,batch_no,TAEGS-010,TAEGS-010,HIT,correct,,True
electrolyte_powder_guava_salt_EQNX_001_NL_26_07_06044,field,manufacturing_date,Jun-2026,Jun-2026,HIT,correct,,True
electrolyte_powder_guava_salt_EQNX_001_NL_26_07_06044,field,expiry_date,Nov-2027,,MISS,not_extracted,The value is in the golden record but the system returned nothing for it.,True
electrolyte_powder_guava_salt_EQNX_001_NL_26_07_06044,field,sample_collected_by,Equinox Labs - Omkar Madhavi,Equinox Labs - Omkar Madhavi,HIT,correct,,True
electrolyte_powder_guava_salt_EQNX_001_NL_26_07_06044,field,quantity_and_condition,Approx 250g of sample in a client packaging is intact without any leaks or breaks.,Approx 250g of sample in a client packaging is intact without any leaks or breaks.,HIT,correct,,True
electrolyte_powder_guava_salt_EQNX_001_NL_26_07_06044,field,date_of_pick_up,15-Jul-2026,15-Jul-2026,HIT,correct,,True
electrolyte_powder_guava_salt_EQNX_001_NL_26_07_06044,field,date_of_receipt,15-Jul-2026,15-Jul-2026,HIT,correct,,True
electrolyte_powder_guava_salt_EQNX_001_NL_26_07_06044,field,start_date_of_analysis,15-Jul-2026,15-Jul-2026,HIT,correct,,True
electrolyte_powder_guava_salt_EQNX_001_NL_26_07_06044,field,end_date_of_analysis,24-Jul-2026,24-Jul-2026,HIT,correct,,True
electrolyte_powder_guava_salt_EQNX_001_NL_26_07_06044,field,signatory_name,Dr. Manisha Kharade,Dr. Manisha Kharade,MISS,wrong_key,The system found the golden value but filed it under a different field name. The system called it 'authorized_signatory_name'.,True
electrolyte_powder_guava_salt_EQNX_001_NL_26_07_06044,field,signatory_title,Quality Manager,Quality Manager,MISS,wrong_key,The system found the golden value but filed it under a different field name. The system called it 'authorized_signatory_title'.,True
electrolyte_powder_guava_salt_EQNX_001_NL_26_07_06044,field,role,(Reviewed & Authorised By),,MISS,not_extracted,The value is in the golden record but the system returned nothing for it.,True
electrolyte_powder_guava_salt_EQNX_001_NL_26_07_06044,field,note,"This Report is Valid for the tested sample only
Test report shall not be reproduced except in full & with written approval of Equinox Labs Private Limited.
The samples has been provided by the customer and results applied to the sample as received by the lab.
The information provided by customer can affect the validity of results",,MISS,not_extracted,The value is in the golden record but the system returned nothing for it.,True
electrolyte_powder_guava_salt_EQNX_001_NL_26_07_06044,field,end_of_report,---------- End Of Report ----------,,MISS,not_extracted,The value is in the golden record but the system returned nothing for it.,True
electrolyte_powder_guava_salt_EQNX_001_NL_26_07_06044,field,rda_note,*Percentage contribution to Recommended Dietary Allowance calculated on basis of 2000kcal energy,,MISS,not_extracted,The value is in the golden record but the system returned nothing for it.,True
electrolyte_powder_guava_salt_EQNX_001_NL_26_07_06044,field,serving_size,1 Serve = 100g,,MISS,not_extracted,The value is in the golden record but the system returned nothing for it.,True
electrolyte_powder_guava_salt_EQNX_001_NL_26_07_06044,field,batch_number,,TAEGS-010,MISS,unlabelled_extra,The system returned a field the golden record has no entry for — often a correct reading the label set does not cover. Excluded from gold-covered metrics.,False
electrolyte_powder_guava_salt_EQNX_001_NL_26_07_06044,field,udyam_number,,MH-19-0195063,MISS,unlabelled_extra,The system returned a field the golden record has no entry for — often a correct reading the label set does not cover. Excluded from gold-covered metrics.,False
electrolyte_powder_guava_salt_EQNX_001_NL_26_07_06044,test,tests.Added Sugar.result,<1.0,<1.0,HIT,correct,,True
electrolyte_powder_guava_salt_EQNX_001_NL_26_07_06044,test,tests.Added Sugar.unit,g/100g,g/100g,HIT,correct,,True
electrolyte_powder_guava_salt_EQNX_001_NL_26_07_06044,test,tests.Added Sugar.reference_range,,50,MISS,unlabelled_extra,The system returned a field the golden record has no entry for — often a correct reading the label set does not cover. Excluded from gold-covered metrics.,False
electrolyte_powder_guava_salt_EQNX_001_NL_26_07_06044,test,tests.Dietary Fibre.result,<0.1,<0.1,HIT,correct,,True
electrolyte_powder_guava_salt_EQNX_001_NL_26_07_06044,test,tests.Dietary Fibre.unit,g/100g,g/100g,HIT,correct,,True
electrolyte_powder_guava_salt_EQNX_001_NL_26_07_06044,test,tests.Protein.result,<0.1,<0.1,HIT,correct,,True
electrolyte_powder_guava_salt_EQNX_001_NL_26_07_06044,test,tests.Protein.unit,g/100g,g/100g,HIT,correct,,True
electrolyte_powder_guava_salt_EQNX_001_NL_26_07_06044,test,tests.Total Fat.result,<0.1,<0.1,HIT,correct,,True
electrolyte_powder_guava_salt_EQNX_001_NL_26_07_06044,test,tests.Total Fat.unit,g/100g,g/100g,HIT,correct,,True
electrolyte_powder_guava_salt_EQNX_001_NL_26_07_06044,test,tests.Total Fat.reference_range,,67,MISS,unlabelled_extra,The system returned a field the golden record has no entry for — often a correct reading the label set does not cover. Excluded from gold-covered metrics.,False
electrolyte_powder_guava_salt_EQNX_001_NL_26_07_06044,test,tests.Total Sugar.result,<2.0,<2.0,HIT,correct,,True
electrolyte_powder_guava_salt_EQNX_001_NL_26_07_06044,test,tests.Total Sugar.unit,g/100g,g/100g,HIT,correct,,True
electrolyte_powder_guava_salt_EQNX_001_NL_26_07_06044,test,tests.Cholesterol.result,< 1.0,< 1.0,HIT,correct,,True
electrolyte_powder_guava_salt_EQNX_001_NL_26_07_06044,test,tests.Cholesterol.unit,mg/100g,mg/100g,HIT,correct,,True
electrolyte_powder_guava_salt_EQNX_001_NL_26_07_06044,test,tests.Saturated Fat.result,< 0.10,< 0.10,HIT,correct,,True
electrolyte_powder_guava_salt_EQNX_001_NL_26_07_06044,test,tests.Saturated Fat.unit,g/100g,g/100g,HIT,correct,,True
electrolyte_powder_guava_salt_EQNX_001_NL_26_07_06044,test,tests.Saturated Fat.reference_range,,22,MISS,unlabelled_extra,The system returned a field the golden record has no entry for — often a correct reading the label set does not cover. Excluded from gold-covered metrics.,False
electrolyte_powder_guava_salt_EQNX_001_NL_26_07_06044,test,tests.Carbohydrate.result,<1.0,<1.0,HIT,correct,,True
electrolyte_powder_guava_salt_EQNX_001_NL_26_07_06044,test,tests.Carbohydrate.unit,g/100g,g/100g,HIT,correct,,True
electrolyte_powder_guava_salt_EQNX_001_NL_26_07_06044,test,tests.Energy.result,<5.0,<5.0,HIT,correct,,True
electrolyte_powder_guava_salt_EQNX_001_NL_26_07_06044,test,tests.Energy.unit,Kcal/100g,Kcal/100g,HIT,correct,,True
electrolyte_powder_guava_salt_EQNX_001_NL_26_07_06044,test,tests.Energy.reference_range,,2000,MISS,unlabelled_extra,The system returned a field the golden record has no entry for — often a correct reading the label set does not cover. Excluded from gold-covered metrics.,False
electrolyte_powder_guava_salt_EQNX_001_NL_26_07_06044,test,tests.Sodium.result,23071.26,23071.26,HIT,correct,,True
electrolyte_powder_guava_salt_EQNX_001_NL_26_07_06044,test,tests.Sodium.unit,mg/100g,mg/100g,HIT,correct,,True
electrolyte_powder_guava_salt_EQNX_001_NL_26_07_06044,test,tests.Sodium.reference_range,,2000,MISS,unlabelled_extra,The system returned a field the golden record has no entry for — often a correct reading the label set does not cover. Excluded from gold-covered metrics.,False
electrolyte_powder_guava_salt_EQNX_001_NL_26_07_06044,test,tests.Unsaturated Fat,,< 0.10,MISS,test_extra_row,The system returned a results row with no counterpart in the golden record — usually a duplicate under a variant name. Excluded from gold-covered metrics.,False
electrolyte_powder_guava_salt_EQNX_001_NL_26_07_06044,test,tests.Trans Fat,,< 0.10,MISS,test_extra_row,The system returned a results row with no counterpart in the golden record — usually a duplicate under a variant name. Excluded from gold-covered metrics.,False
electrolyte_powder_guava_salt_EQNX_001_NL_26_07_06044,test,tests.MUFA,,< 0.10,MISS,test_extra_row,The system returned a results row with no counterpart in the golden record — usually a duplicate under a variant name. Excluded from gold-covered metrics.,False
electrolyte_powder_guava_salt_EQNX_001_NL_26_07_06044,test,tests.PUFA,,< 0.10,MISS,test_extra_row,The system returned a results row with no counterpart in the golden record — usually a duplicate under a variant name. Excluded from gold-covered metrics.,False
electrolyte_powder_mango_peach_EQNX_001_FT_26_07_06034,field,document_title,TEST REPORT,,MISS,not_extracted,The value is in the golden record but the system returned nothing for it.,True
electrolyte_powder_mango_peach_EQNX_001_FT_26_07_06034,field,lab_name,Equinox Labs Private Limited,,MISS,not_extracted,The value is in the golden record but the system returned nothing for it.,True
electrolyte_powder_mango_peach_EQNX_001_FT_26_07_06034,field,lab_tagline,Your Testing & Auditing Partner,,MISS,not_extracted,The value is in the golden record but the system returned nothing for it.,True
electrolyte_powder_mango_peach_EQNX_001_FT_26_07_06034,field,testing_lab_address,"Equinox Center, R65, TTC, Rabale, Navi Mumbai, Maharashtra 400701","Equinox Center, R65, TTC, Rabale, Navi Mumbai, Maharashtra 400701",HIT,correct,,True
electrolyte_powder_mango_peach_EQNX_001_FT_26_07_06034,field,registered_office,"Equinox Center, R65, TTC, Rabale, Navi Mumbai, Maharashtra - 400701",,MISS,not_extracted,The value is in the golden record but the system returned nothing for it.,True
electrolyte_powder_mango_peach_EQNX_001_FT_26_07_06034,field,laboratories_at,"Mumbai, Bengaluru, Hyderabad, Noida & Chennai",,MISS,not_extracted,The value is in the golden record but the system returned nothing for it.,True
electrolyte_powder_mango_peach_EQNX_001_FT_26_07_06034,field,cin_no,U74999MH2017PTC297024,,MISS,not_extracted,The value is in the golden record but the system returned nothing for it.,True
electrolyte_powder_mango_peach_EQNX_001_FT_26_07_06034,field,udyam,UDYAM-MH-19-0195063,,MISS,not_extracted,The value is in the golden record but the system returned nothing for it.,True
electrolyte_powder_mango_peach_EQNX_001_FT_26_07_06034,field,lab_phone,+912250647422,,MISS,not_extracted,The value is in the golden record but the system returned nothing for it.,True
electrolyte_powder_mango_peach_EQNX_001_FT_26_07_06034,field,lab_email,info@equinoxlab.com,,MISS,not_extracted,The value is in the golden record but the system returned nothing for it.,True
electrolyte_powder_mango_peach_EQNX_001_FT_26_07_06034,field,lab_website,www.equinoxlab.com,,MISS,not_extracted,The value is in the golden record but the system returned nothing for it.,True
electrolyte_powder_mango_peach_EQNX_001_FT_26_07_06034,field,nabl_scope,NABL Scope,,MISS,not_extracted,The value is in the golden record but the system returned nothing for it.,True
electrolyte_powder_mango_peach_EQNX_001_FT_26_07_06034,field,lab_accreditation_no,TC-6820,,MISS,not_extracted,The value is in the golden record but the system returned nothing for it.,True
electrolyte_powder_mango_peach_EQNX_001_FT_26_07_06034,field,ulr,ULR-TC682026000068056F,ULR-TC682026000068056F,MISS,wrong_key,The system found the golden value but filed it under a different field name. The system called it 'ulr_tc'.,True
electrolyte_powder_mango_peach_EQNX_001_FT_26_07_06034,field,report_issue_date,25-Jul-2026,25-Jul-2026,HIT,correct,,True
electrolyte_powder_mango_peach_EQNX_001_FT_26_07_06034,field,reference_number,001:FT:26:07:06034,001:FT:26:07:06034,HIT,correct,,True
electrolyte_powder_mango_peach_EQNX_001_FT_26_07_06034,field,report_number,EQNX:001:FT:26:07:06034/A,,MISS,not_extracted,The value is in the golden record but the system returned nothing for it.,True
electrolyte_powder_mango_peach_EQNX_001_FT_26_07_06034,field,discipline,Chemical,Chemical,HIT,correct,,True
electrolyte_powder_mango_peach_EQNX_001_FT_26_07_06034,field,group,Nutritional Supplements,Nutritional Supplements,HIT,correct,,True
electrolyte_powder_mango_peach_EQNX_001_FT_26_07_06034,field,client_name,Thycure Pharma Private Limited,Thycure Pharma Private Limited,HIT,correct,,True
electrolyte_powder_mango_peach_EQNX_001_FT_26_07_06034,field,client_address,"B/2, Plot Nos. 33/35, Hermes House, 2nd Floor, Mama Parmanand Marg, Opera House, Mumbai, Maharashtra, India - 400004.","B/2, Plot Nos. 33/35, Hermes House, 2nd Floor, Mama Parmanand Marg, Opera House, Mumbai, Maharashtra, India - 400004.",HIT,correct,,True
electrolyte_powder_mango_peach_EQNX_001_FT_26_07_06034,field,contact_person,Chanakya Shah,Chanakya Shah,HIT,correct,,True
electrolyte_powder_mango_peach_EQNX_001_FT_26_07_06034,field,sample_sub_group,Others - Nutritional Supplements,Others - Nutritional Supplements,HIT,correct,,True
electrolyte_powder_mango_peach_EQNX_001_FT_26_07_06034,field,sample_name,Electrolyte Powder Mango Peach,Electrolyte Powder Mango Peach,HIT,correct,,True
electrolyte_powder_mango_peach_EQNX_001_FT_26_07_06034,field,batch_no,3SURP3-002,3SURP3-002,MISS,wrong_key,The system found the golden value but filed it under a different field name. The system called it 'batch_number'.,True
electrolyte_powder_mango_peach_EQNX_001_FT_26_07_06034,field,manufacturing_date,Jun-2026,Jun-2026,HIT,correct,,True
electrolyte_powder_mango_peach_EQNX_001_FT_26_07_06034,field,expiry_date,Nov-2027,,MISS,not_extracted,The value is in the golden record but the system returned nothing for it.,True
electrolyte_powder_mango_peach_EQNX_001_FT_26_07_06034,field,sample_collected_by,Equinox Labs - Omkar Madhavi,Equinox Labs - Omkar Madhavi,HIT,correct,,True
electrolyte_powder_mango_peach_EQNX_001_FT_26_07_06034,field,quantity_and_condition,Approx 250g of sample in a client packaging is intact without any leaks or breaks.,Approx 250g of sample in a client packaging is intact without any leaks or breaks.,HIT,correct,,True
electrolyte_powder_mango_peach_EQNX_001_FT_26_07_06034,field,date_of_pick_up,15-Jul-2026,15-Jul-2026,HIT,correct,,True
electrolyte_powder_mango_peach_EQNX_001_FT_26_07_06034,field,date_of_receipt,15-Jul-2026,15-Jul-2026,HIT,correct,,True
electrolyte_powder_mango_peach_EQNX_001_FT_26_07_06034,field,start_date_of_analysis,16-Jul-2026,16-Jul-2026,HIT,correct,,True
electrolyte_powder_mango_peach_EQNX_001_FT_26_07_06034,field,end_date_of_analysis,22-Jul-2026,22-Jul-2026,HIT,correct,,True
electrolyte_powder_mango_peach_EQNX_001_FT_26_07_06034,field,signatory_name,Dr. Manisha Kharade,,MISS,not_extracted,The value is in the golden record but the system returned nothing for it.,True
electrolyte_powder_mango_peach_EQNX_001_FT_26_07_06034,field,signatory_title,Quality Manager,Quality Manager,MISS,wrong_key,The system found the golden value but filed it under a different field name. The system called it 'reviewed_and_authorised_by_title'.,True
electrolyte_powder_mango_peach_EQNX_001_FT_26_07_06034,field,role,(Reviewed & Authorised By),,MISS,not_extracted,The value is in the golden record but the system returned nothing for it.,True
electrolyte_powder_mango_peach_EQNX_001_FT_26_07_06034,field,comment,1. NMT - Not More Than,1. NMT - Not More Than,HIT,correct,,True
electrolyte_powder_mango_peach_EQNX_001_FT_26_07_06034,field,note,"This Report is Valid for the tested sample only
Test report shall not be reproduced except in full & with written approval of Equinox Labs Private Limited.
The samples has been provided by the customer and results applied to the sample as received by the lab.
The information provided by customer can affect the validity of results",This Report is Valid for the tested sample only Test report shall not be reproduced except in full & with written approval of Equinox Labs Private Limited. The samples has been provided by the customer and results applied to the sample as received by the lab. The information provided by customer can affect the validity of results,HIT,correct,,True
electrolyte_powder_mango_peach_EQNX_001_FT_26_07_06034,field,end_of_report,---------- End Of Report ----------,,MISS,not_extracted,The value is in the golden record but the system returned nothing for it.,True
electrolyte_powder_mango_peach_EQNX_001_FT_26_07_06034,field,remarks,1. The tested parameters conforms to the FSSAI Limits.,1. The tested parameters conforms to the FSSAI Limits.,HIT,correct,,True
electrolyte_powder_mango_peach_EQNX_001_FT_26_07_06034,field,reviewed_and_authorised_by_name,,Dr. Manisha Kharade,MISS,unlabelled_extra,The system returned a field the golden record has no entry for — often a correct reading the label set does not cover. Excluded from gold-covered metrics.,False
electrolyte_powder_mango_peach_EQNX_001_FT_26_07_06034,field,authorized_signatory,,Dr. Manisha Kharade,MISS,unlabelled_extra,The system returned a field the golden record has no entry for — often a correct reading the label set does not cover. Excluded from gold-covered metrics.,False
electrolyte_powder_mango_peach_EQNX_001_FT_26_07_06034,field,quality_manager_name,,Dr. Manisha Kharade,MISS,unlabelled_extra,The system returned a field the golden record has no entry for — often a correct reading the label set does not cover. Excluded from gold-covered metrics.,False
electrolyte_powder_mango_peach_EQNX_001_FT_26_07_06034,test,tests.Mercury.result,<0.5,<0.5,HIT,correct,,True
electrolyte_powder_mango_peach_EQNX_001_FT_26_07_06034,test,tests.Mercury.unit,mg/kg,mg/kg,HIT,correct,,True
electrolyte_powder_mango_peach_EQNX_001_FT_26_07_06034,test,tests.Mercury.reference_range,NMT 1.0,NMT 1.0,HIT,correct,,True
electrolyte_powder_mango_peach_EQNX_001_FT_26_07_06034,test,tests.Arsenic.result,<0.5,<0.5,HIT,correct,,True
electrolyte_powder_mango_peach_EQNX_001_FT_26_07_06034,test,tests.Arsenic.unit,mg/kg,mg/kg,HIT,correct,,True
electrolyte_powder_mango_peach_EQNX_001_FT_26_07_06034,test,tests.Arsenic.reference_range,NMT 1.1,NMT 1.1,HIT,correct,,True
electrolyte_powder_mango_peach_EQNX_001_FT_26_07_06034,test,tests.Cadmium.result,<0.5,<0.5,HIT,correct,,True
electrolyte_powder_mango_peach_EQNX_001_FT_26_07_06034,test,tests.Cadmium.unit,mg/kg,mg/kg,HIT,correct,,True
electrolyte_powder_mango_peach_EQNX_001_FT_26_07_06034,test,tests.Cadmium.reference_range,NMT 1.5,NMT 1.5,HIT,correct,,True
electrolyte_powder_mango_peach_EQNX_001_FT_26_07_06034,test,tests.Chromium.result,<0.5,<0.5,HIT,correct,,True
electrolyte_powder_mango_peach_EQNX_001_FT_26_07_06034,test,tests.Chromium.unit,mg/kg,mg/kg,HIT,correct,,True
electrolyte_powder_mango_peach_EQNX_001_FT_26_07_06034,test,tests.Chromium.reference_range,Not Specified,Not Specified,HIT,correct,,True
electrolyte_powder_mango_peach_EQNX_001_FT_26_07_06034,test,tests.Copper.result,2.16,2.16,HIT,correct,,True
electrolyte_powder_mango_peach_EQNX_001_FT_26_07_06034,test,tests.Copper.unit,mg/kg,mg/kg,HIT,correct,,True
electrolyte_powder_mango_peach_EQNX_001_FT_26_07_06034,test,tests.Copper.reference_range,NMT 30.0,NMT 30.0,HIT,correct,,True
electrolyte_powder_mango_peach_EQNX_001_FT_26_07_06034,test,tests.Lead.result,<0.5,<0.5,HIT,correct,,True
electrolyte_powder_mango_peach_EQNX_001_FT_26_07_06034,test,tests.Lead.unit,mg/kg,mg/kg,HIT,correct,,True
electrolyte_powder_mango_peach_EQNX_001_FT_26_07_06034,test,tests.Lead.reference_range,NMT 2.5,NMT 2.5,HIT,correct,,True
electrolyte_powder_mango_peach_EQNX_001_FT_26_07_06034,test,tests.Nickel.result,<0.5,<0.5,HIT,correct,,True
electrolyte_powder_mango_peach_EQNX_001_FT_26_07_06034,test,tests.Nickel.unit,mg/kg,mg/kg,HIT,correct,,True
electrolyte_powder_mango_peach_EQNX_001_FT_26_07_06034,test,tests.Nickel.reference_range,Not Specified,Not Specified,HIT,correct,,True
electrolyte_powder_mango_peach_EQNX_001_FT_26_07_06034,test,tests.Tin.result,<0.5,<0.5,HIT,correct,,True
electrolyte_powder_mango_peach_EQNX_001_FT_26_07_06034,test,tests.Tin.unit,mg/kg,mg/kg,HIT,correct,,True
electrolyte_powder_mango_peach_EQNX_001_FT_26_07_06034,test,tests.Tin.reference_range,NMT 250,NMT 250,HIT,correct,,True
electrolyte_powder_mango_peach_EQNX_001_FT_26_07_06034,test,tests.Methyl Mercury.result,<0.1,<0.1,HIT,correct,,True
electrolyte_powder_mango_peach_EQNX_001_FT_26_07_06034,test,tests.Methyl Mercury.unit,mg/kg,mg/kg,HIT,correct,,True
electrolyte_powder_mango_peach_EQNX_001_FT_26_07_06034,test,tests.Methyl Mercury.reference_range,NMT 0.25,NMT 0.25,HIT,correct,,True
electrolyte_powder_mango_peach_EQNX_001_NL_26_07_06040,field,document_title,TEST REPORT,,MISS,not_extracted,The value is in the golden record but the system returned nothing for it.,True
electrolyte_powder_mango_peach_EQNX_001_NL_26_07_06040,field,lab_name,Equinox Labs Private Limited,,MISS,not_extracted,The value is in the golden record but the system returned nothing for it.,True
electrolyte_powder_mango_peach_EQNX_001_NL_26_07_06040,field,lab_tagline,Your Testing & Auditing Partner,,MISS,not_extracted,The value is in the golden record but the system returned nothing for it.,True
electrolyte_powder_mango_peach_EQNX_001_NL_26_07_06040,field,testing_lab_address,"Equinox Center, R65, TTC, Rabale, Navi Mumbai, Maharashtra 400701","Equinox Center, R65,
TTC, Rabale, Navi Mumbai, Maharashtra
400701",HIT,correct,,True
electrolyte_powder_mango_peach_EQNX_001_NL_26_07_06040,field,registered_office,"Equinox Center, R65, TTC, Rabale, Navi Mumbai, Maharashtra - 400701",,MISS,not_extracted,The value is in the golden record but the system returned nothing for it.,True
electrolyte_powder_mango_peach_EQNX_001_NL_26_07_06040,field,laboratories_at,"Mumbai, Bengaluru, Hyderabad, Noida & Chennai",,MISS,not_extracted,The value is in the golden record but the system returned nothing for it.,True
electrolyte_powder_mango_peach_EQNX_001_NL_26_07_06040,field,cin_no,U74999MH2017PTC297024,U74999MH2017PTC297024,MISS,wrong_key,The system found the golden value but filed it under a different field name. The system called it 'cin_number'.,True
electrolyte_powder_mango_peach_EQNX_001_NL_26_07_06040,field,udyam,UDYAM-MH-19-0195063,,MISS,not_extracted,The value is in the golden record but the system returned nothing for it.,True
electrolyte_powder_mango_peach_EQNX_001_NL_26_07_06040,field,lab_phone,+912250647422,+912250647422,MISS,wrong_key,The system found the golden value but filed it under a different field name. The system called it 'phone'.,True
electrolyte_powder_mango_peach_EQNX_001_NL_26_07_06040,field,lab_email,info@equinoxlab.com,info@equinoxlab.com,MISS,wrong_key,The system found the golden value but filed it under a different field name. The system called it 'organisation.email'.,True
electrolyte_powder_mango_peach_EQNX_001_NL_26_07_06040,field,lab_website,www.equinoxlab.com,www.equinoxlab.com,MISS,wrong_key,The system found the golden value but filed it under a different field name. The system called it 'website'.,True
electrolyte_powder_mango_peach_EQNX_001_NL_26_07_06040,field,nabl_scope,NABL Scope,,MISS,not_extracted,The value is in the golden record but the system returned nothing for it.,True
electrolyte_powder_mango_peach_EQNX_001_NL_26_07_06040,field,lab_accreditation_no,TC-6820,,MISS,not_extracted,The value is in the golden record but the system returned nothing for it.,True
electrolyte_powder_mango_peach_EQNX_001_NL_26_07_06040,field,ulr,ULR-TC682026000068062F,,MISS,not_extracted,The value is in the golden record but the system returned nothing for it.,True
electrolyte_powder_mango_peach_EQNX_001_NL_26_07_06040,field,report_issue_date,25-Jul-2026,25-Jul-2026,HIT,correct,,True
electrolyte_powder_mango_peach_EQNX_001_NL_26_07_06040,field,reference_number,001:NL:26:07:06040,001:NL:26:07:06040,HIT,correct,,True
electrolyte_powder_mango_peach_EQNX_001_NL_26_07_06040,field,report_number,EQNX:001:NL:26:07:06040/A,,MISS,not_extracted,The value is in the golden record but the system returned nothing for it.,True
electrolyte_powder_mango_peach_EQNX_001_NL_26_07_06040,field,discipline,Chemical,Chemical,HIT,correct,,True
electrolyte_powder_mango_peach_EQNX_001_NL_26_07_06040,field,group,Nutritional Supplements,Nutritional Supplements,HIT,correct,,True
electrolyte_powder_mango_peach_EQNX_001_NL_26_07_06040,field,client_name,Thycure Pharma Private Limited,Thycure Pharma Private Limited,HIT,correct,,True
electrolyte_powder_mango_peach_EQNX_001_NL_26_07_06040,field,client_address,"B/2, Plot Nos. 33/35, Hermes House, 2nd Floor, Mama Parmanand Marg, Opera House, Mumbai, Maharashtra, India - 400004.","B/2, Plot Nos. 33/35, Hermes House, 2nd Floor, Mama Parmanand Marg, Opera House, Mumbai, Maharashtra, India - 400004.",MISS,wrong_key,The system found the golden value but filed it under a different field name. The system called it 'organisation.address'.,True
electrolyte_powder_mango_peach_EQNX_001_NL_26_07_06040,field,contact_person,Chanakya Shah,Chanakya Shah,HIT,correct,,True
electrolyte_powder_mango_peach_EQNX_001_NL_26_07_06040,field,sample_sub_group,Others - Nutritional Supplements,Others - Nutritional Supplements,HIT,correct,,True
electrolyte_powder_mango_peach_EQNX_001_NL_26_07_06040,field,sample_name,Electrolyte Powder Mango Peach,Electrolyte Powder Mango Peach,HIT,correct,,True
electrolyte_powder_mango_peach_EQNX_001_NL_26_07_06040,field,batch_no,3SURP3-002,3SURP3-002,HIT,correct,,True
electrolyte_powder_mango_peach_EQNX_001_NL_26_07_06040,field,manufacturing_date,Jun-2026,Jun-2026,HIT,correct,,True
electrolyte_powder_mango_peach_EQNX_001_NL_26_07_06040,field,expiry_date,Nov-2027,,MISS,not_extracted,The value is in the golden record but the system returned nothing for it.,True
electrolyte_powder_mango_peach_EQNX_001_NL_26_07_06040,field,sample_collected_by,Equinox Labs - Omkar Madhavi,Equinox Labs - Omkar Madhavi,HIT,correct,,True
electrolyte_powder_mango_peach_EQNX_001_NL_26_07_06040,field,quantity_and_condition,Approx 250g of sample in a client packaging is intact without any leaks or breaks.,Approx 250g of sample in a client packaging is intact without any leaks or breaks.,HIT,correct,,True
electrolyte_powder_mango_peach_EQNX_001_NL_26_07_06040,field,date_of_pick_up,15-Jul-2026,15-Jul-2026,HIT,correct,,True
electrolyte_powder_mango_peach_EQNX_001_NL_26_07_06040,field,date_of_receipt,15-Jul-2026,15-Jul-2026,HIT,correct,,True
electrolyte_powder_mango_peach_EQNX_001_NL_26_07_06040,field,start_date_of_analysis,15-Jul-2026,15-Jul-2026,HIT,correct,,True
electrolyte_powder_mango_peach_EQNX_001_NL_26_07_06040,field,end_date_of_analysis,24-Jul-2026,24-Jul-2026,HIT,correct,,True
electrolyte_powder_mango_peach_EQNX_001_NL_26_07_06040,field,signatory_name,Dr. Manisha Kharade,Dr. Manisha Kharade,MISS,wrong_key,The system found the golden value but filed it under a different field name. The system called it 'reviewed_and_authorised_by_name'.,True
electrolyte_powder_mango_peach_EQNX_001_NL_26_07_06040,field,signatory_title,Quality Manager,Quality Manager,MISS,wrong_key,The system found the golden value but filed it under a different field name. The system called it 'reviewed_and_authorised_by_title'.,True
electrolyte_powder_mango_peach_EQNX_001_NL_26_07_06040,field,role,(Reviewed & Authorised By),,MISS,not_extracted,The value is in the golden record but the system returned nothing for it.,True
electrolyte_powder_mango_peach_EQNX_001_NL_26_07_06040,field,note,"This Report is Valid for the tested sample only
Test report shall not be reproduced except in full & with written approval of Equinox Labs Private Limited.
The samples has been provided by the customer and results applied to the sample as received by the lab.
The information provided by customer can affect the validity of results",,MISS,not_extracted,The value is in the golden record but the system returned nothing for it.,True
electrolyte_powder_mango_peach_EQNX_001_NL_26_07_06040,field,end_of_report,---------- End Of Report ----------,,MISS,not_extracted,The value is in the golden record but the system returned nothing for it.,True
electrolyte_powder_mango_peach_EQNX_001_NL_26_07_06040,field,rda_note,*Percentage contribution to Recommended Dietary Allowance calculated on basis of 2000kcal energy,,MISS,not_extracted,The value is in the golden record but the system returned nothing for it.,True
electrolyte_powder_mango_peach_EQNX_001_NL_26_07_06040,field,serving_size,1 Serve = 100g,,MISS,not_extracted,The value is in the golden record but the system returned nothing for it.,True
electrolyte_powder_mango_peach_EQNX_001_NL_26_07_06040,field,batch_number,,3SURP3-002,MISS,unlabelled_extra,The system returned a field the golden record has no entry for — often a correct reading the label set does not cover. Excluded from gold-covered metrics.,False
electrolyte_powder_mango_peach_EQNX_001_NL_26_07_06040,field,udyam_number,,MH-19-0195063,MISS,unlabelled_extra,The system returned a field the golden record has no entry for — often a correct reading the label set does not cover. Excluded from gold-covered metrics.,False
electrolyte_powder_mango_peach_EQNX_001_NL_26_07_06040,test,tests.Added Sugar.result,<1.0,<1.0,HIT,correct,,True
electrolyte_powder_mango_peach_EQNX_001_NL_26_07_06040,test,tests.Added Sugar.unit,g/100g,g/100g,HIT,correct,,True
electrolyte_powder_mango_peach_EQNX_001_NL_26_07_06040,test,tests.Added Sugar.reference_range,,50,MISS,unlabelled_extra,The system returned a field the golden record has no entry for — often a correct reading the label set does not cover. Excluded from gold-covered metrics.,False
electrolyte_powder_mango_peach_EQNX_001_NL_26_07_06040,test,tests.Dietary Fibre.result,<0.1,<0.1,HIT,correct,,True
electrolyte_powder_mango_peach_EQNX_001_NL_26_07_06040,test,tests.Dietary Fibre.unit,g/100g,g/100g,HIT,correct,,True
electrolyte_powder_mango_peach_EQNX_001_NL_26_07_06040,test,tests.Protein.result,<0.1,<0.1,HIT,correct,,True
electrolyte_powder_mango_peach_EQNX_001_NL_26_07_06040,test,tests.Protein.unit,g/100g,g/100g,HIT,correct,,True
electrolyte_powder_mango_peach_EQNX_001_NL_26_07_06040,test,tests.Total Fat.result,<0.1,<0.1,HIT,correct,,True
electrolyte_powder_mango_peach_EQNX_001_NL_26_07_06040,test,tests.Total Fat.unit,g/100g,g/100g,HIT,correct,,True
electrolyte_powder_mango_peach_EQNX_001_NL_26_07_06040,test,tests.Total Sugar.result,<2.0,<2.0,HIT,correct,,True
electrolyte_powder_mango_peach_EQNX_001_NL_26_07_06040,test,tests.Total Sugar.unit,g/100g,g/100g,HIT,correct,,True
electrolyte_powder_mango_peach_EQNX_001_NL_26_07_06040,test,tests.Cholesterol.result,< 1.0,< 1.0,HIT,correct,,True
electrolyte_powder_mango_peach_EQNX_001_NL_26_07_06040,test,tests.Cholesterol.unit,mg/100g,mg/100g,HIT,correct,,True
electrolyte_powder_mango_peach_EQNX_001_NL_26_07_06040,test,tests.Saturated Fat.result,< 0.10,< 0.10,HIT,correct,,True
electrolyte_powder_mango_peach_EQNX_001_NL_26_07_06040,test,tests.Saturated Fat.unit,g/100g,g/100g,HIT,correct,,True
electrolyte_powder_mango_peach_EQNX_001_NL_26_07_06040,test,tests.Carbohydrate.result,<1.0,<1.0,HIT,correct,,True
electrolyte_powder_mango_peach_EQNX_001_NL_26_07_06040,test,tests.Carbohydrate.unit,g/100g,g/100g,HIT,correct,,True
electrolyte_powder_mango_peach_EQNX_001_NL_26_07_06040,test,tests.Energy.result,<5.0,<5.0,HIT,correct,,True
electrolyte_powder_mango_peach_EQNX_001_NL_26_07_06040,test,tests.Energy.unit,Kcal/100g,Kcal/100g,HIT,correct,,True
electrolyte_powder_mango_peach_EQNX_001_NL_26_07_06040,test,tests.Sodium.result,14095.30,14095.30,HIT,correct,,True
electrolyte_powder_mango_peach_EQNX_001_NL_26_07_06040,test,tests.Sodium.unit,mg/100g,mg/100g,HIT,correct,,True
electrolyte_powder_mango_peach_EQNX_001_NL_26_07_06040,test,tests.Unsaturated Fat,,< 0.10,MISS,test_extra_row,The system returned a results row with no counterpart in the golden record — usually a duplicate under a variant name. Excluded from gold-covered metrics.,False
electrolyte_powder_mango_peach_EQNX_001_NL_26_07_06040,test,tests.Trans Fat,,< 0.10,MISS,test_extra_row,The system returned a results row with no counterpart in the golden record — usually a duplicate under a variant name. Excluded from gold-covered metrics.,False
electrolyte_powder_mango_peach_EQNX_001_NL_26_07_06040,test,tests.MUFA,,< 0.10,MISS,test_extra_row,The system returned a results row with no counterpart in the golden record — usually a duplicate under a variant name. Excluded from gold-covered metrics.,False
electrolyte_powder_mango_peach_EQNX_001_NL_26_07_06040,test,tests.PUFA,,< 0.10,MISS,test_extra_row,The system returned a results row with no counterpart in the golden record — usually a duplicate under a variant name. Excluded from gold-covered metrics.,False
electrolyte_powder_mangosteen_salt_EQNX_001_FT_26_07_06037,field,document_title,TEST REPORT,,MISS,not_extracted,The value is in the golden record but the system returned nothing for it.,True
electrolyte_powder_mangosteen_salt_EQNX_001_FT_26_07_06037,field,lab_name,Equinox Labs Private Limited,,MISS,not_extracted,The value is in the golden record but the system returned nothing for it.,True
electrolyte_powder_mangosteen_salt_EQNX_001_FT_26_07_06037,field,lab_tagline,Your Testing & Auditing Partner,,MISS,not_extracted,The value is in the golden record but the system returned nothing for it.,True
electrolyte_powder_mangosteen_salt_EQNX_001_FT_26_07_06037,field,testing_lab_address,"Equinox Center, R65, TTC, Rabale, Navi Mumbai, Maharashtra 400701","Equinox Center, R65,
TTC, Rabale, Navi Mumbai, Maharashtra
400701",HIT,correct,,True
electrolyte_powder_mangosteen_salt_EQNX_001_FT_26_07_06037,field,registered_office,"Equinox Center, R65, TTC, Rabale, Navi Mumbai, Maharashtra - 400701",,MISS,not_extracted,The value is in the golden record but the system returned nothing for it.,True
electrolyte_powder_mangosteen_salt_EQNX_001_FT_26_07_06037,field,laboratories_at,"Mumbai, Bengaluru, Hyderabad, Noida & Chennai",,MISS,not_extracted,The value is in the golden record but the system returned nothing for it.,True
electrolyte_powder_mangosteen_salt_EQNX_001_FT_26_07_06037,field,cin_no,U74999MH2017PTC297024,,MISS,not_extracted,The value is in the golden record but the system returned nothing for it.,True
electrolyte_powder_mangosteen_salt_EQNX_001_FT_26_07_06037,field,udyam,UDYAM-MH-19-0195063,,MISS,not_extracted,The value is in the golden record but the system returned nothing for it.,True
electrolyte_powder_mangosteen_salt_EQNX_001_FT_26_07_06037,field,lab_phone,+912250647422,,MISS,not_extracted,The value is in the golden record but the system returned nothing for it.,True
electrolyte_powder_mangosteen_salt_EQNX_001_FT_26_07_06037,field,lab_email,info@equinoxlab.com,,MISS,not_extracted,The value is in the golden record but the system returned nothing for it.,True
electrolyte_powder_mangosteen_salt_EQNX_001_FT_26_07_06037,field,lab_website,www.equinoxlab.com,,MISS,not_extracted,The value is in the golden record but the system returned nothing for it.,True
electrolyte_powder_mangosteen_salt_EQNX_001_FT_26_07_06037,field,nabl_scope,NABL Scope,,MISS,not_extracted,The value is in the golden record but the system returned nothing for it.,True
electrolyte_powder_mangosteen_salt_EQNX_001_FT_26_07_06037,field,lab_accreditation_no,TC-6820,,MISS,not_extracted,The value is in the golden record but the system returned nothing for it.,True
electrolyte_powder_mangosteen_salt_EQNX_001_FT_26_07_06037,field,ulr,ULR-TC682026000068059F,ULR-TC682026000068059F,MISS,wrong_key,The system found the golden value but filed it under a different field name. The system called it 'ulr_no'.,True
electrolyte_powder_mangosteen_salt_EQNX_001_FT_26_07_06037,field,report_issue_date,25-Jul-2026,25-Jul-2026,HIT,correct,,True
electrolyte_powder_mangosteen_salt_EQNX_001_FT_26_07_06037,field,reference_number,001:FT:26:07:06037,001:FT:26:07:06037,HIT,correct,,True
electrolyte_powder_mangosteen_salt_EQNX_001_FT_26_07_06037,field,report_number,EQNX:001:FT:26:07:06037/A,,MISS,not_extracted,The value is in the golden record but the system returned nothing for it.,True
electrolyte_powder_mangosteen_salt_EQNX_001_FT_26_07_06037,field,discipline,Chemical,Chemical,HIT,correct,,True
electrolyte_powder_mangosteen_salt_EQNX_001_FT_26_07_06037,field,group,Nutritional Supplements,Nutritional Supplements,HIT,correct,,True
electrolyte_powder_mangosteen_salt_EQNX_001_FT_26_07_06037,field,client_name,Thycure Pharma Private Limited,Thycure Pharma Private Limited,HIT,correct,,True
electrolyte_powder_mangosteen_salt_EQNX_001_FT_26_07_06037,field,client_address,"B/2, Plot Nos. 33/35, Hermes House, 2nd Floor, Mama Parmanand Marg, Opera House, Mumbai, Maharashtra, India - 400004.","B/2, Plot Nos. 33/35, Hermes House, 2nd Floor, Mama Parmanand Marg, Opera House, Mumbai, Maharashtra, India - 400004.",MISS,wrong_key,The system found the golden value but filed it under a different field name. The system called it 'organisation.address'.,True
electrolyte_powder_mangosteen_salt_EQNX_001_FT_26_07_06037,field,contact_person,Chanakya Shah,Chanakya Shah,HIT,correct,,True
electrolyte_powder_mangosteen_salt_EQNX_001_FT_26_07_06037,field,sample_sub_group,Others - Nutritional Supplements,Others - Nutritional Supplements,HIT,correct,,True
electrolyte_powder_mangosteen_salt_EQNX_001_FT_26_07_06037,field,sample_name,Electrolyte Powder Mangosteen Salt,Electrolyte Powder Mangosteen Salt,HIT,correct,,True
electrolyte_powder_mangosteen_salt_EQNX_001_FT_26_07_06037,field,batch_no,TAEMS-010,TAEMS-010,HIT,correct,,True
electrolyte_powder_mangosteen_salt_EQNX_001_FT_26_07_06037,field,manufacturing_date,Jun-2026,Jun-2026,HIT,correct,,True
electrolyte_powder_mangosteen_salt_EQNX_001_FT_26_07_06037,field,expiry_date,Nov-2027,,MISS,not_extracted,The value is in the golden record but the system returned nothing for it.,True
electrolyte_powder_mangosteen_salt_EQNX_001_FT_26_07_06037,field,sample_collected_by,Equinox Labs - Omkar Madhavi,Equinox Labs - Omkar Madhavi,HIT,correct,,True
electrolyte_powder_mangosteen_salt_EQNX_001_FT_26_07_06037,field,quantity_and_condition,Approx 250g of sample in a client packaging is intact without any leaks or breaks.,Approx 250g of sample in a client packaging is intact without any leaks or breaks.,HIT,correct,,True
electrolyte_powder_mangosteen_salt_EQNX_001_FT_26_07_06037,field,date_of_pick_up,15-Jul-2026,15-Jul-2026,HIT,correct,,True
electrolyte_powder_mangosteen_salt_EQNX_001_FT_26_07_06037,field,date_of_receipt,15-Jul-2026,15-Jul-2026,HIT,correct,,True
electrolyte_powder_mangosteen_salt_EQNX_001_FT_26_07_06037,field,start_date_of_analysis,16-Jul-2026,16-Jul-2026,HIT,correct,,True
electrolyte_powder_mangosteen_salt_EQNX_001_FT_26_07_06037,field,end_date_of_analysis,22-Jul-2026,22-Jul-2026,HIT,correct,,True
electrolyte_powder_mangosteen_salt_EQNX_001_FT_26_07_06037,field,signatory_name,Dr. Manisha Kharade,,MISS,not_extracted,The value is in the golden record but the system returned nothing for it.,True
electrolyte_powder_mangosteen_salt_EQNX_001_FT_26_07_06037,field,signatory_title,Quality Manager,Quality Manager,MISS,wrong_key,The system found the golden value but filed it under a different field name. The system called it 'reviewed_and_authorised_by_title'.,True
electrolyte_powder_mangosteen_salt_EQNX_001_FT_26_07_06037,field,role,(Reviewed & Authorised By),,MISS,not_extracted,The value is in the golden record but the system returned nothing for it.,True
electrolyte_powder_mangosteen_salt_EQNX_001_FT_26_07_06037,field,comment,1. NMT - Not More Than,1. NMT - Not More Than,HIT,correct,,True
electrolyte_powder_mangosteen_salt_EQNX_001_FT_26_07_06037,field,note,"This Report is Valid for the tested sample only
Test report shall not be reproduced except in full & with written approval of Equinox Labs Private Limited.
The samples has been provided by the customer and results applied to the sample as received by the lab.
The information provided by customer can affect the validity of results",,MISS,not_extracted,The value is in the golden record but the system returned nothing for it.,True
electrolyte_powder_mangosteen_salt_EQNX_001_FT_26_07_06037,field,end_of_report,---------- End Of Report ----------,,MISS,not_extracted,The value is in the golden record but the system returned nothing for it.,True
electrolyte_powder_mangosteen_salt_EQNX_001_FT_26_07_06037,field,remarks,1. The tested parameters conforms to the FSSAI Limits.,1. The tested parameters conforms to the FSSAI Limits.,HIT,correct,,True
electrolyte_powder_mangosteen_salt_EQNX_001_FT_26_07_06037,field,authorized_signatory,,Dr. Manisha Kharade,MISS,unlabelled_extra,The system returned a field the golden record has no entry for — often a correct reading the label set does not cover. Excluded from gold-covered metrics.,False
electrolyte_powder_mangosteen_salt_EQNX_001_FT_26_07_06037,field,batch_number,,TAEMS-010,MISS,unlabelled_extra,The system returned a field the golden record has no entry for — often a correct reading the label set does not cover. Excluded from gold-covered metrics.,False
electrolyte_powder_mangosteen_salt_EQNX_001_FT_26_07_06037,field,reviewed_and_authorised_by_name,,Dr. Manisha Kharade,MISS,unlabelled_extra,The system returned a field the golden record has no entry for — often a correct reading the label set does not cover. Excluded from gold-covered metrics.,False
electrolyte_powder_mangosteen_salt_EQNX_001_FT_26_07_06037,test,tests.Mercury.result,<0.5,<0.5,HIT,correct,,True
electrolyte_powder_mangosteen_salt_EQNX_001_FT_26_07_06037,test,tests.Mercury.unit,mg/kg,mg/kg,HIT,correct,,True
electrolyte_powder_mangosteen_salt_EQNX_001_FT_26_07_06037,test,tests.Mercury.reference_range,NMT 1.0,NMT 1.0,HIT,correct,,True
electrolyte_powder_mangosteen_salt_EQNX_001_FT_26_07_06037,test,tests.Arsenic.result,<0.5,<0.5,HIT,correct,,True
electrolyte_powder_mangosteen_salt_EQNX_001_FT_26_07_06037,test,tests.Arsenic.unit,mg/kg,mg/kg,HIT,correct,,True
electrolyte_powder_mangosteen_salt_EQNX_001_FT_26_07_06037,test,tests.Arsenic.reference_range,NMT 1.1,NMT 1.1,HIT,correct,,True
electrolyte_powder_mangosteen_salt_EQNX_001_FT_26_07_06037,test,tests.Cadmium.result,<0.5,<0.5,HIT,correct,,True
electrolyte_powder_mangosteen_salt_EQNX_001_FT_26_07_06037,test,tests.Cadmium.unit,mg/kg,mg/kg,HIT,correct,,True
electrolyte_powder_mangosteen_salt_EQNX_001_FT_26_07_06037,test,tests.Cadmium.reference_range,NMT 1.5,NMT 1.5,HIT,correct,,True
electrolyte_powder_mangosteen_salt_EQNX_001_FT_26_07_06037,test,tests.Chromium.result,<0.5,<0.5,HIT,correct,,True
electrolyte_powder_mangosteen_salt_EQNX_001_FT_26_07_06037,test,tests.Chromium.unit,mg/kg,mg/kg,HIT,correct,,True
electrolyte_powder_mangosteen_salt_EQNX_001_FT_26_07_06037,test,tests.Chromium.reference_range,Not Specified,Not Specified,HIT,correct,,True
electrolyte_powder_mangosteen_salt_EQNX_001_FT_26_07_06037,test,tests.Copper.result,<0.5,<0.5,HIT,correct,,True
electrolyte_powder_mangosteen_salt_EQNX_001_FT_26_07_06037,test,tests.Copper.unit,mg/kg,mg/kg,HIT,correct,,True
electrolyte_powder_mangosteen_salt_EQNX_001_FT_26_07_06037,test,tests.Copper.reference_range,NMT 30.0,NMT 30.0,HIT,correct,,True
electrolyte_powder_mangosteen_salt_EQNX_001_FT_26_07_06037,test,tests.Lead.result,<0.5,<0.5,HIT,correct,,True
electrolyte_powder_mangosteen_salt_EQNX_001_FT_26_07_06037,test,tests.Lead.unit,mg/kg,mg/kg,HIT,correct,,True
electrolyte_powder_mangosteen_salt_EQNX_001_FT_26_07_06037,test,tests.Lead.reference_range,NMT 2.5,NMT 2.5,HIT,correct,,True
electrolyte_powder_mangosteen_salt_EQNX_001_FT_26_07_06037,test,tests.Nickel.result,<0.5,<0.5,HIT,correct,,True
electrolyte_powder_mangosteen_salt_EQNX_001_FT_26_07_06037,test,tests.Nickel.unit,mg/kg,mg/kg,HIT,correct,,True
electrolyte_powder_mangosteen_salt_EQNX_001_FT_26_07_06037,test,tests.Nickel.reference_range,Not Specified,Not Specified,HIT,correct,,True
electrolyte_powder_mangosteen_salt_EQNX_001_FT_26_07_06037,test,tests.Tin.result,<0.5,<0.5,HIT,correct,,True
electrolyte_powder_mangosteen_salt_EQNX_001_FT_26_07_06037,test,tests.Tin.unit,mg/kg,mg/kg,HIT,correct,,True
electrolyte_powder_mangosteen_salt_EQNX_001_FT_26_07_06037,test,tests.Tin.reference_range,NMT 250,NMT 250,HIT,correct,,True
electrolyte_powder_mangosteen_salt_EQNX_001_FT_26_07_06037,test,tests.Methyl Mercury.result,<0.1,<0.1,HIT,correct,,True
electrolyte_powder_mangosteen_salt_EQNX_001_FT_26_07_06037,test,tests.Methyl Mercury.unit,mg/kg,mg/kg,HIT,correct,,True
electrolyte_powder_mangosteen_salt_EQNX_001_FT_26_07_06037,test,tests.Methyl Mercury.reference_range,NMT 0.25,NMT 0.25,HIT,correct,,True
high-protein-paneer,field,document_title,TEST REPORT,,MISS,not_extracted,The value is in the golden record but the system returned nothing for it.,True
high-protein-paneer,field,lab_name,Intertek,,MISS,not_extracted,The value is in the golden record but the system returned nothing for it.,True
high-protein-paneer,field,lab_tagline,Total Quality. Assured.,,MISS,not_extracted,The value is in the golden record but the system returned nothing for it.,True
high-protein-paneer,field,lab_address,"Plot No. D-53, IDA, Phase-1, Jeedimetla, Hyderabad - 500055, India",,MISS,not_extracted,The value is in the golden record but the system returned nothing for it.,True
high-protein-paneer,field,lab_phone,+91 40 2319 5257,,MISS,not_extracted,The value is in the golden record but the system returned nothing for it.,True
high-protein-paneer,field,lab_fax,+91 40 4201 5258,,MISS,not_extracted,The value is in the golden record but the system returned nothing for it.,True
high-protein-paneer,field,lab_website,intertek.com,,MISS,not_extracted,The value is in the golden record but the system returned nothing for it.,True
high-protein-paneer,field,registered_office,"Intertek India Pvt. Ltd. E-20, Block– B1, Mohan Co-operative Industrial Area, Mathura Road, New Delhi – 110044, India",,MISS,not_extracted,The value is in the golden record but the system returned nothing for it.,True
high-protein-paneer,field,cin_no,U74220DL1997PTC202243,,MISS,not_extracted,The value is in the golden record but the system returned nothing for it.,True
high-protein-paneer,field,lab_accreditation_no,TC- 5160,,MISS,not_extracted,The value is in the golden record but the system returned nothing for it.,True
high-protein-paneer,field,analysis_report_no,IFSH-260409136,,MISS,not_extracted,The value is in the golden record but the system returned nothing for it.,True
high-protein-paneer,field,report_issue_date,24.04.2026,,MISS,not_extracted,The value is in the golden record but the system returned nothing for it.,True
high-protein-paneer,field,format_no,IFSH/RE/QU/005,,MISS,not_extracted,The value is in the golden record but the system returned nothing for it.,True
high-protein-paneer,field,start_date_of_analysis,09/04/2026,,MISS,not_extracted,The value is in the golden record but the system returned nothing for it.,True
high-protein-paneer,field,end_date_of_analysis,24/04/2026,,MISS,not_extracted,The value is in the golden record but the system returned nothing for it.,True
high-protein-paneer,field,reporting_code,FS/CR/DR,,MISS,not_extracted,The value is in the golden record but the system returned nothing for it.,True
high-protein-paneer,field,client_issued_to,M/s. MANDYA ORGANIC FOODS PRIVATE LIMITED,,MISS,not_extracted,The value is in the golden record but the system returned nothing for it.,True
high-protein-paneer,field,client_address,"444, S I Kodihalli Gate, Banasvadi Gate Keragodu Hobli, Hulivana, Mandya 571446 Karnataka KA, India, GSTIN: 29AAKCM1939M1ZT",,MISS,not_extracted,The value is in the golden record but the system returned nothing for it.,True
high-protein-paneer,field,your_ref,SCR,,MISS,not_extracted,The value is in the golden record but the system returned nothing for it.,True
high-protein-paneer,field,dated,03/04/2026,,MISS,not_extracted,The value is in the golden record but the system returned nothing for it.,True
high-protein-paneer,field,ulr_no,TC516026000014441F,,MISS,not_extracted,The value is in the golden record but the system returned nothing for it.,True
high-protein-paneer,field,name_of_the_product,Organic Mandya High Protein Paneer Low Fat,,MISS,not_extracted,The value is in the golden record but the system returned nothing for it.,True
high-protein-paneer,field,sample_details,"B. No: B60326
DOM: 01/04/2026
Use By: 30/04/2026",,MISS,not_extracted,The value is in the golden record but the system returned nothing for it.,True
high-protein-paneer,field,test_required,Biological & Chemical Test,,MISS,not_extracted,The value is in the golden record but the system returned nothing for it.,True
high-protein-paneer,field,any_other_information,"Sample Collected by Intertek Lab Representative: Mr. Naveen
Sample Collected Date: 03.04.2026 & Time: 11:00am To 12:00pm
Sample Collected Location: Mandya.",,MISS,not_extracted,The value is in the golden record but the system returned nothing for it.,True
high-protein-paneer,field,sample_registration_number,IFSH-260409136,,MISS,not_extracted,The value is in the golden record but the system returned nothing for it.,True
high-protein-paneer,field,sample_registration_date,09/04/2026,,MISS,not_extracted,The value is in the golden record but the system returned nothing for it.,True
high-protein-paneer,field,sample_quantity_received,200grm X 1no,,MISS,not_extracted,The value is in the golden record but the system returned nothing for it.,True
high-protein-paneer,field,sample_condition,Intact,,MISS,not_extracted,The value is in the golden record but the system returned nothing for it.,True
high-protein-paneer,field,sample_receipt_date,04/04/2026,,MISS,not_extracted,The value is in the golden record but the system returned nothing for it.,True
high-protein-paneer,field,signatory_title,Authorized Signatory,,MISS,not_extracted,The value is in the golden record but the system returned nothing for it.,True
high-protein-paneer,field,signatory_name,G.Sonia Kumari,,MISS,not_extracted,The value is in the golden record but the system returned nothing for it.,True
high-protein-paneer,field,designation,Assistant Manager -Microbiology,,MISS,not_extracted,The value is in the golden record but the system returned nothing for it.,True
high-protein-paneer,field,note_01,The above results relate only to the sample tested.,,MISS,not_extracted,The value is in the golden record but the system returned nothing for it.,True
high-protein-paneer,field,note_02,The report shall not be reproduced except in full without approval of the laboratory can provide assurance that parts of a report are not taken out of context.,,MISS,not_extracted,The value is in the golden record but the system returned nothing for it.,True
high-protein-paneer,field,note_03,Measurement uncertainty is included to the reported results and decision rule is applied where ever applicable (AS Per MSP) IFSH/MSP/QU/026.,,MISS,not_extracted,The value is in the golden record but the system returned nothing for it.,True
high-protein-paneer,field,remarks,"The above submitted sample conforms As per FSSR 2011 Specifications requirements for the above mentioned test parameters, where ever applicable.",,MISS,not_extracted,The value is in the golden record but the system returned nothing for it.,True
high-protein-paneer,field,end_of_report,******END OF TEST REPORT******,,MISS,not_extracted,The value is in the golden record but the system returned nothing for it.,True
high-protein-paneer,test,tests.Aerobic plate count.result,41500,,MISS,test_not_extracted,The whole results row is in the golden record but was not returned.,True
high-protein-paneer,test,tests.Aerobic plate count.unit,cfu/g,,MISS,test_not_extracted,The whole results row is in the golden record but was not returned.,True
high-protein-paneer,test,tests.Aerobic plate count.reference_range,150000,,MISS,test_not_extracted,The whole results row is in the golden record but was not returned.,True
high-protein-paneer,test,tests.Coliform count.result,<10,,MISS,test_not_extracted,The whole results row is in the golden record but was not returned.,True
high-protein-paneer,test,tests.Coliform count.unit,cfu/g,,MISS,test_not_extracted,The whole results row is in the golden record but was not returned.,True
high-protein-paneer,test,tests.Coliform count.reference_range,10,,MISS,test_not_extracted,The whole results row is in the golden record but was not returned.,True
high-protein-paneer,test,tests.Staphylococcus aureus.result,<10,,MISS,test_not_extracted,The whole results row is in the golden record but was not returned.,True
high-protein-paneer,test,tests.Staphylococcus aureus.unit,cfu/g,,MISS,test_not_extracted,The whole results row is in the golden record but was not returned.,True
high-protein-paneer,test,tests.Staphylococcus aureus.reference_range,10,,MISS,test_not_extracted,The whole results row is in the golden record but was not returned.,True
high-protein-paneer,test,tests.Yeast & Mould.result,<10,,MISS,test_not_extracted,The whole results row is in the golden record but was not returned.,True
high-protein-paneer,test,tests.Yeast & Mould.unit,cfu/g,,MISS,test_not_extracted,The whole results row is in the golden record but was not returned.,True
high-protein-paneer,test,tests.Yeast & Mould.reference_range,50,,MISS,test_not_extracted,The whole results row is in the golden record but was not returned.,True
high-protein-paneer,test,tests.E. coli.result,Absent,,MISS,test_not_extracted,The whole results row is in the golden record but was not returned.,True
high-protein-paneer,test,tests.E. coli.unit,Per g,,MISS,test_not_extracted,The whole results row is in the golden record but was not returned.,True
high-protein-paneer,test,tests.Salmonella.result,Absent,,MISS,test_not_extracted,The whole results row is in the golden record but was not returned.,True
high-protein-paneer,test,tests.Salmonella.unit,Per 25g,,MISS,test_not_extracted,The whole results row is in the golden record but was not returned.,True
high-protein-paneer,test,tests.Salmonella.reference_range,Absent,,MISS,test_not_extracted,The whole results row is in the golden record but was not returned.,True
high-protein-paneer,test,tests.Listeria monocytogenes.result,Absent,,MISS,test_not_extracted,The whole results row is in the golden record but was not returned.,True
high-protein-paneer,test,tests.Listeria monocytogenes.unit,Per 25g,,MISS,test_not_extracted,The whole results row is in the golden record but was not returned.,True
high-protein-paneer,test,tests.Listeria monocytogenes.reference_range,Absent,,MISS,test_not_extracted,The whole results row is in the golden record but was not returned.,True
high-protein-paneer,test,tests.Bacillus cereus.result,<10,,MISS,test_not_extracted,The whole results row is in the golden record but was not returned.,True
high-protein-paneer,test,tests.Bacillus cereus.unit,cfu/g,,MISS,test_not_extracted,The whole results row is in the golden record but was not returned.,True
high-protein-paneer,test,tests.Sulphite reducing clostridia.result,<10,,MISS,test_not_extracted,The whole results row is in the golden record but was not returned.,True
high-protein-paneer,test,tests.Sulphite reducing clostridia.unit,cfu/g,,MISS,test_not_extracted,The whole results row is in the golden record but was not returned.,True
high-protein-paneer,test,tests.Enterobacter sakazakii.result,Absent,,MISS,test_not_extracted,The whole results row is in the golden record but was not returned.,True
high-protein-paneer,test,tests.Enterobacter sakazakii.unit,Per 10g,,MISS,test_not_extracted,The whole results row is in the golden record but was not returned.,True
high-protein-paneer,test,tests.Moisture.result,59.89,,MISS,test_not_extracted,The whole results row is in the golden record but was not returned.,True
high-protein-paneer,test,tests.Moisture.unit,g/100g,,MISS,test_not_extracted,The whole results row is in the golden record but was not returned.,True
high-protein-paneer,test,tests.Moisture.reference_range,MAX 70.0,,MISS,test_not_extracted,The whole results row is in the golden record but was not returned.,True
high-protein-paneer,test,tests.Milk fat.result,5.12,,MISS,test_not_extracted,The whole results row is in the golden record but was not returned.,True
high-protein-paneer,test,tests.Milk fat.unit,g/100g,,MISS,test_not_extracted,The whole results row is in the golden record but was not returned.,True
high-protein-paneer,test,tests.Milk fat.reference_range,MAX 20.0,,MISS,test_not_extracted,The whole results row is in the golden record but was not returned.,True
high-protein-paneer,test,tests.Protein.result,28.36,,MISS,test_not_extracted,The whole results row is in the golden record but was not returned.,True
high-protein-paneer,test,tests.Protein.unit,g/100g,,MISS,test_not_extracted,The whole results row is in the golden record but was not returned.,True
high-protein-paneer,test,tests.Lead a Pb.result,Not Detected,,MISS,test_not_extracted,The whole results row is in the golden record but was not returned.,True
high-protein-paneer,test,tests.Lead a Pb.unit,mg/kg,,MISS,test_not_extracted,The whole results row is in the golden record but was not returned.,True
high-protein-paneer,test,tests.Lead a Pb.reference_range,Max 2.5,,MISS,test_not_extracted,The whole results row is in the golden record but was not returned.,True
high-protein-paneer,test,tests.Arsenic as As.result,Not Detected,,MISS,test_not_extracted,The whole results row is in the golden record but was not returned.,True
high-protein-paneer,test,tests.Arsenic as As.unit,mg/kg,,MISS,test_not_extracted,The whole results row is in the golden record but was not returned.,True
high-protein-paneer,test,tests.Arsenic as As.reference_range,Max 1.1,,MISS,test_not_extracted,The whole results row is in the golden record but was not returned.,True
high-protein-paneer,test,tests.Cadmium as Cd.result,Not Detected,,MISS,test_not_extracted,The whole results row is in the golden record but was not returned.,True
high-protein-paneer,test,tests.Cadmium as Cd.unit,mg/kg,,MISS,test_not_extracted,The whole results row is in the golden record but was not returned.,True
high-protein-paneer,test,tests.Cadmium as Cd.reference_range,Max 1.5,,MISS,test_not_extracted,The whole results row is in the golden record but was not returned.,True
high-protein-paneer,test,tests.Mercury as Hg.result,Not Detected,,MISS,test_not_extracted,The whole results row is in the golden record but was not returned.,True
high-protein-paneer,test,tests.Mercury as Hg.unit,mg/kg,,MISS,test_not_extracted,The whole results row is in the golden record but was not returned.,True
high-protein-paneer,test,tests.Mercury as Hg.reference_range,Max 1.0,,MISS,test_not_extracted,The whole results row is in the golden record but was not returned.,True
high-protein-paneer,test,tests.Tin.result,Not Detected,,MISS,test_not_extracted,The whole results row is in the golden record but was not returned.,True
high-protein-paneer,test,tests.Tin.unit,mg/kg,,MISS,test_not_extracted,The whole results row is in the golden record but was not returned.,True
high-protein-paneer,test,tests.Tin.reference_range,Max 250,,MISS,test_not_extracted,The whole results row is in the golden record but was not returned.,True
high-protein-paneer,test,tests.Copper as Cu.result,0.12,,MISS,test_not_extracted,The whole results row is in the golden record but was not returned.,True
high-protein-paneer,test,tests.Copper as Cu.unit,mg/kg,,MISS,test_not_extracted,The whole results row is in the golden record but was not returned.,True
high-protein-paneer,test,tests.Copper as Cu.reference_range,Max 30,,MISS,test_not_extracted,The whole results row is in the golden record but was not returned.,True
high-protein-paneer,test,tests.Methyl Mercury as element.result,Not Detected,,MISS,test_not_extracted,The whole results row is in the golden record but was not returned.,True
high-protein-paneer,test,tests.Methyl Mercury as element.unit,mg/kg,,MISS,test_not_extracted,The whole results row is in the golden record but was not returned.,True
high-protein-paneer,test,tests.Methyl Mercury as element.reference_range,Max 0.25,,MISS,test_not_extracted,The whole results row is in the golden record but was not returned.,True
high-protein-paneer,test,tests.Copper Hydroxide (Copper determined as elemental copper).result,0.12,,MISS,test_not_extracted,The whole results row is in the golden record but was not returned.,True
high-protein-paneer,test,tests.Copper Hydroxide (Copper determined as elemental copper).unit,mg/kg,,MISS,test_not_extracted,The whole results row is in the golden record but was not returned.,True
high-protein-paneer,test,tests.Copper Hydroxide (Copper determined as elemental copper).reference_range,30 Max (Elemental copper),,MISS,test_not_extracted,The whole results row is in the golden record but was not returned.,True
high-protein-paneer,test,tests.Copper Oxychloride (Copper determined as elemental copper).result,0.12,,MISS,test_not_extracted,The whole results row is in the golden record but was not returned.,True
high-protein-paneer,test,tests.Copper Oxychloride (Copper determined as elemental copper).unit,mg/kg,,MISS,test_not_extracted,The whole results row is in the golden record but was not returned.,True
high-protein-paneer,test,tests.Copper Oxychloride (Copper determined as elemental copper).reference_range,30 Max (Elemental copper),,MISS,test_not_extracted,The whole results row is in the golden record but was not returned.,True
high-protein-paneer,test,tests.Copper Sulphate (Copper determined as elemental copper.result,0.12,,MISS,test_not_extracted,The whole results row is in the golden record but was not returned.,True
high-protein-paneer,test,tests.Copper Sulphate (Copper determined as elemental copper.unit,mg/kg,,MISS,test_not_extracted,The whole results row is in the golden record but was not returned.,True
high-protein-paneer,test,tests.Copper Sulphate (Copper determined as elemental copper.reference_range,30 Max (Elemental copper),,MISS,test_not_extracted,The whole results row is in the golden record but was not returned.,True
high-protein-paneer,test,tests.Cuprous Oxide (Copper determined as elemental copper).result,0.12,,MISS,test_not_extracted,The whole results row is in the golden record but was not returned.,True
high-protein-paneer,test,tests.Cuprous Oxide (Copper determined as elemental copper).unit,mg/kg,,MISS,test_not_extracted,The whole results row is in the golden record but was not returned.,True
high-protein-paneer,test,tests.Cuprous Oxide (Copper determined as elemental copper).reference_range,30 Max (Elemental copper),,MISS,test_not_extracted,The whole results row is in the golden record but was not returned.,True
high-protein-paneer,test,tests.Melamine.result,Not Detected,,MISS,test_not_extracted,The whole results row is in the golden record but was not returned.,True
high-protein-paneer,test,tests.Melamine.unit,µg/kg,,MISS,test_not_extracted,The whole results row is in the golden record but was not returned.,True
high-protein-paneer,test,tests.Melamine.reference_range,2500,,MISS,test_not_extracted,The whole results row is in the golden record but was not returned.,True
high-protein-paneer,test,tests.Agaric Acid.result,Not Detected,,MISS,test_not_extracted,The whole results row is in the golden record but was not returned.,True
high-protein-paneer,test,tests.Agaric Acid.unit,mg/kg,,MISS,test_not_extracted,The whole results row is in the golden record but was not returned.,True
high-protein-paneer,test,tests.Hydrocyanic Acid.result,<3,,MISS,test_not_extracted,The whole results row is in the golden record but was not returned.,True
high-protein-paneer,test,tests.Hydrocyanic Acid.unit,mg/kg,,MISS,test_not_extracted,The whole results row is in the golden record but was not returned.,True
high-protein-paneer,test,tests.Hypericine.result,Not Detected,,MISS,test_not_extracted,The whole results row is in the golden record but was not returned.,True
high-protein-paneer,test,tests.Hypericine.unit,mg/kg,,MISS,test_not_extracted,The whole results row is in the golden record but was not returned.,True
high-protein-paneer,test,tests.Saffrole.result,Not Detected,,MISS,test_not_extracted,The whole results row is in the golden record but was not returned.,True
high-protein-paneer,test,tests.Saffrole.unit,mg/kg,,MISS,test_not_extracted,The whole results row is in the golden record but was not returned.,True
high-protein-paneer,test,tests.Aflatoxin M1.result,Not Detected,,MISS,test_not_extracted,The whole results row is in the golden record but was not returned.,True
high-protein-paneer,test,tests.Aflatoxin M1.unit,µg/kg,,MISS,test_not_extracted,The whole results row is in the golden record but was not returned.,True
high-protein-paneer,test,tests.Acephate.result,Not Detected,,MISS,test_not_extracted,The whole results row is in the golden record but was not returned.,True
high-protein-paneer,test,tests.Acephate.unit,mg/kg,,MISS,test_not_extracted,The whole results row is in the golden record but was not returned.,True
high-protein-paneer,test,tests.Acephate.reference_range,0.02,,MISS,test_not_extracted,The whole results row is in the golden record but was not returned.,True
high-protein-paneer,test,tests.Acetamiprid.result,Not Detected,,MISS,test_not_extracted,The whole results row is in the golden record but was not returned.,True
high-protein-paneer,test,tests.Acetamiprid.unit,mg/kg,,MISS,test_not_extracted,The whole results row is in the golden record but was not returned.,True
high-protein-paneer,test,tests.Acetamiprid.reference_range,0.02,,MISS,test_not_extracted,The whole results row is in the golden record but was not returned.,True
high-protein-paneer,test,tests.Bifenthrin.result,Not Detected,,MISS,test_not_extracted,The whole results row is in the golden record but was not returned.,True
high-protein-paneer,test,tests.Bifenthrin.unit,mg/kg,,MISS,test_not_extracted,The whole results row is in the golden record but was not returned.,True
high-protein-paneer,test,tests.Bifenthrin.reference_range,0.2,,MISS,test_not_extracted,The whole results row is in the golden record but was not returned.,True
high-protein-paneer,test,tests.Bitertanol.result,Not Detected,,MISS,test_not_extracted,The whole results row is in the golden record but was not returned.,True
high-protein-paneer,test,tests.Bitertanol.unit,mg/kg,,MISS,test_not_extracted,The whole results row is in the golden record but was not returned.,True
high-protein-paneer,test,tests.Bitertanol.reference_range,0.05,,MISS,test_not_extracted,The whole results row is in the golden record but was not returned.,True
high-protein-paneer,test,tests.Buprofezin.result,Not Detected,,MISS,test_not_extracted,The whole results row is in the golden record but was not returned.,True
high-protein-paneer,test,tests.Buprofezin.unit,mg/kg,,MISS,test_not_extracted,The whole results row is in the golden record but was not returned.,True
high-protein-paneer,test,tests.Buprofezin.reference_range,0.01,,MISS,test_not_extracted,The whole results row is in the golden record but was not returned.,True
high-protein-paneer,test,tests.Carbaryl.result,Not Detected,,MISS,test_not_extracted,The whole results row is in the golden record but was not returned.,True
high-protein-paneer,test,tests.Carbaryl.unit,mg/kg,,MISS,test_not_extracted,The whole results row is in the golden record but was not returned.,True
high-protein-paneer,test,tests.Carbaryl.reference_range,0.05,,MISS,test_not_extracted,The whole results row is in the golden record but was not returned.,True
high-protein-paneer,test,tests.Carbendazim.result,Not Detected,,MISS,test_not_extracted,The whole results row is in the golden record but was not returned.,True
high-protein-paneer,test,tests.Carbendazim.unit,mg/kg,,MISS,test_not_extracted,The whole results row is in the golden record but was not returned.,True
high-protein-paneer,test,tests.Carbendazim.reference_range,0.1,,MISS,test_not_extracted,The whole results row is in the golden record but was not returned.,True
high-protein-paneer,test,tests.Carbofuran.result,Not Detected,,MISS,test_not_extracted,The whole results row is in the golden record but was not returned.,True
high-protein-paneer,test,tests.Carbofuran.unit,mg/kg,,MISS,test_not_extracted,The whole results row is in the golden record but was not returned.,True
high-protein-paneer,test,tests.Carbofuran.reference_range,0.1,,MISS,test_not_extracted,The whole results row is in the golden record but was not returned.,True
high-protein-paneer,test,tests.Carbosulfan.result,Not Detected,,MISS,test_not_extracted,The whole results row is in the golden record but was not returned.,True
high-protein-paneer,test,tests.Carbosulfan.unit,mg/kg,,MISS,test_not_extracted,The whole results row is in the golden record but was not returned.,True
high-protein-paneer,test,tests.Carbosulfan.reference_range,0.01,,MISS,test_not_extracted,The whole results row is in the golden record but was not returned.,True
high-protein-paneer,test,tests.Chlorantraniliprole.result,Not Detected,,MISS,test_not_extracted,The whole results row is in the golden record but was not returned.,True
high-protein-paneer,test,tests.Chlorantraniliprole.unit,mg/kg,,MISS,test_not_extracted,The whole results row is in the golden record but was not returned.,True
high-protein-paneer,test,tests.Chlorantraniliprole.reference_range,0.01,,MISS,test_not_extracted,The whole results row is in the golden record but was not returned.,True
high-protein-paneer,test,tests.Chlorfenapyr.result,Not Detected,,MISS,test_not_extracted,The whole results row is in the golden record but was not returned.,True
high-protein-paneer,test,tests.Chlorfenapyr.unit,mg/kg,,MISS,test_not_extracted,The whole results row is in the golden record but was not returned.,True
high-protein-paneer,test,tests.Chlorfenapyr.reference_range,0.01,,MISS,test_not_extracted,The whole results row is in the golden record but was not returned.,True
high-protein-paneer,test,tests.Chlorothalonil.result,Not Detected,,MISS,test_not_extracted,The whole results row is in the golden record but was not returned.,True
high-protein-paneer,test,tests.Chlorothalonil.unit,mg/kg,,MISS,test_not_extracted,The whole results row is in the golden record but was not returned.,True
high-protein-paneer,test,tests.Chlorothalonil.reference_range,0.07,,MISS,test_not_extracted,The whole results row is in the golden record but was not returned.,True
high-protein-paneer,test,tests.Chlorpyriphos.result,Not Detected,,MISS,test_not_extracted,The whole results row is in the golden record but was not returned.,True
high-protein-paneer,test,tests.Chlorpyriphos.unit,mg/kg,,MISS,test_not_extracted,The whole results row is in the golden record but was not returned.,True
high-protein-paneer,test,tests.Chlorpyriphos.reference_range,0.02,,MISS,test_not_extracted,The whole results row is in the golden record but was not returned.,True
high-protein-paneer,test,tests.Chlothianidin.result,Not Detected,,MISS,test_not_extracted,The whole results row is in the golden record but was not returned.,True
high-protein-paneer,test,tests.Chlothianidin.unit,mg/kg,,MISS,test_not_extracted,The whole results row is in the golden record but was not returned.,True
high-protein-paneer,test,tests.Chlothianidin.reference_range,0.02,,MISS,test_not_extracted,The whole results row is in the golden record but was not returned.,True
high-protein-paneer,test,tests.Cypermethrin.result,Not Detected,,MISS,test_not_extracted,The whole results row is in the golden record but was not returned.,True
high-protein-paneer,test,tests.Cypermethrin.unit,mg/kg,,MISS,test_not_extracted,The whole results row is in the golden record but was not returned.,True
high-protein-paneer,test,tests.Cypermethrin.reference_range,0.05,,MISS,test_not_extracted,The whole results row is in the golden record but was not returned.,True
high-protein-paneer,test,tests.Deltamethrin (Decamethrin).result,Not Detected,,MISS,test_not_extracted,The whole results row is in the golden record but was not returned.,True
high-protein-paneer,test,tests.Deltamethrin (Decamethrin).unit,mg/kg,,MISS,test_not_extracted,The whole results row is in the golden record but was not returned.,True
high-protein-paneer,test,tests.Deltamethrin (Decamethrin).reference_range,0.05,,MISS,test_not_extracted,The whole results row is in the golden record but was not returned.,True
high-protein-paneer,test,tests.Dichlorvos.result,Not Detected,,MISS,test_not_extracted,The whole results row is in the golden record but was not returned.,True
high-protein-paneer,test,tests.Dichlorvos.unit,mg/kg,,MISS,test_not_extracted,The whole results row is in the golden record but was not returned.,True
high-protein-paneer,test,tests.Dichlorvos.reference_range,0.01,,MISS,test_not_extracted,The whole results row is in the golden record but was not returned.,True
high-protein-paneer,test,tests.Difenoconazole.result,Not Detected,,MISS,test_not_extracted,The whole results row is in the golden record but was not returned.,True
high-protein-paneer,test,tests.Difenoconazole.unit,mg/kg,,MISS,test_not_extracted,The whole results row is in the golden record but was not returned.,True
high-protein-paneer,test,tests.Difenoconazole.reference_range,0.02,,MISS,test_not_extracted,The whole results row is in the golden record but was not returned.,True
high-protein-paneer,test,tests.Dimethoate.result,Not Detected,,MISS,test_not_extracted,The whole results row is in the golden record but was not returned.,True
high-protein-paneer,test,tests.Dimethoate.unit,mg/kg,,MISS,test_not_extracted,The whole results row is in the golden record but was not returned.,True
high-protein-paneer,test,tests.Dimethoate.reference_range,0.05,,MISS,test_not_extracted,The whole results row is in the golden record but was not returned.,True
high-protein-paneer,test,tests.Dinotefuran.result,Not Detected,,MISS,test_not_extracted,The whole results row is in the golden record but was not returned.,True
high-protein-paneer,test,tests.Dinotefuran.unit,mg/kg,,MISS,test_not_extracted,The whole results row is in the golden record but was not returned.,True
high-protein-paneer,test,tests.Dinotefuran.reference_range,0.1,,MISS,test_not_extracted,The whole results row is in the golden record but was not returned.,True
high-protein-paneer,test,tests.Edifenphos.result,Not Detected,,MISS,test_not_extracted,The whole results row is in the golden record but was not returned.,True
high-protein-paneer,test,tests.Edifenphos.unit,mg/kg,,MISS,test_not_extracted,The whole results row is in the golden record but was not returned.,True
high-protein-paneer,test,tests.Edifenphos.reference_range,0.01,,MISS,test_not_extracted,The whole results row is in the golden record but was not returned.,True
high-protein-paneer,test,tests.Emamectin Benzoate.result,Not Detected,,MISS,test_not_extracted,The whole results row is in the golden record but was not returned.,True
high-protein-paneer,test,tests.Emamectin Benzoate.unit,mg/kg,,MISS,test_not_extracted,The whole results row is in the golden record but was not returned.,True
high-protein-paneer,test,tests.Emamectin Benzoate.reference_range,0.01,,MISS,test_not_extracted,The whole results row is in the golden record but was not returned.,True
high-protein-paneer,test,tests.Ethion.result,Not Detected,,MISS,test_not_extracted,The whole results row is in the golden record but was not returned.,True
high-protein-paneer,test,tests.Ethion.unit,mg/kg,,MISS,test_not_extracted,The whole results row is in the golden record but was not returned.,True
high-protein-paneer,test,tests.Ethion.reference_range,0.5,,MISS,test_not_extracted,The whole results row is in the golden record but was not returned.,True
high-protein-paneer,test,tests.Fenpropathrin.result,Not Detected,,MISS,test_not_extracted,The whole results row is in the golden record but was not returned.,True
high-protein-paneer,test,tests.Fenpropathrin.unit,mg/kg,,MISS,test_not_extracted,The whole results row is in the golden record but was not returned.,True
high-protein-paneer,test,tests.Fenpropathrin.reference_range,0.1,,MISS,test_not_extracted,The whole results row is in the golden record but was not returned.,True
high-protein-paneer,test,tests.Fenvalerate.result,Not Detected,,MISS,test_not_extracted,The whole results row is in the golden record but was not returned.,True
high-protein-paneer,test,tests.Fenvalerate.unit,mg/kg,,MISS,test_not_extracted,The whole results row is in the golden record but was not returned.,True
high-protein-paneer,test,tests.Fenvalerate.reference_range,0.01,,MISS,test_not_extracted,The whole results row is in the golden record but was not returned.,True
high-protein-paneer,test,tests.Fipronil.result,Not Detected,,MISS,test_not_extracted,The whole results row is in the golden record but was not returned.,True
high-protein-paneer,test,tests.Fipronil.unit,mg/kg,,MISS,test_not_extracted,The whole results row is in the golden record but was not returned.,True
high-protein-paneer,test,tests.Fipronil.reference_range,0.02,,MISS,test_not_extracted,The whole results row is in the golden record but was not returned.,True
high-protein-paneer,test,tests.Flubendiamide.result,Not Detected,,MISS,test_not_extracted,The whole results row is in the golden record but was not returned.,True
high-protein-paneer,test,tests.Flubendiamide.unit,mg/kg,,MISS,test_not_extracted,The whole results row is in the golden record but was not returned.,True
high-protein-paneer,test,tests.Flubendiamide.reference_range,0.01,,MISS,test_not_extracted,The whole results row is in the golden record but was not returned.,True
high-protein-paneer,test,tests.Flusilazole.result,Not Detected,,MISS,test_not_extracted,The whole results row is in the golden record but was not returned.,True
high-protein-paneer,test,tests.Flusilazole.unit,mg/kg,,MISS,test_not_extracted,The whole results row is in the golden record but was not returned.,True
high-protein-paneer,test,tests.Flusilazole.reference_range,0.01,,MISS,test_not_extracted,The whole results row is in the golden record but was not returned.,True
high-protein-paneer,test,tests.Imidacloprid.result,Not Detected,,MISS,test_not_extracted,The whole results row is in the golden record but was not returned.,True
high-protein-paneer,test,tests.Imidacloprid.unit,mg/kg,,MISS,test_not_extracted,The whole results row is in the golden record but was not returned.,True
high-protein-paneer,test,tests.Imidacloprid.reference_range,0.01,,MISS,test_not_extracted,The whole results row is in the golden record but was not returned.,True
high-protein-paneer,test,tests.Indoxacarb.result,Not Detected,,MISS,test_not_extracted,The whole results row is in the golden record but was not returned.,True
high-protein-paneer,test,tests.Indoxacarb.unit,mg/kg,,MISS,test_not_extracted,The whole results row is in the golden record but was not returned.,True
high-protein-paneer,test,tests.Indoxacarb.reference_range,0.01,,MISS,test_not_extracted,The whole results row is in the golden record but was not returned.,True
high-protein-paneer,test,tests.Malathion.result,Not Detected,,MISS,test_not_extracted,The whole results row is in the golden record but was not returned.,True
high-protein-paneer,test,tests.Malathion.unit,mg/kg,,MISS,test_not_extracted,The whole results row is in the golden record but was not returned.,True
high-protein-paneer,test,tests.Malathion.reference_range,0.01,,MISS,test_not_extracted,The whole results row is in the golden record but was not returned.,True
high-protein-paneer,test,tests.malaoxon.result,Not Detected,,MISS,test_not_extracted,The whole results row is in the golden record but was not returned.,True
high-protein-paneer,test,tests.malaoxon.unit,mg/kg,,MISS,test_not_extracted,The whole results row is in the golden record but was not returned.,True
high-protein-paneer,test,tests.malaoxon.reference_range,0.01,,MISS,test_not_extracted,The whole results row is in the golden record but was not returned.,True
high-protein-paneer,test,tests.Methomyl.result,Not Detected,,MISS,test_not_extracted,The whole results row is in the golden record but was not returned.,True
high-protein-paneer,test,tests.Methomyl.unit,mg/kg,,MISS,test_not_extracted,The whole results row is in the golden record but was not returned.,True
high-protein-paneer,test,tests.Methomyl.reference_range,0.1,,MISS,test_not_extracted,The whole results row is in the golden record but was not returned.,True
high-protein-paneer,test,tests.Methyl Parathion (Paraxon Methyl).result,Not Detected,,MISS,test_not_extracted,The whole results row is in the golden record but was not returned.,True
high-protein-paneer,test,tests.Methyl Parathion (Paraxon Methyl).unit,mg/kg,,MISS,test_not_extracted,The whole results row is in the golden record but was not returned.,True
high-protein-paneer,test,tests.Methyl Parathion (Paraxon Methyl).reference_range,0.01,,MISS,test_not_extracted,The whole results row is in the golden record but was not returned.,True
high-protein-paneer,test,tests.Monocrotophos.result,Not Detected,,MISS,test_not_extracted,The whole results row is in the golden record but was not returned.,True
high-protein-paneer,test,tests.Monocrotophos.unit,mg/kg,,MISS,test_not_extracted,The whole results row is in the golden record but was not returned.,True
high-protein-paneer,test,tests.Monocrotophos.reference_range,0.01,,MISS,test_not_extracted,The whole results row is in the golden record but was not returned.,True
high-protein-paneer,test,tests.Myclobutanil.result,Not Detected,,MISS,test_not_extracted,The whole results row is in the golden record but was not returned.,True
high-protein-paneer,test,tests.Myclobutanil.unit,mg/kg,,MISS,test_not_extracted,The whole results row is in the golden record but was not returned.,True
high-protein-paneer,test,tests.Myclobutanil.reference_range,0.01,,MISS,test_not_extracted,The whole results row is in the golden record but was not returned.,True
high-protein-paneer,test,tests.Novaluron.result,Not Detected,,MISS,test_not_extracted,The whole results row is in the golden record but was not returned.,True
high-protein-paneer,test,tests.Novaluron.unit,mg/kg,,MISS,test_not_extracted,The whole results row is in the golden record but was not returned.,True
high-protein-paneer,test,tests.Novaluron.reference_range,0.01,,MISS,test_not_extracted,The whole results row is in the golden record but was not returned.,True
high-protein-paneer,test,tests.Oxydemeton-Methyl.result,Not Detected,,MISS,test_not_extracted,The whole results row is in the golden record but was not returned.,True
high-protein-paneer,test,tests.Oxydemeton-Methyl.unit,mg/kg,,MISS,test_not_extracted,The whole results row is in the golden record but was not returned.,True
high-protein-paneer,test,tests.Oxydemeton-Methyl.reference_range,0.01,,MISS,test_not_extracted,The whole results row is in the golden record but was not returned.,True
high-protein-paneer,test,tests.Penconazole.result,Not Detected,,MISS,test_not_extracted,The whole results row is in the golden record but was not returned.,True
high-protein-paneer,test,tests.Penconazole.unit,mg/kg,,MISS,test_not_extracted,The whole results row is in the golden record but was not returned.,True
high-protein-paneer,test,tests.Penconazole.reference_range,0.01,,MISS,test_not_extracted,The whole results row is in the golden record but was not returned.,True
high-protein-paneer,test,tests.Phenthoate.result,Not Detected,,MISS,test_not_extracted,The whole results row is in the golden record but was not returned.,True
high-protein-paneer,test,tests.Phenthoate.unit,mg/kg,,MISS,test_not_extracted,The whole results row is in the golden record but was not returned.,True
high-protein-paneer,test,tests.Phenthoate.reference_range,0.01,,MISS,test_not_extracted,The whole results row is in the golden record but was not returned.,True
high-protein-paneer,test,tests.Phorate.result,Not Detected,,MISS,test_not_extracted,The whole results row is in the golden record but was not returned.,True
high-protein-paneer,test,tests.Phorate.unit,mg/kg,,MISS,test_not_extracted,The whole results row is in the golden record but was not returned.,True
high-protein-paneer,test,tests.Phorate.reference_range,0.05,,MISS,test_not_extracted,The whole results row is in the golden record but was not returned.,True
high-protein-paneer,test,tests.Phosalone.result,Not Detected,,MISS,test_not_extracted,The whole results row is in the golden record but was not returned.,True
high-protein-paneer,test,tests.Phosalone.unit,mg/kg,,MISS,test_not_extracted,The whole results row is in the golden record but was not returned.,True
high-protein-paneer,test,tests.Phosalone.reference_range,0.01,,MISS,test_not_extracted,The whole results row is in the golden record but was not returned.,True
high-protein-paneer,test,tests.Pirimiphos-methyl.result,Not Detected,,MISS,test_not_extracted,The whole results row is in the golden record but was not returned.,True
high-protein-paneer,test,tests.Pirimiphos-methyl.unit,mg/kg,,MISS,test_not_extracted,The whole results row is in the golden record but was not returned.,True
high-protein-paneer,test,tests.Pirimiphos-methyl.reference_range,0.05,,MISS,test_not_extracted,The whole results row is in the golden record but was not returned.,True
high-protein-paneer,test,tests.Profenofos.result,Not Detected,,MISS,test_not_extracted,The whole results row is in the golden record but was not returned.,True
high-protein-paneer,test,tests.Profenofos.unit,mg/kg,,MISS,test_not_extracted,The whole results row is in the golden record but was not returned.,True
high-protein-paneer,test,tests.Profenofos.reference_range,0.01,,MISS,test_not_extracted,The whole results row is in the golden record but was not returned.,True
high-protein-paneer,test,tests.Propiconazole.result,Not Detected,,MISS,test_not_extracted,The whole results row is in the golden record but was not returned.,True
high-protein-paneer,test,tests.Propiconazole.unit,mg/kg,,MISS,test_not_extracted,The whole results row is in the golden record but was not returned.,True
high-protein-paneer,test,tests.Propiconazole.reference_range,0.01,,MISS,test_not_extracted,The whole results row is in the golden record but was not returned.,True
high-protein-paneer,test,tests.Pyraclostrobin.result,Not Detected,,MISS,test_not_extracted,The whole results row is in the golden record but was not returned.,True
high-protein-paneer,test,tests.Pyraclostrobin.unit,mg/kg,,MISS,test_not_extracted,The whole results row is in the golden record but was not returned.,True
high-protein-paneer,test,tests.Pyraclostrobin.reference_range,0.03,,MISS,test_not_extracted,The whole results row is in the golden record but was not returned.,True
high-protein-paneer,test,tests.Spinosad.result,Not Detected,,MISS,test_not_extracted,The whole results row is in the golden record but was not returned.,True
high-protein-paneer,test,tests.Spinosad.unit,mg/kg,,MISS,test_not_extracted,The whole results row is in the golden record but was not returned.,True
high-protein-paneer,test,tests.Spinosad.reference_range,0.01,,MISS,test_not_extracted,The whole results row is in the golden record but was not returned.,True
high-protein-paneer,test,tests.Tebuconazole.result,Not Detected,,MISS,test_not_extracted,The whole results row is in the golden record but was not returned.,True
high-protein-paneer,test,tests.Tebuconazole.unit,mg/kg,,MISS,test_not_extracted,The whole results row is in the golden record but was not returned.,True
high-protein-paneer,test,tests.Tebuconazole.reference_range,0.01,,MISS,test_not_extracted,The whole results row is in the golden record but was not returned.,True
high-protein-paneer,test,tests.Thiacloprid.result,Not Detected,,MISS,test_not_extracted,The whole results row is in the golden record but was not returned.,True
high-protein-paneer,test,tests.Thiacloprid.unit,mg/kg,,MISS,test_not_extracted,The whole results row is in the golden record but was not returned.,True
high-protein-paneer,test,tests.Thiacloprid.reference_range,0.05,,MISS,test_not_extracted,The whole results row is in the golden record but was not returned.,True
high-protein-paneer,test,tests.Thifluzamide.result,Not Detected,,MISS,test_not_extracted,The whole results row is in the golden record but was not returned.,True
high-protein-paneer,test,tests.Thifluzamide.unit,mg/kg,,MISS,test_not_extracted,The whole results row is in the golden record but was not returned.,True
high-protein-paneer,test,tests.Thifluzamide.reference_range,0.01,,MISS,test_not_extracted,The whole results row is in the golden record but was not returned.,True
high-protein-paneer,test,tests.Thiometon.result,Not Detected,,MISS,test_not_extracted,The whole results row is in the golden record but was not returned.,True
high-protein-paneer,test,tests.Thiometon.unit,mg/kg,,MISS,test_not_extracted,The whole results row is in the golden record but was not returned.,True
high-protein-paneer,test,tests.Thiometon.reference_range,0.01,,MISS,test_not_extracted,The whole results row is in the golden record but was not returned.,True
high-protein-paneer,test,tests.Thiophanate-Methyl.result,Not Detected,,MISS,test_not_extracted,The whole results row is in the golden record but was not returned.,True
high-protein-paneer,test,tests.Thiophanate-Methyl.unit,mg/kg,,MISS,test_not_extracted,The whole results row is in the golden record but was not returned.,True
high-protein-paneer,test,tests.Thiophanate-Methyl.reference_range,0.01,,MISS,test_not_extracted,The whole results row is in the golden record but was not returned.,True
high-protein-paneer,test,tests.Trichlorfon.result,Not Detected,,MISS,test_not_extracted,The whole results row is in the golden record but was not returned.,True
high-protein-paneer,test,tests.Trichlorfon.unit,mg/kg,,MISS,test_not_extracted,The whole results row is in the golden record but was not returned.,True
high-protein-paneer,test,tests.Trichlorfon.reference_range,0.05,,MISS,test_not_extracted,The whole results row is in the golden record but was not returned.,True
high-protein-paneer,test,tests.Triadimefon.result,Not Detected,,MISS,test_not_extracted,The whole results row is in the golden record but was not returned.,True
high-protein-paneer,test,tests.Triadimefon.unit,mg/kg,,MISS,test_not_extracted,The whole results row is in the golden record but was not returned.,True
high-protein-paneer,test,tests.Triadimefon.reference_range,0.01,,MISS,test_not_extracted,The whole results row is in the golden record but was not returned.,True
high-protein-paneer,test,tests.Aldicarb.result,Not Detected,,MISS,test_not_extracted,The whole results row is in the golden record but was not returned.,True
high-protein-paneer,test,tests.Aldicarb.unit,mg/kg,,MISS,test_not_extracted,The whole results row is in the golden record but was not returned.,True
high-protein-paneer,test,tests.Aldicarb.reference_range,0.1,,MISS,test_not_extracted,The whole results row is in the golden record but was not returned.,True
high-protein-paneer,test,"tests.Aldrin, Deldrin.result",Not Detected,,MISS,test_not_extracted,The whole results row is in the golden record but was not returned.,True
high-protein-paneer,test,"tests.Aldrin, Deldrin.unit",mg/kg,,MISS,test_not_extracted,The whole results row is in the golden record but was not returned.,True
high-protein-paneer,test,"tests.Aldrin, Deldrin.reference_range",0.1,,MISS,test_not_extracted,The whole results row is in the golden record but was not returned.,True
high-protein-paneer,test,tests.Chlordane (cis & Trans).result,Not Detected,,MISS,test_not_extracted,The whole results row is in the golden record but was not returned.,True
high-protein-paneer,test,tests.Chlordane (cis & Trans).unit,mg/kg,,MISS,test_not_extracted,The whole results row is in the golden record but was not returned.,True
high-protein-paneer,test,tests.Chlordane (cis & Trans).reference_range,0.1,,MISS,test_not_extracted,The whole results row is in the golden record but was not returned.,True
high-protein-paneer,test,tests.Heptcachlor.result,Not Detected,,MISS,test_not_extracted,The whole results row is in the golden record but was not returned.,True
high-protein-paneer,test,tests.Heptcachlor.unit,mg/kg,,MISS,test_not_extracted,The whole results row is in the golden record but was not returned.,True
high-protein-paneer,test,tests.Heptcachlor.reference_range,0.1,,MISS,test_not_extracted,The whole results row is in the golden record but was not returned.,True
high-protein-paneer,test,"tests.Lindane (Gamma- HCH, alpha HCH, Beta HCH & Delta HCH).result",Not Detected,,MISS,test_not_extracted,The whole results row is in the golden record but was not returned.,True
high-protein-paneer,test,"tests.Lindane (Gamma- HCH, alpha HCH, Beta HCH & Delta HCH).unit",mg/kg,,MISS,test_not_extracted,The whole results row is in the golden record but was not returned.,True
high-protein-paneer,test,"tests.Lindane (Gamma- HCH, alpha HCH, Beta HCH & Delta HCH).reference_range",0.1,,MISS,test_not_extracted,The whole results row is in the golden record but was not returned.,True
high-protein-paneer,test,"tests.Endosulfan (alpha endosulfan, beat endosulfan, endosulfan sulphate).result",Not Detected,,MISS,test_not_extracted,The whole results row is in the golden record but was not returned.,True
high-protein-paneer,test,"tests.Endosulfan (alpha endosulfan, beat endosulfan, endosulfan sulphate).unit",mg/kg,,MISS,test_not_extracted,The whole results row is in the golden record but was not returned.,True
high-protein-paneer,test,"tests.Endosulfan (alpha endosulfan, beat endosulfan, endosulfan sulphate).reference_range",0.1,,MISS,test_not_extracted,The whole results row is in the golden record but was not returned.,True
high-protein-paneer,test,tests.Phosphamidon.result,Not Detected,,MISS,test_not_extracted,The whole results row is in the golden record but was not returned.,True
high-protein-paneer,test,tests.Phosphamidon.unit,mg/kg,,MISS,test_not_extracted,The whole results row is in the golden record but was not returned.,True
high-protein-paneer,test,tests.Phosphamidon.reference_range,0.1,,MISS,test_not_extracted,The whole results row is in the golden record but was not returned.,True
high-protein-paneer,test,tests.Formothion.result,Not Detected,,MISS,test_not_extracted,The whole results row is in the golden record but was not returned.,True
high-protein-paneer,test,tests.Formothion.unit,mg/kg,,MISS,test_not_extracted,The whole results row is in the golden record but was not returned.,True
high-protein-paneer,test,tests.Formothion.reference_range,0.1,,MISS,test_not_extracted,The whole results row is in the golden record but was not returned.,True
high-protein-paneer,test,tests.Simazine.result,Not Detected,,MISS,test_not_extracted,The whole results row is in the golden record but was not returned.,True
high-protein-paneer,test,tests.Simazine.unit,mg/kg,,MISS,test_not_extracted,The whole results row is in the golden record but was not returned.,True
high-protein-paneer,test,tests.Simazine.reference_range,0.1,,MISS,test_not_extracted,The whole results row is in the golden record but was not returned.,True
high-protein-paneer,test,tests.Diazinon.result,Not Detected,,MISS,test_not_extracted,The whole results row is in the golden record but was not returned.,True
high-protein-paneer,test,tests.Diazinon.unit,mg/kg,,MISS,test_not_extracted,The whole results row is in the golden record but was not returned.,True
high-protein-paneer,test,tests.Diazinon.reference_range,0.1,,MISS,test_not_extracted,The whole results row is in the golden record but was not returned.,True
high-protein-paneer,test,"tests.DDT (ISOMERS) 2,4-DDD.result",Not Detected,,MISS,test_not_extracted,The whole results row is in the golden record but was not returned.,True
high-protein-paneer,test,"tests.DDT (ISOMERS) 2,4-DDD.unit",mg/kg,,MISS,test_not_extracted,The whole results row is in the golden record but was not returned.,True
high-protein-paneer,test,"tests.DDT (ISOMERS) 2,4-DDD.reference_range","0.05 - 0.01 Not Detected 4,4-DDD IFSH/SOP/C/TE/008 mg/kg - 0.01 Not Detected 2,4-DDT IFSH/SOP/C/TE/008 mg/kg - 0.01 Not Detected 4,4-DDT IFSH/SOP/C/TE/008 mg/kg - 0.01 Not Detected 2,4-DDE IFSH/SOP/C/TE/008 mg/kg - 0.01 Not Detected 4,4-DDE IFSH/SOP/C/TE/008 mg/kg",,MISS,test_not_extracted,The whole results row is in the golden record but was not returned.,True
high-protein-paneer,test,tests.Fenitrothion.result,Not Detected,,MISS,test_not_extracted,The whole results row is in the golden record but was not returned.,True
high-protein-paneer,test,tests.Fenitrothion.unit,mg/kg,,MISS,test_not_extracted,The whole results row is in the golden record but was not returned.,True
high-protein-paneer,test,tests.Fenitrothion.reference_range,0.01,,MISS,test_not_extracted,The whole results row is in the golden record but was not returned.,True
high-protein-paneer,test,"tests.Fenthion (Sum of Fenthion, sulphone & sulphoxide).result",Not Detected,,MISS,test_not_extracted,The whole results row is in the golden record but was not returned.,True
high-protein-paneer,test,"tests.Fenthion (Sum of Fenthion, sulphone & sulphoxide).unit",mg/kg,,MISS,test_not_extracted,The whole results row is in the golden record but was not returned.,True
high-protein-paneer,test,"tests.Fenthion (Sum of Fenthion, sulphone & sulphoxide).reference_range",0.01,,MISS,test_not_extracted,The whole results row is in the golden record but was not returned.,True
high-protein-paneer,test,tests.Methyl parathion.result,Not Detected,,MISS,test_not_extracted,The whole results row is in the golden record but was not returned.,True
high-protein-paneer,test,tests.Methyl parathion.unit,mg/kg,,MISS,test_not_extracted,The whole results row is in the golden record but was not returned.,True
high-protein-paneer,test,tests.Methyl parathion.reference_range,0.01,,MISS,test_not_extracted,The whole results row is in the golden record but was not returned.,True
high-protein-paneer,test,tests.Aflatoxin B1.result,Not Detected,,MISS,test_not_extracted,The whole results row is in the golden record but was not returned.,True
high-protein-paneer,test,tests.Aflatoxin B1.unit,µg/kg,,MISS,test_not_extracted,The whole results row is in the golden record but was not returned.,True
high-protein-paneer,test,tests.Aflatoxin B2.result,Not Detected,,MISS,test_not_extracted,The whole results row is in the golden record but was not returned.,True
high-protein-paneer,test,tests.Aflatoxin B2.unit,µg/kg,,MISS,test_not_extracted,The whole results row is in the golden record but was not returned.,True
high-protein-paneer,test,tests.Aflatoxin G1.result,Not Detected,,MISS,test_not_extracted,The whole results row is in the golden record but was not returned.,True
high-protein-paneer,test,tests.Aflatoxin G1.unit,µg/kg,,MISS,test_not_extracted,The whole results row is in the golden record but was not returned.,True
high-protein-paneer,test,tests.Aflatoxin G2.result,Not Detected,,MISS,test_not_extracted,The whole results row is in the golden record but was not returned.,True
high-protein-paneer,test,tests.Aflatoxin G2.unit,µg/kg,,MISS,test_not_extracted,The whole results row is in the golden record but was not returned.,True
high-protein-paneer,test,tests.Total Aflatoxin.result,Not Detected,,MISS,test_not_extracted,The whole results row is in the golden record but was not returned.,True
high-protein-paneer,test,tests.Total Aflatoxin.unit,µg/kg,,MISS,test_not_extracted,The whole results row is in the golden record but was not returned.,True
high-protein-paneer,test,tests.Ochratoxin A.result,Not Detected,,MISS,test_not_extracted,The whole results row is in the golden record but was not returned.,True
high-protein-paneer,test,tests.Ochratoxin A.unit,µg/kg,,MISS,test_not_extracted,The whole results row is in the golden record but was not returned.,True
high-protein-paneer,test,"tests.2,4-Dichlorophenoxy Acetic Acid.result",Not Detected,,MISS,test_not_extracted,The whole results row is in the golden record but was not returned.,True
high-protein-paneer,test,"tests.2,4-Dichlorophenoxy Acetic Acid.unit",mg/kg,,MISS,test_not_extracted,The whole results row is in the golden record but was not returned.,True
high-protein-paneer,test,"tests.2,4-Dichlorophenoxy Acetic Acid.reference_range",0.05,,MISS,test_not_extracted,The whole results row is in the golden record but was not returned.,True
high-protein-paneer,test,tests.Alachlor.result,Not Detected,,MISS,test_not_extracted,The whole results row is in the golden record but was not returned.,True
high-protein-paneer,test,tests.Alachlor.unit,mg/kg,,MISS,test_not_extracted,The whole results row is in the golden record but was not returned.,True
high-protein-paneer,test,tests.Alachlor.reference_range,0.01,,MISS,test_not_extracted,The whole results row is in the golden record but was not returned.,True
high-protein-paneer,test,tests.Alpha cypermethrin.result,Not Detected,,MISS,test_not_extracted,The whole results row is in the golden record but was not returned.,True
high-protein-paneer,test,tests.Alpha cypermethrin.unit,mg/kg,,MISS,test_not_extracted,The whole results row is in the golden record but was not returned.,True
high-protein-paneer,test,tests.Alpha cypermethrin.reference_range,0.01,,MISS,test_not_extracted,The whole results row is in the golden record but was not returned.,True
high-protein-paneer,test,tests.Alpha naphthyl Acetic Acid.result,Not Detected,,MISS,test_not_extracted,The whole results row is in the golden record but was not returned.,True
high-protein-paneer,test,tests.Alpha naphthyl Acetic Acid.unit,mg/kg,,MISS,test_not_extracted,The whole results row is in the golden record but was not returned.,True
high-protein-paneer,test,tests.Alpha naphthyl Acetic Acid.reference_range,0.01,,MISS,test_not_extracted,The whole results row is in the golden record but was not returned.,True
high-protein-paneer,test,tests.Ametroctradin.result,Not Detected,,MISS,test_not_extracted,The whole results row is in the golden record but was not returned.,True
high-protein-paneer,test,tests.Ametroctradin.unit,mg/kg,,MISS,test_not_extracted,The whole results row is in the golden record but was not returned.,True
high-protein-paneer,test,tests.Ametroctradin.reference_range,0.01,,MISS,test_not_extracted,The whole results row is in the golden record but was not returned.,True
high-protein-paneer,test,tests.Anilophos.result,Not Detected,,MISS,test_not_extracted,The whole results row is in the golden record but was not returned.,True
high-protein-paneer,test,tests.Anilophos.unit,mg/kg,,MISS,test_not_extracted,The whole results row is in the golden record but was not returned.,True
high-protein-paneer,test,tests.Anilophos.reference_range,0.01,,MISS,test_not_extracted,The whole results row is in the golden record but was not returned.,True
high-protein-paneer,test,tests.Atrazine.result,Not Detected,,MISS,test_not_extracted,The whole results row is in the golden record but was not returned.,True
high-protein-paneer,test,tests.Atrazine.unit,mg/kg,,MISS,test_not_extracted,The whole results row is in the golden record but was not returned.,True
high-protein-paneer,test,tests.Atrazine.reference_range,0.01,,MISS,test_not_extracted,The whole results row is in the golden record but was not returned.,True
high-protein-paneer,test,tests.Azimsulfuron.result,Not Detected,,MISS,test_not_extracted,The whole results row is in the golden record but was not returned.,True
high-protein-paneer,test,tests.Azimsulfuron.unit,mg/kg,,MISS,test_not_extracted,The whole results row is in the golden record but was not returned.,True
high-protein-paneer,test,tests.Azimsulfuron.reference_range,0.01,,MISS,test_not_extracted,The whole results row is in the golden record but was not returned.,True
high-protein-paneer,test,tests.Azoxystrobin.result,Not Detected,,MISS,test_not_extracted,The whole results row is in the golden record but was not returned.,True
high-protein-paneer,test,tests.Azoxystrobin.unit,mg/kg,,MISS,test_not_extracted,The whole results row is in the golden record but was not returned.,True
high-protein-paneer,test,tests.Azoxystrobin.reference_range,0.01,,MISS,test_not_extracted,The whole results row is in the golden record but was not returned.,True
high-protein-paneer,test,tests.Benfuracarb.result,Not Detected,,MISS,test_not_extracted,The whole results row is in the golden record but was not returned.,True
high-protein-paneer,test,tests.Benfuracarb.unit,mg/kg,,MISS,test_not_extracted,The whole results row is in the golden record but was not returned.,True
high-protein-paneer,test,tests.Benfuracarb.reference_range,0.01,,MISS,test_not_extracted,The whole results row is in the golden record but was not returned.,True
high-protein-paneer,test,tests.Sum of benomyl and carbendazim expressed as carbendazim.result,Not Detected,,MISS,test_not_extracted,The whole results row is in the golden record but was not returned.,True
high-protein-paneer,test,tests.Sum of benomyl and carbendazim expressed as carbendazim.unit,mg/kg,,MISS,test_not_extracted,The whole results row is in the golden record but was not returned.,True
high-protein-paneer,test,tests.Sum of benomyl and carbendazim expressed as carbendazim.reference_range,0.01,,MISS,test_not_extracted,The whole results row is in the golden record but was not returned.,True
high-protein-paneer,test,tests.Bensulfuron Methyl.result,Not Detected,,MISS,test_not_extracted,The whole results row is in the golden record but was not returned.,True
high-protein-paneer,test,tests.Bensulfuron Methyl.unit,mg/kg,,MISS,test_not_extracted,The whole results row is in the golden record but was not returned.,True
high-protein-paneer,test,tests.Bensulfuron Methyl.reference_range,0.01,,MISS,test_not_extracted,The whole results row is in the golden record but was not returned.,True
high-protein-paneer,test,tests.Beta Cyfluthrin.result,Not Detected,,MISS,test_not_extracted,The whole results row is in the golden record but was not returned.,True
high-protein-paneer,test,tests.Beta Cyfluthrin.unit,mg/kg,,MISS,test_not_extracted,The whole results row is in the golden record but was not returned.,True
high-protein-paneer,test,tests.Beta Cyfluthrin.reference_range,0.01,,MISS,test_not_extracted,The whole results row is in the golden record but was not returned.,True
high-protein-paneer,test,tests.Bispyribac Sodium.result,Not Detected,,MISS,test_not_extracted,The whole results row is in the golden record but was not returned.,True
high-protein-paneer,test,tests.Bispyribac Sodium.unit,mg/kg,,MISS,test_not_extracted,The whole results row is in the golden record but was not returned.,True
high-protein-paneer,test,tests.Bispyribac Sodium.reference_range,0.01,,MISS,test_not_extracted,The whole results row is in the golden record but was not returned.,True
high-protein-paneer,test,tests.Butachlor.result,Not Detected,,MISS,test_not_extracted,The whole results row is in the golden record but was not returned.,True
high-protein-paneer,test,tests.Butachlor.unit,mg/kg,,MISS,test_not_extracted,The whole results row is in the golden record but was not returned.,True
high-protein-paneer,test,tests.Butachlor.reference_range,0.01,,MISS,test_not_extracted,The whole results row is in the golden record but was not returned.,True
high-protein-paneer,test,tests.Captan.result,Not Detected,,MISS,test_not_extracted,The whole results row is in the golden record but was not returned.,True
high-protein-paneer,test,tests.Captan.unit,mg/kg,,MISS,test_not_extracted,The whole results row is in the golden record but was not returned.,True
high-protein-paneer,test,tests.Captan.reference_range,0.01,,MISS,test_not_extracted,The whole results row is in the golden record but was not returned.,True
high-protein-paneer,test,tests.Carfentrazone Ethyl.result,Not Detected,,MISS,test_not_extracted,The whole results row is in the golden record but was not returned.,True
high-protein-paneer,test,tests.Carfentrazone Ethyl.unit,mg/kg,,MISS,test_not_extracted,The whole results row is in the golden record but was not returned.,True
high-protein-paneer,test,tests.Carfentrazone Ethyl.reference_range,0.01,,MISS,test_not_extracted,The whole results row is in the golden record but was not returned.,True
high-protein-paneer,test,tests.Carpropamid.result,Not Detected,,MISS,test_not_extracted,The whole results row is in the golden record but was not returned.,True
high-protein-paneer,test,tests.Carpropamid.unit,mg/kg,,MISS,test_not_extracted,The whole results row is in the golden record but was not returned.,True
high-protein-paneer,test,tests.Carpropamid.reference_range,0.01,,MISS,test_not_extracted,The whole results row is in the golden record but was not returned.,True
high-protein-paneer,test,tests.Cartaphydrochloride.result,Not Detected,,MISS,test_not_extracted,The whole results row is in the golden record but was not returned.,True
high-protein-paneer,test,tests.Cartaphydrochloride.unit,mg/kg,,MISS,test_not_extracted,The whole results row is in the golden record but was not returned.,True
high-protein-paneer,test,tests.Cartaphydrochloride.reference_range,0.05,,MISS,test_not_extracted,The whole results row is in the golden record but was not returned.,True
high-protein-paneer,test,tests.Chlorfluazuron.result,Not Detected,,MISS,test_not_extracted,The whole results row is in the golden record but was not returned.,True
high-protein-paneer,test,tests.Chlorfluazuron.unit,mg/kg,,MISS,test_not_extracted,The whole results row is in the golden record but was not returned.,True
high-protein-paneer,test,tests.Chlorfluazuron.reference_range,0.01,,MISS,test_not_extracted,The whole results row is in the golden record but was not returned.,True
high-protein-paneer,test,tests.Chlorimuron ethyl.result,Not Detected,,MISS,test_not_extracted,The whole results row is in the golden record but was not returned.,True
high-protein-paneer,test,tests.Chlorimuron ethyl.unit,mg/kg,,MISS,test_not_extracted,The whole results row is in the golden record but was not returned.,True
high-protein-paneer,test,tests.Chlorimuron ethyl.reference_range,0.01,,MISS,test_not_extracted,The whole results row is in the golden record but was not returned.,True
high-protein-paneer,test,tests.Chlormequat Chloride (CCC).result,Not Detected,,MISS,test_not_extracted,The whole results row is in the golden record but was not returned.,True
high-protein-paneer,test,tests.Chlormequat Chloride (CCC).unit,mg/kg,,MISS,test_not_extracted,The whole results row is in the golden record but was not returned.,True
high-protein-paneer,test,tests.Chlormequat Chloride (CCC).reference_range,0.01,,MISS,test_not_extracted,The whole results row is in the golden record but was not returned.,True
high-protein-paneer,test,tests.Chlorpropham.result,Not Detected,,MISS,test_not_extracted,The whole results row is in the golden record but was not returned.,True
high-protein-paneer,test,tests.Chlorpropham.unit,mg/kg,,MISS,test_not_extracted,The whole results row is in the golden record but was not returned.,True
high-protein-paneer,test,tests.Chlorpropham.reference_range,0.1,,MISS,test_not_extracted,The whole results row is in the golden record but was not returned.,True
high-protein-paneer,test,tests.Chromafenozide.result,Not Detected,,MISS,test_not_extracted,The whole results row is in the golden record but was not returned.,True
high-protein-paneer,test,tests.Chromafenozide.unit,mg/kg,,MISS,test_not_extracted,The whole results row is in the golden record but was not returned.,True
high-protein-paneer,test,tests.Chromafenozide.reference_range,0.01,,MISS,test_not_extracted,The whole results row is in the golden record but was not returned.,True
high-protein-paneer,test,tests.Cinmethylene.result,Not Detected,,MISS,test_not_extracted,The whole results row is in the golden record but was not returned.,True
high-protein-paneer,test,tests.Cinmethylene.unit,mg/kg,,MISS,test_not_extracted,The whole results row is in the golden record but was not returned.,True
high-protein-paneer,test,tests.Cinmethylene.reference_range,0.01,,MISS,test_not_extracted,The whole results row is in the golden record but was not returned.,True
high-protein-paneer,test,tests.Clodinafop-propargyl.result,Not Detected,,MISS,test_not_extracted,The whole results row is in the golden record but was not returned.,True
high-protein-paneer,test,tests.Clodinafop-propargyl.unit,mg/kg,,MISS,test_not_extracted,The whole results row is in the golden record but was not returned.,True
high-protein-paneer,test,tests.Clodinafop-propargyl.reference_range,0.01,,MISS,test_not_extracted,The whole results row is in the golden record but was not returned.,True
high-protein-paneer,test,tests.Clomazone.result,Not Detected,,MISS,test_not_extracted,The whole results row is in the golden record but was not returned.,True
high-protein-paneer,test,tests.Clomazone.unit,mg/kg,,MISS,test_not_extracted,The whole results row is in the golden record but was not returned.,True
high-protein-paneer,test,tests.Clomazone.reference_range,0.01,,MISS,test_not_extracted,The whole results row is in the golden record but was not returned.,True
high-protein-paneer,test,tests.Cyantranilipole.result,Not Detected,,MISS,test_not_extracted,The whole results row is in the golden record but was not returned.,True
high-protein-paneer,test,tests.Cyantranilipole.unit,mg/kg,,MISS,test_not_extracted,The whole results row is in the golden record but was not returned.,True
high-protein-paneer,test,tests.Cyantranilipole.reference_range,0.01,,MISS,test_not_extracted,The whole results row is in the golden record but was not returned.,True
high-protein-paneer,test,tests.Cyazofamid.result,Not Detected,,MISS,test_not_extracted,The whole results row is in the golden record but was not returned.,True
high-protein-paneer,test,tests.Cyazofamid.unit,mg/kg,,MISS,test_not_extracted,The whole results row is in the golden record but was not returned.,True
high-protein-paneer,test,tests.Cyazofamid.reference_range,0.01,,MISS,test_not_extracted,The whole results row is in the golden record but was not returned.,True
high-protein-paneer,test,tests.Cyhalofop-butyl.result,Not Detected,,MISS,test_not_extracted,The whole results row is in the golden record but was not returned.,True
high-protein-paneer,test,tests.Cyhalofop-butyl.unit,mg/kg,,MISS,test_not_extracted,The whole results row is in the golden record but was not returned.,True
high-protein-paneer,test,tests.Cyhalofop-butyl.reference_range,0.01,,MISS,test_not_extracted,The whole results row is in the golden record but was not returned.,True
high-protein-paneer,test,tests.Cymoxanil.result,Not Detected,,MISS,test_not_extracted,The whole results row is in the golden record but was not returned.,True
high-protein-paneer,test,tests.Cymoxanil.unit,mg/kg,,MISS,test_not_extracted,The whole results row is in the golden record but was not returned.,True
high-protein-paneer,test,tests.Cymoxanil.reference_range,0.01,,MISS,test_not_extracted,The whole results row is in the golden record but was not returned.,True
high-protein-paneer,test,tests.Diafenthiuron.result,Not Detected,,MISS,test_not_extracted,The whole results row is in the golden record but was not returned.,True
high-protein-paneer,test,tests.Diafenthiuron.unit,mg/kg,,MISS,test_not_extracted,The whole results row is in the golden record but was not returned.,True
high-protein-paneer,test,tests.Diafenthiuron.reference_range,0.01,,MISS,test_not_extracted,The whole results row is in the golden record but was not returned.,True
high-protein-paneer,test,tests.Diclofop (sum diclofop-methyl and diclofop acid expressed as diclofop-methyl)”.result,Not Detected,,MISS,test_not_extracted,The whole results row is in the golden record but was not returned.,True
high-protein-paneer,test,tests.Diclofop (sum diclofop-methyl and diclofop acid expressed as diclofop-methyl)”.unit,mg/kg,,MISS,test_not_extracted,The whole results row is in the golden record but was not returned.,True
high-protein-paneer,test,tests.Diclofop (sum diclofop-methyl and diclofop acid expressed as diclofop-methyl)”.reference_range,0.1,,MISS,test_not_extracted,The whole results row is in the golden record but was not returned.,True
high-protein-paneer,test,tests.Diclosulam.result,Not Detected,,MISS,test_not_extracted,The whole results row is in the golden record but was not returned.,True
high-protein-paneer,test,tests.Diclosulam.unit,mg/kg,,MISS,test_not_extracted,The whole results row is in the golden record but was not returned.,True
high-protein-paneer,test,tests.Diclosulam.reference_range,0.01,,MISS,test_not_extracted,The whole results row is in the golden record but was not returned.,True
high-protein-paneer,test,tests.Dicofol.result,Not Detected,,MISS,test_not_extracted,The whole results row is in the golden record but was not returned.,True
high-protein-paneer,test,tests.Dicofol.unit,mg/kg,,MISS,test_not_extracted,The whole results row is in the golden record but was not returned.,True
high-protein-paneer,test,tests.Dicofol.reference_range,0.1,,MISS,test_not_extracted,The whole results row is in the golden record but was not returned.,True
high-protein-paneer,test,tests.Diflubenzuron.result,Not Detected,,MISS,test_not_extracted,The whole results row is in the golden record but was not returned.,True
high-protein-paneer,test,tests.Diflubenzuron.unit,mg/kg,,MISS,test_not_extracted,The whole results row is in the golden record but was not returned.,True
high-protein-paneer,test,tests.Diflubenzuron.reference_range,0.01,,MISS,test_not_extracted,The whole results row is in the golden record but was not returned.,True
high-protein-paneer,test,tests.Dimethomorph.result,Not Detected,,MISS,test_not_extracted,The whole results row is in the golden record but was not returned.,True
high-protein-paneer,test,tests.Dimethomorph.unit,mg/kg,,MISS,test_not_extracted,The whole results row is in the golden record but was not returned.,True
high-protein-paneer,test,tests.Dimethomorph.reference_range,0.01,,MISS,test_not_extracted,The whole results row is in the golden record but was not returned.,True
high-protein-paneer,test,tests.Dinocap.result,Not Detected,,MISS,test_not_extracted,The whole results row is in the golden record but was not returned.,True
high-protein-paneer,test,tests.Dinocap.unit,mg/kg,,MISS,test_not_extracted,The whole results row is in the golden record but was not returned.,True
high-protein-paneer,test,tests.Dinocap.reference_range,0.01,,MISS,test_not_extracted,The whole results row is in the golden record but was not returned.,True
high-protein-paneer,test,tests.Dithianon.result,Not Detected,,MISS,test_not_extracted,The whole results row is in the golden record but was not returned.,True
high-protein-paneer,test,tests.Dithianon.unit,mg/kg,,MISS,test_not_extracted,The whole results row is in the golden record but was not returned.,True
high-protein-paneer,test,tests.Dithianon.reference_range,0.01,,MISS,test_not_extracted,The whole results row is in the golden record but was not returned.,True
high-protein-paneer,test,tests.Dithiocarbamates (Thiram as CS2).result,Not Detected,,MISS,test_not_extracted,The whole results row is in the golden record but was not returned.,True
high-protein-paneer,test,tests.Dithiocarbamates (Thiram as CS2).unit,mg/kg,,MISS,test_not_extracted,The whole results row is in the golden record but was not returned.,True
high-protein-paneer,test,tests.Dithiocarbamates (Thiram as CS2).reference_range,0.05,,MISS,test_not_extracted,The whole results row is in the golden record but was not returned.,True
high-protein-paneer,test,tests.Diuron.result,Not Detected,,MISS,test_not_extracted,The whole results row is in the golden record but was not returned.,True
high-protein-paneer,test,tests.Diuron.unit,mg/kg,,MISS,test_not_extracted,The whole results row is in the golden record but was not returned.,True
high-protein-paneer,test,tests.Diuron.reference_range,0.01,,MISS,test_not_extracted,The whole results row is in the golden record but was not returned.,True
high-protein-paneer,test,tests.Dodine.result,Not Detected,,MISS,test_not_extracted,The whole results row is in the golden record but was not returned.,True
high-protein-paneer,test,tests.Dodine.unit,mg/kg,,MISS,test_not_extracted,The whole results row is in the golden record but was not returned.,True
high-protein-paneer,test,tests.Dodine.reference_range,0.01,,MISS,test_not_extracted,The whole results row is in the golden record but was not returned.,True
high-protein-paneer,test,tests.Epoxyconazole.result,Not Detected,,MISS,test_not_extracted,The whole results row is in the golden record but was not returned.,True
high-protein-paneer,test,tests.Epoxyconazole.unit,mg/kg,,MISS,test_not_extracted,The whole results row is in the golden record but was not returned.,True
high-protein-paneer,test,tests.Epoxyconazole.reference_range,0.1,,MISS,test_not_extracted,The whole results row is in the golden record but was not returned.,True
high-protein-paneer,test,tests.Ethephon.result,Not Detected,,MISS,test_not_extracted,The whole results row is in the golden record but was not returned.,True
high-protein-paneer,test,tests.Ethephon.unit,mg/kg,,MISS,test_not_extracted,The whole results row is in the golden record but was not returned.,True
high-protein-paneer,test,tests.Ethephon.reference_range,0.1,,MISS,test_not_extracted,The whole results row is in the golden record but was not returned.,True
high-protein-paneer,test,tests.Ethofenprox (Etofenprox).result,Not Detected,,MISS,test_not_extracted,The whole results row is in the golden record but was not returned.,True
high-protein-paneer,test,tests.Ethofenprox (Etofenprox).unit,mg/kg,,MISS,test_not_extracted,The whole results row is in the golden record but was not returned.,True
high-protein-paneer,test,tests.Ethofenprox (Etofenprox).reference_range,0.02,,MISS,test_not_extracted,The whole results row is in the golden record but was not returned.,True
high-protein-paneer,test,tests.Ethoxysulfuron.result,Not Detected,,MISS,test_not_extracted,The whole results row is in the golden record but was not returned.,True
high-protein-paneer,test,tests.Ethoxysulfuron.unit,mg/kg,,MISS,test_not_extracted,The whole results row is in the golden record but was not returned.,True
high-protein-paneer,test,tests.Ethoxysulfuron.reference_range,0.01,,MISS,test_not_extracted,The whole results row is in the golden record but was not returned.,True
high-protein-paneer,test,tests.Etoxazole.result,Not Detected,,MISS,test_not_extracted,The whole results row is in the golden record but was not returned.,True
high-protein-paneer,test,tests.Etoxazole.unit,mg/kg,,MISS,test_not_extracted,The whole results row is in the golden record but was not returned.,True
high-protein-paneer,test,tests.Etoxazole.reference_range,0.01,,MISS,test_not_extracted,The whole results row is in the golden record but was not returned.,True
high-protein-paneer,test,tests.Famoxadone.result,Not Detected,,MISS,test_not_extracted,The whole results row is in the golden record but was not returned.,True
high-protein-paneer,test,tests.Famoxadone.unit,mg/kg,,MISS,test_not_extracted,The whole results row is in the golden record but was not returned.,True
high-protein-paneer,test,tests.Famoxadone.reference_range,0.01,,MISS,test_not_extracted,The whole results row is in the golden record but was not returned.,True
high-protein-paneer,test,tests.Fenamidone.result,Not Detected,,MISS,test_not_extracted,The whole results row is in the golden record but was not returned.,True
high-protein-paneer,test,tests.Fenamidone.unit,mg/kg,,MISS,test_not_extracted,The whole results row is in the golden record but was not returned.,True
high-protein-paneer,test,tests.Fenamidone.reference_range,0.01,,MISS,test_not_extracted,The whole results row is in the golden record but was not returned.,True
high-protein-paneer,test,tests.Fenarimol.result,Not Detected,,MISS,test_not_extracted,The whole results row is in the golden record but was not returned.,True
high-protein-paneer,test,tests.Fenarimol.unit,mg/kg,,MISS,test_not_extracted,The whole results row is in the golden record but was not returned.,True
high-protein-paneer,test,tests.Fenarimol.reference_range,0.01,,MISS,test_not_extracted,The whole results row is in the golden record but was not returned.,True
high-protein-paneer,test,tests.Fenazaquin.result,Not Detected,,MISS,test_not_extracted,The whole results row is in the golden record but was not returned.,True
high-protein-paneer,test,tests.Fenazaquin.unit,mg/kg,,MISS,test_not_extracted,The whole results row is in the golden record but was not returned.,True
high-protein-paneer,test,tests.Fenazaquin.reference_range,0.01,,MISS,test_not_extracted,The whole results row is in the golden record but was not returned.,True
high-protein-paneer,test,tests.Fenobucarb (BPMC).result,Not Detected,,MISS,test_not_extracted,The whole results row is in the golden record but was not returned.,True
high-protein-paneer,test,tests.Fenobucarb (BPMC).unit,mg/kg,,MISS,test_not_extracted,The whole results row is in the golden record but was not returned.,True
high-protein-paneer,test,tests.Fenobucarb (BPMC).reference_range,0.01,,MISS,test_not_extracted,The whole results row is in the golden record but was not returned.,True
high-protein-paneer,test,tests.Fenoxaprop-p-ethyl.result,Not Detected,,MISS,test_not_extracted,The whole results row is in the golden record but was not returned.,True
high-protein-paneer,test,tests.Fenoxaprop-p-ethyl.unit,mg/kg,,MISS,test_not_extracted,The whole results row is in the golden record but was not returned.,True
high-protein-paneer,test,tests.Fenoxaprop-p-ethyl.reference_range,0.01,,MISS,test_not_extracted,The whole results row is in the golden record but was not returned.,True
high-protein-paneer,test,tests.Fenpyroximate.result,Not Detected,,MISS,test_not_extracted,The whole results row is in the golden record but was not returned.,True
high-protein-paneer,test,tests.Fenpyroximate.unit,mg/kg,,MISS,test_not_extracted,The whole results row is in the golden record but was not returned.,True
high-protein-paneer,test,tests.Fenpyroximate.reference_range,0.01,,MISS,test_not_extracted,The whole results row is in the golden record but was not returned.,True
high-protein-paneer,test,tests.Flonicamid.result,Not Detected,,MISS,test_not_extracted,The whole results row is in the golden record but was not returned.,True
high-protein-paneer,test,tests.Flonicamid.unit,mg/kg,,MISS,test_not_extracted,The whole results row is in the golden record but was not returned.,True
high-protein-paneer,test,tests.Flonicamid.reference_range,0.01,,MISS,test_not_extracted,The whole results row is in the golden record but was not returned.,True
high-protein-paneer,test,tests.Fluazifop-p-butyl.result,Not Detected,,MISS,test_not_extracted,The whole results row is in the golden record but was not returned.,True
high-protein-paneer,test,tests.Fluazifop-p-butyl.unit,mg/kg,,MISS,test_not_extracted,The whole results row is in the golden record but was not returned.,True
high-protein-paneer,test,tests.Fluazifop-p-butyl.reference_range,0.01,,MISS,test_not_extracted,The whole results row is in the golden record but was not returned.,True
high-protein-paneer,test,tests.Fluchloralin.result,Not Detected,,MISS,test_not_extracted,The whole results row is in the golden record but was not returned.,True
high-protein-paneer,test,tests.Fluchloralin.unit,mg/kg,,MISS,test_not_extracted,The whole results row is in the golden record but was not returned.,True
high-protein-paneer,test,tests.Fluchloralin.reference_range,0.01,,MISS,test_not_extracted,The whole results row is in the golden record but was not returned.,True
high-protein-paneer,test,tests.Flufenacet.result,Not Detected,,MISS,test_not_extracted,The whole results row is in the golden record but was not returned.,True
high-protein-paneer,test,tests.Flufenacet.unit,mg/kg,,MISS,test_not_extracted,The whole results row is in the golden record but was not returned.,True
high-protein-paneer,test,tests.Flufenacet.reference_range,0.01,,MISS,test_not_extracted,The whole results row is in the golden record but was not returned.,True
high-protein-paneer,test,tests.Fluvalinate.result,Not Detected,,MISS,test_not_extracted,The whole results row is in the golden record but was not returned.,True
high-protein-paneer,test,tests.Fluvalinate.unit,mg/kg,,MISS,test_not_extracted,The whole results row is in the golden record but was not returned.,True
high-protein-paneer,test,tests.Fluvalinate.reference_range,0.01,,MISS,test_not_extracted,The whole results row is in the golden record but was not returned.,True
high-protein-paneer,test,tests.Forchlorfenuron.result,Not Detected,,MISS,test_not_extracted,The whole results row is in the golden record but was not returned.,True
high-protein-paneer,test,tests.Forchlorfenuron.unit,mg/kg,,MISS,test_not_extracted,The whole results row is in the golden record but was not returned.,True
high-protein-paneer,test,tests.Forchlorfenuron.reference_range,0.01,,MISS,test_not_extracted,The whole results row is in the golden record but was not returned.,True
high-protein-paneer,test,tests.Fosetyl-Al.result,Not Detected,,MISS,test_not_extracted,The whole results row is in the golden record but was not returned.,True
high-protein-paneer,test,tests.Fosetyl-Al.unit,mg/kg,,MISS,test_not_extracted,The whole results row is in the golden record but was not returned.,True
high-protein-paneer,test,tests.Fosetyl-Al.reference_range,0.01,,MISS,test_not_extracted,The whole results row is in the golden record but was not returned.,True
high-protein-paneer,test,tests.Glufosinate Ammonium.result,Not Detected,,MISS,test_not_extracted,The whole results row is in the golden record but was not returned.,True
high-protein-paneer,test,tests.Glufosinate Ammonium.unit,mg/kg,,MISS,test_not_extracted,The whole results row is in the golden record but was not returned.,True
high-protein-paneer,test,tests.Glufosinate Ammonium.reference_range,0.02,,MISS,test_not_extracted,The whole results row is in the golden record but was not returned.,True
high-protein-paneer,test,tests.Glyphosate.result,Not Detected,,MISS,test_not_extracted,The whole results row is in the golden record but was not returned.,True
high-protein-paneer,test,tests.Glyphosate.unit,mg/kg,,MISS,test_not_extracted,The whole results row is in the golden record but was not returned.,True
high-protein-paneer,test,tests.Glyphosate.reference_range,0.01,,MISS,test_not_extracted,The whole results row is in the golden record but was not returned.,True
high-protein-paneer,test,tests.Halosulfuron methyl.result,Not Detected,,MISS,test_not_extracted,The whole results row is in the golden record but was not returned.,True
high-protein-paneer,test,tests.Halosulfuron methyl.unit,mg/kg,,MISS,test_not_extracted,The whole results row is in the golden record but was not returned.,True
high-protein-paneer,test,tests.Halosulfuron methyl.reference_range,0.01,,MISS,test_not_extracted,The whole results row is in the golden record but was not returned.,True
high-protein-paneer,test,tests.Hexaconazole.result,Not Detected,,MISS,test_not_extracted,The whole results row is in the golden record but was not returned.,True
high-protein-paneer,test,tests.Hexaconazole.unit,mg/kg,,MISS,test_not_extracted,The whole results row is in the golden record but was not returned.,True
high-protein-paneer,test,tests.Hexaconazole.reference_range,0.01,,MISS,test_not_extracted,The whole results row is in the golden record but was not returned.,True
high-protein-paneer,test,tests.Hexazinone.result,Not Detected,,MISS,test_not_extracted,The whole results row is in the golden record but was not returned.,True
high-protein-paneer,test,tests.Hexazinone.unit,mg/kg,,MISS,test_not_extracted,The whole results row is in the golden record but was not returned.,True
high-protein-paneer,test,tests.Hexazinone.reference_range,0.01,,MISS,test_not_extracted,The whole results row is in the golden record but was not returned.,True
high-protein-paneer,test,tests.Hexythiazox.result,Not Detected,,MISS,test_not_extracted,The whole results row is in the golden record but was not returned.,True
high-protein-paneer,test,tests.Hexythiazox.unit,mg/kg,,MISS,test_not_extracted,The whole results row is in the golden record but was not returned.,True
high-protein-paneer,test,tests.Hexythiazox.reference_range,0.01,,MISS,test_not_extracted,The whole results row is in the golden record but was not returned.,True
high-protein-paneer,test,tests.Iodosulfuron Methyl Sodium.result,Not Detected,,MISS,test_not_extracted,The whole results row is in the golden record but was not returned.,True
high-protein-paneer,test,tests.Iodosulfuron Methyl Sodium.unit,mg/kg,,MISS,test_not_extracted,The whole results row is in the golden record but was not returned.,True
high-protein-paneer,test,tests.Iodosulfuron Methyl Sodium.reference_range,0.01,,MISS,test_not_extracted,The whole results row is in the golden record but was not returned.,True
high-protein-paneer,test,tests.Imazethapyr.result,Not Detected,,MISS,test_not_extracted,The whole results row is in the golden record but was not returned.,True
high-protein-paneer,test,tests.Imazethapyr.unit,mg/kg,,MISS,test_not_extracted,The whole results row is in the golden record but was not returned.,True
high-protein-paneer,test,tests.Imazethapyr.reference_range,0.01,,MISS,test_not_extracted,The whole results row is in the golden record but was not returned.,True
high-protein-paneer,test,tests.Iprobenfos (Kitazin).result,Not Detected,,MISS,test_not_extracted,The whole results row is in the golden record but was not returned.,True
high-protein-paneer,test,tests.Iprobenfos (Kitazin).unit,mg/kg,,MISS,test_not_extracted,The whole results row is in the golden record but was not returned.,True
high-protein-paneer,test,tests.Iprobenfos (Kitazin).reference_range,0.01,,MISS,test_not_extracted,The whole results row is in the golden record but was not returned.,True
high-protein-paneer,test,tests.Iprodione.result,Not Detected,,MISS,test_not_extracted,The whole results row is in the golden record but was not returned.,True
high-protein-paneer,test,tests.Iprodione.unit,mg/kg,,MISS,test_not_extracted,The whole results row is in the golden record but was not returned.,True
high-protein-paneer,test,tests.Iprodione.reference_range,0.01,,MISS,test_not_extracted,The whole results row is in the golden record but was not returned.,True
high-protein-paneer,test,tests.Isoprothiolane.result,Not Detected,,MISS,test_not_extracted,The whole results row is in the golden record but was not returned.,True
high-protein-paneer,test,tests.Isoprothiolane.unit,mg/kg,,MISS,test_not_extracted,The whole results row is in the golden record but was not returned.,True
high-protein-paneer,test,tests.Isoprothiolane.reference_range,0.01,,MISS,test_not_extracted,The whole results row is in the golden record but was not returned.,True
high-protein-paneer,test,tests.Isoproturon.result,Not Detected,,MISS,test_not_extracted,The whole results row is in the golden record but was not returned.,True
high-protein-paneer,test,tests.Isoproturon.unit,mg/kg,,MISS,test_not_extracted,The whole results row is in the golden record but was not returned.,True
high-protein-paneer,test,tests.Isoproturon.reference_range,0.01,,MISS,test_not_extracted,The whole results row is in the golden record but was not returned.,True
high-protein-paneer,test,tests.Kasugamycin.result,Not Detected,,MISS,test_not_extracted,The whole results row is in the golden record but was not returned.,True
high-protein-paneer,test,tests.Kasugamycin.unit,mg/kg,,MISS,test_not_extracted,The whole results row is in the golden record but was not returned.,True
high-protein-paneer,test,tests.Kasugamycin.reference_range,0.01,,MISS,test_not_extracted,The whole results row is in the golden record but was not returned.,True
high-protein-paneer,test,tests.Kresoxim Methyl.result,Not Detected,,MISS,test_not_extracted,The whole results row is in the golden record but was not returned.,True
high-protein-paneer,test,tests.Kresoxim Methyl.unit,mg/kg,,MISS,test_not_extracted,The whole results row is in the golden record but was not returned.,True
high-protein-paneer,test,tests.Kresoxim Methyl.reference_range,0.01,,MISS,test_not_extracted,The whole results row is in the golden record but was not returned.,True
high-protein-paneer,test,tests.Lambda cyhalothrin.result,Not Detected,,MISS,test_not_extracted,The whole results row is in the golden record but was not returned.,True
high-protein-paneer,test,tests.Lambda cyhalothrin.unit,mg/kg,,MISS,test_not_extracted,The whole results row is in the golden record but was not returned.,True
high-protein-paneer,test,tests.Lambda cyhalothrin.reference_range,0.01,,MISS,test_not_extracted,The whole results row is in the golden record but was not returned.,True
high-protein-paneer,test,tests.Linuron.result,Not Detected,,MISS,test_not_extracted,The whole results row is in the golden record but was not returned.,True
high-protein-paneer,test,tests.Linuron.unit,mg/kg,,MISS,test_not_extracted,The whole results row is in the golden record but was not returned.,True
high-protein-paneer,test,tests.Linuron.reference_range,0.01,,MISS,test_not_extracted,The whole results row is in the golden record but was not returned.,True
high-protein-paneer,test,tests.Lufenuron.result,Not Detected,,MISS,test_not_extracted,The whole results row is in the golden record but was not returned.,True
high-protein-paneer,test,tests.Lufenuron.unit,mg/kg,,MISS,test_not_extracted,The whole results row is in the golden record but was not returned.,True
high-protein-paneer,test,tests.Lufenuron.reference_range,0.01,,MISS,test_not_extracted,The whole results row is in the golden record but was not returned.,True
high-protein-paneer,test,tests.Mandipropamid.result,Not Detected,,MISS,test_not_extracted,The whole results row is in the golden record but was not returned.,True
high-protein-paneer,test,tests.Mandipropamid.unit,mg/kg,,MISS,test_not_extracted,The whole results row is in the golden record but was not returned.,True
high-protein-paneer,test,tests.Mandipropamid.reference_range,0.01,,MISS,test_not_extracted,The whole results row is in the golden record but was not returned.,True
high-protein-paneer,test,tests.Mepiquat Chloride.result,Not Detected,,MISS,test_not_extracted,The whole results row is in the golden record but was not returned.,True
high-protein-paneer,test,tests.Mepiquat Chloride.unit,mg/kg,,MISS,test_not_extracted,The whole results row is in the golden record but was not returned.,True
high-protein-paneer,test,tests.Mepiquat Chloride.reference_range,0.01,,MISS,test_not_extracted,The whole results row is in the golden record but was not returned.,True
high-protein-paneer,test,tests.Mesosulfuron Methyl.result,Not Detected,,MISS,test_not_extracted,The whole results row is in the golden record but was not returned.,True
high-protein-paneer,test,tests.Mesosulfuron Methyl.unit,mg/kg,,MISS,test_not_extracted,The whole results row is in the golden record but was not returned.,True
high-protein-paneer,test,tests.Mesosulfuron Methyl.reference_range,0.01,,MISS,test_not_extracted,The whole results row is in the golden record but was not returned.,True
high-protein-paneer,test,tests.Metaflumizone.result,Not Detected,,MISS,test_not_extracted,The whole results row is in the golden record but was not returned.,True
high-protein-paneer,test,tests.Metaflumizone.unit,mg/kg,,MISS,test_not_extracted,The whole results row is in the golden record but was not returned.,True
high-protein-paneer,test,tests.Metaflumizone.reference_range,0.01,,MISS,test_not_extracted,The whole results row is in the golden record but was not returned.,True
high-protein-paneer,test,tests.Metalaxyl.result,Not Detected,,MISS,test_not_extracted,The whole results row is in the golden record but was not returned.,True
high-protein-paneer,test,tests.Metalaxyl.unit,mg/kg,,MISS,test_not_extracted,The whole results row is in the golden record but was not returned.,True
high-protein-paneer,test,tests.Metalaxyl.reference_range,0.01,,MISS,test_not_extracted,The whole results row is in the golden record but was not returned.,True
high-protein-paneer,test,tests.Metalaxyl-M.result,Not Detected,,MISS,test_not_extracted,The whole results row is in the golden record but was not returned.,True
high-protein-paneer,test,tests.Metalaxyl-M.unit,mg/kg,,MISS,test_not_extracted,The whole results row is in the golden record but was not returned.,True
high-protein-paneer,test,tests.Metalaxyl-M.reference_range,0.01,,MISS,test_not_extracted,The whole results row is in the golden record but was not returned.,True
high-protein-paneer,test,tests.Methabenzthiazuron.result,Not Detected,,MISS,test_not_extracted,The whole results row is in the golden record but was not returned.,True
high-protein-paneer,test,tests.Methabenzthiazuron.unit,mg/kg,,MISS,test_not_extracted,The whole results row is in the golden record but was not returned.,True
high-protein-paneer,test,tests.Methabenzthiazuron.reference_range,0.1,,MISS,test_not_extracted,The whole results row is in the golden record but was not returned.,True
high-protein-paneer,test,tests.Methyl Chlorophenoxy Acetic Acid (MCPA).result,Not Detected,,MISS,test_not_extracted,The whole results row is in the golden record but was not returned.,True
high-protein-paneer,test,tests.Methyl Chlorophenoxy Acetic Acid (MCPA).unit,mg/kg,,MISS,test_not_extracted,The whole results row is in the golden record but was not returned.,True
high-protein-paneer,test,tests.Methyl Chlorophenoxy Acetic Acid (MCPA).reference_range,0.01,,MISS,test_not_extracted,The whole results row is in the golden record but was not returned.,True
high-protein-paneer,test,tests.Metolachlor.result,Not Detected,,MISS,test_not_extracted,The whole results row is in the golden record but was not returned.,True
high-protein-paneer,test,tests.Metolachlor.unit,mg/kg,,MISS,test_not_extracted,The whole results row is in the golden record but was not returned.,True
high-protein-paneer,test,tests.Metolachlor.reference_range,0.01,,MISS,test_not_extracted,The whole results row is in the golden record but was not returned.,True
high-protein-paneer,test,tests.Metribuzin.result,Not Detected,,MISS,test_not_extracted,The whole results row is in the golden record but was not returned.,True
high-protein-paneer,test,tests.Metribuzin.unit,mg/kg,,MISS,test_not_extracted,The whole results row is in the golden record but was not returned.,True
high-protein-paneer,test,tests.Metribuzin.reference_range,0.01,,MISS,test_not_extracted,The whole results row is in the golden record but was not returned.,True
high-protein-paneer,test,tests.Metsulfuron Methyl.result,Not Detected,,MISS,test_not_extracted,The whole results row is in the golden record but was not returned.,True
high-protein-paneer,test,tests.Metsulfuron Methyl.unit,mg/kg,,MISS,test_not_extracted,The whole results row is in the golden record but was not returned.,True
high-protein-paneer,test,tests.Metsulfuron Methyl.reference_range,0.01,,MISS,test_not_extracted,The whole results row is in the golden record but was not returned.,True
high-protein-paneer,test,tests.Milbemectin.result,Not Detected,,MISS,test_not_extracted,The whole results row is in the golden record but was not returned.,True
high-protein-paneer,test,tests.Milbemectin.unit,mg/kg,,MISS,test_not_extracted,The whole results row is in the golden record but was not returned.,True
high-protein-paneer,test,tests.Milbemectin.reference_range,0.01,,MISS,test_not_extracted,The whole results row is in the golden record but was not returned.,True
high-protein-paneer,test,tests.Orthosulfamuron.result,Not Detected,,MISS,test_not_extracted,The whole results row is in the golden record but was not returned.,True
high-protein-paneer,test,tests.Orthosulfamuron.unit,mg/kg,,MISS,test_not_extracted,The whole results row is in the golden record but was not returned.,True
high-protein-paneer,test,tests.Orthosulfamuron.reference_range,0.01,,MISS,test_not_extracted,The whole results row is in the golden record but was not returned.,True
high-protein-paneer,test,tests.Oxadiargyl.result,Not Detected,,MISS,test_not_extracted,The whole results row is in the golden record but was not returned.,True
high-protein-paneer,test,tests.Oxadiargyl.unit,mg/kg,,MISS,test_not_extracted,The whole results row is in the golden record but was not returned.,True
high-protein-paneer,test,tests.Oxadiargyl.reference_range,0.01,,MISS,test_not_extracted,The whole results row is in the golden record but was not returned.,True
high-protein-paneer,test,tests.Oxadiazon.result,Not Detected,,MISS,test_not_extracted,The whole results row is in the golden record but was not returned.,True
high-protein-paneer,test,tests.Oxadiazon.unit,mg/kg,,MISS,test_not_extracted,The whole results row is in the golden record but was not returned.,True
high-protein-paneer,test,tests.Oxadiazon.reference_range,0.01,,MISS,test_not_extracted,The whole results row is in the golden record but was not returned.,True
high-protein-paneer,test,tests.Oxyfluorfen.result,Not Detected,,MISS,test_not_extracted,The whole results row is in the golden record but was not returned.,True
high-protein-paneer,test,tests.Oxyfluorfen.unit,mg/kg,,MISS,test_not_extracted,The whole results row is in the golden record but was not returned.,True
high-protein-paneer,test,tests.Oxyfluorfen.reference_range,0.01,,MISS,test_not_extracted,The whole results row is in the golden record but was not returned.,True
high-protein-paneer,test,tests.Paclobutrazol.result,Not Detected,,MISS,test_not_extracted,The whole results row is in the golden record but was not returned.,True
high-protein-paneer,test,tests.Paclobutrazol.unit,mg/kg,,MISS,test_not_extracted,The whole results row is in the golden record but was not returned.,True
high-protein-paneer,test,tests.Paclobutrazol.reference_range,0.01,,MISS,test_not_extracted,The whole results row is in the golden record but was not returned.,True
high-protein-paneer,test,tests.Pencycuron.result,Not Detected,,MISS,test_not_extracted,The whole results row is in the golden record but was not returned.,True
high-protein-paneer,test,tests.Pencycuron.unit,mg/kg,,MISS,test_not_extracted,The whole results row is in the golden record but was not returned.,True
high-protein-paneer,test,tests.Pencycuron.reference_range,0.01,,MISS,test_not_extracted,The whole results row is in the golden record but was not returned.,True
high-protein-paneer,test,tests.Pendimethalin.result,Not Detected,,MISS,test_not_extracted,The whole results row is in the golden record but was not returned.,True
high-protein-paneer,test,tests.Pendimethalin.unit,mg/kg,,MISS,test_not_extracted,The whole results row is in the golden record but was not returned.,True
high-protein-paneer,test,tests.Pendimethalin.reference_range,0.01,,MISS,test_not_extracted,The whole results row is in the golden record but was not returned.,True
high-protein-paneer,test,tests.Penoxuslum.result,Not Detected,,MISS,test_not_extracted,The whole results row is in the golden record but was not returned.,True
high-protein-paneer,test,tests.Penoxuslum.unit,mg/kg,,MISS,test_not_extracted,The whole results row is in the golden record but was not returned.,True
high-protein-paneer,test,tests.Penoxuslum.reference_range,0.01,,MISS,test_not_extracted,The whole results row is in the golden record but was not returned.,True
high-protein-paneer,test,tests.Permethrin.result,Not Detected,,MISS,test_not_extracted,The whole results row is in the golden record but was not returned.,True
high-protein-paneer,test,tests.Permethrin.unit,mg/kg,,MISS,test_not_extracted,The whole results row is in the golden record but was not returned.,True
high-protein-paneer,test,tests.Permethrin.reference_range,0.01,,MISS,test_not_extracted,The whole results row is in the golden record but was not returned.,True
high-protein-paneer,test,tests.Picoxystrobin.result,Not Detected,,MISS,test_not_extracted,The whole results row is in the golden record but was not returned.,True
high-protein-paneer,test,tests.Picoxystrobin.unit,mg/kg,,MISS,test_not_extracted,The whole results row is in the golden record but was not returned.,True
high-protein-paneer,test,tests.Picoxystrobin.reference_range,0.01,,MISS,test_not_extracted,The whole results row is in the golden record but was not returned.,True
high-protein-paneer,test,tests.Pinoxaden.result,Not Detected,,MISS,test_not_extracted,The whole results row is in the golden record but was not returned.,True
high-protein-paneer,test,tests.Pinoxaden.unit,mg/kg,,MISS,test_not_extracted,The whole results row is in the golden record but was not returned.,True
high-protein-paneer,test,tests.Pinoxaden.reference_range,0.01,,MISS,test_not_extracted,The whole results row is in the golden record but was not returned.,True
high-protein-paneer,test,tests.Pretilachlor.result,Not Detected,,MISS,test_not_extracted,The whole results row is in the golden record but was not returned.,True
high-protein-paneer,test,tests.Pretilachlor.unit,mg/kg,,MISS,test_not_extracted,The whole results row is in the golden record but was not returned.,True
high-protein-paneer,test,tests.Pretilachlor.reference_range,0.01,,MISS,test_not_extracted,The whole results row is in the golden record but was not returned.,True
high-protein-paneer,test,tests.Prohexadione calcium.result,Not Detected,,MISS,test_not_extracted,The whole results row is in the golden record but was not returned.,True
high-protein-paneer,test,tests.Prohexadione calcium.unit,mg/kg,,MISS,test_not_extracted,The whole results row is in the golden record but was not returned.,True
high-protein-paneer,test,tests.Prohexadione calcium.reference_range,0.01,,MISS,test_not_extracted,The whole results row is in the golden record but was not returned.,True
high-protein-paneer,test,tests.Propaquizafop.result,Not Detected,,MISS,test_not_extracted,The whole results row is in the golden record but was not returned.,True
high-protein-paneer,test,tests.Propaquizafop.unit,mg/kg,,MISS,test_not_extracted,The whole results row is in the golden record but was not returned.,True
high-protein-paneer,test,tests.Propaquizafop.reference_range,0.01,,MISS,test_not_extracted,The whole results row is in the golden record but was not returned.,True
high-protein-paneer,test,tests.Propargite.result,Not Detected,,MISS,test_not_extracted,The whole results row is in the golden record but was not returned.,True
high-protein-paneer,test,tests.Propargite.unit,mg/kg,,MISS,test_not_extracted,The whole results row is in the golden record but was not returned.,True
high-protein-paneer,test,tests.Propargite.reference_range,0.01,,MISS,test_not_extracted,The whole results row is in the golden record but was not returned.,True
high-protein-paneer,test,tests.Pyrazosulfuron ethyl.result,Not Detected,,MISS,test_not_extracted,The whole results row is in the golden record but was not returned.,True
high-protein-paneer,test,tests.Pyrazosulfuron ethyl.unit,mg/kg,,MISS,test_not_extracted,The whole results row is in the golden record but was not returned.,True
high-protein-paneer,test,tests.Pyrazosulfuron ethyl.reference_range,0.01,,MISS,test_not_extracted,The whole results row is in the golden record but was not returned.,True
high-protein-paneer,test,tests.Pyridalyl.result,Not Detected,,MISS,test_not_extracted,The whole results row is in the golden record but was not returned.,True
high-protein-paneer,test,tests.Pyridalyl.unit,mg/kg,,MISS,test_not_extracted,The whole results row is in the golden record but was not returned.,True
high-protein-paneer,test,tests.Pyridalyl.reference_range,0.01,,MISS,test_not_extracted,The whole results row is in the golden record but was not returned.,True
high-protein-paneer,test,tests.Pyriproxyfen.result,Not Detected,,MISS,test_not_extracted,The whole results row is in the golden record but was not returned.,True
high-protein-paneer,test,tests.Pyriproxyfen.unit,mg/kg,,MISS,test_not_extracted,The whole results row is in the golden record but was not returned.,True
high-protein-paneer,test,tests.Pyriproxyfen.reference_range,0.01,,MISS,test_not_extracted,The whole results row is in the golden record but was not returned.,True
high-protein-paneer,test,tests.Pyrithiolac Sodium.result,Not Detected,,MISS,test_not_extracted,The whole results row is in the golden record but was not returned.,True
high-protein-paneer,test,tests.Pyrithiolac Sodium.unit,mg/kg,,MISS,test_not_extracted,The whole results row is in the golden record but was not returned.,True
high-protein-paneer,test,tests.Pyrithiolac Sodium.reference_range,0.01,,MISS,test_not_extracted,The whole results row is in the golden record but was not returned.,True
high-protein-paneer,test,tests.Pymetrozine.result,Not Detected,,MISS,test_not_extracted,The whole results row is in the golden record but was not returned.,True
high-protein-paneer,test,tests.Pymetrozine.unit,mg/kg,,MISS,test_not_extracted,The whole results row is in the golden record but was not returned.,True
high-protein-paneer,test,tests.Pymetrozine.reference_range,0.01,,MISS,test_not_extracted,The whole results row is in the golden record but was not returned.,True
high-protein-paneer,test,tests.Quinalphos.result,Not Detected,,MISS,test_not_extracted,The whole results row is in the golden record but was not returned.,True
high-protein-paneer,test,tests.Quinalphos.unit,mg/kg,,MISS,test_not_extracted,The whole results row is in the golden record but was not returned.,True
high-protein-paneer,test,tests.Quinalphos.reference_range,0.01,,MISS,test_not_extracted,The whole results row is in the golden record but was not returned.,True
high-protein-paneer,test,tests.Quizalofop ethyl.result,Not Detected,,MISS,test_not_extracted,The whole results row is in the golden record but was not returned.,True
high-protein-paneer,test,tests.Quizalofop ethyl.unit,mg/kg,,MISS,test_not_extracted,The whole results row is in the golden record but was not returned.,True
high-protein-paneer,test,tests.Quizalofop ethyl.reference_range,0.01,,MISS,test_not_extracted,The whole results row is in the golden record but was not returned.,True
high-protein-paneer,test,tests.Quizalofop-P-tefuryl.result,Not Detected,,MISS,test_not_extracted,The whole results row is in the golden record but was not returned.,True
high-protein-paneer,test,tests.Quizalofop-P-tefuryl.unit,mg/kg,,MISS,test_not_extracted,The whole results row is in the golden record but was not returned.,True
high-protein-paneer,test,tests.Quizalofop-P-tefuryl.reference_range,0.01,,MISS,test_not_extracted,The whole results row is in the golden record but was not returned.,True
high-protein-paneer,test,tests.Sodium Aceflourofen.result,Not Detected,,MISS,test_not_extracted,The whole results row is in the golden record but was not returned.,True
high-protein-paneer,test,tests.Sodium Aceflourofen.unit,mg/kg,,MISS,test_not_extracted,The whole results row is in the golden record but was not returned.,True
high-protein-paneer,test,tests.Sodium Aceflourofen.reference_range,0.01,,MISS,test_not_extracted,The whole results row is in the golden record but was not returned.,True
high-protein-paneer,test,tests.Spiromesifen.result,Not Detected,,MISS,test_not_extracted,The whole results row is in the golden record but was not returned.,True
high-protein-paneer,test,tests.Spiromesifen.unit,mg/kg,,MISS,test_not_extracted,The whole results row is in the golden record but was not returned.,True
high-protein-paneer,test,tests.Spiromesifen.reference_range,0.01,,MISS,test_not_extracted,The whole results row is in the golden record but was not returned.,True
high-protein-paneer,test,tests.Sulfosulfuron.result,Not Detected,,MISS,test_not_extracted,The whole results row is in the golden record but was not returned.,True
high-protein-paneer,test,tests.Sulfosulfuron.unit,mg/kg,,MISS,test_not_extracted,The whole results row is in the golden record but was not returned.,True
high-protein-paneer,test,tests.Sulfosulfuron.reference_range,0.1,,MISS,test_not_extracted,The whole results row is in the golden record but was not returned.,True
high-protein-paneer,test,tests.Thiodicarb.result,Not Detected,,MISS,test_not_extracted,The whole results row is in the golden record but was not returned.,True
high-protein-paneer,test,tests.Thiodicarb.unit,mg/kg,,MISS,test_not_extracted,The whole results row is in the golden record but was not returned.,True
high-protein-paneer,test,tests.Thiodicarb.reference_range,0.01,,MISS,test_not_extracted,The whole results row is in the golden record but was not returned.,True
high-protein-paneer,test,tests.Thiamethoxam.result,Not Detected,,MISS,test_not_extracted,The whole results row is in the golden record but was not returned.,True
high-protein-paneer,test,tests.Thiamethoxam.unit,mg/kg,,MISS,test_not_extracted,The whole results row is in the golden record but was not returned.,True
high-protein-paneer,test,tests.Thiamethoxam.reference_range,0.05,,MISS,test_not_extracted,The whole results row is in the golden record but was not returned.,True
high-protein-paneer,test,tests.Tolfenpyrad.result,Not Detected,,MISS,test_not_extracted,The whole results row is in the golden record but was not returned.,True
high-protein-paneer,test,tests.Tolfenpyrad.unit,mg/kg,,MISS,test_not_extracted,The whole results row is in the golden record but was not returned.,True
high-protein-paneer,test,tests.Tolfenpyrad.reference_range,0.01,,MISS,test_not_extracted,The whole results row is in the golden record but was not returned.,True
high-protein-paneer,test,tests.Triacontanol.result,Not Detected,,MISS,test_not_extracted,The whole results row is in the golden record but was not returned.,True
high-protein-paneer,test,tests.Triacontanol.unit,mg/kg,,MISS,test_not_extracted,The whole results row is in the golden record but was not returned.,True
high-protein-paneer,test,tests.Triacontanol.reference_range,0.01,,MISS,test_not_extracted,The whole results row is in the golden record but was not returned.,True
high-protein-paneer,test,tests.Trifloxystrobin.result,Not Detected,,MISS,test_not_extracted,The whole results row is in the golden record but was not returned.,True
high-protein-paneer,test,tests.Trifloxystrobin.unit,mg/kg,,MISS,test_not_extracted,The whole results row is in the golden record but was not returned.,True
high-protein-paneer,test,tests.Trifloxystrobin.reference_range,0.1,,MISS,test_not_extracted,The whole results row is in the golden record but was not returned.,True
high-protein-paneer,test,tests.Triallate.result,Not Detected,,MISS,test_not_extracted,The whole results row is in the golden record but was not returned.,True
high-protein-paneer,test,tests.Triallate.unit,mg/kg,,MISS,test_not_extracted,The whole results row is in the golden record but was not returned.,True
high-protein-paneer,test,tests.Triallate.reference_range,0.01,,MISS,test_not_extracted,The whole results row is in the golden record but was not returned.,True
high-protein-paneer,test,tests.Triasulfuron.result,Not Detected,,MISS,test_not_extracted,The whole results row is in the golden record but was not returned.,True
high-protein-paneer,test,tests.Triasulfuron.unit,mg/kg,,MISS,test_not_extracted,The whole results row is in the golden record but was not returned.,True
high-protein-paneer,test,tests.Triasulfuron.reference_range,0.01,,MISS,test_not_extracted,The whole results row is in the golden record but was not returned.,True
high-protein-paneer,test,tests.Triazophos.result,Not Detected,,MISS,test_not_extracted,The whole results row is in the golden record but was not returned.,True
high-protein-paneer,test,tests.Triazophos.unit,mg/kg,,MISS,test_not_extracted,The whole results row is in the golden record but was not returned.,True
high-protein-paneer,test,tests.Triazophos.reference_range,0.01,,MISS,test_not_extracted,The whole results row is in the golden record but was not returned.,True
high-protein-paneer,test,tests.Tricyclazole.result,Not Detected,,MISS,test_not_extracted,The whole results row is in the golden record but was not returned.,True
high-protein-paneer,test,tests.Tricyclazole.unit,mg/kg,,MISS,test_not_extracted,The whole results row is in the golden record but was not returned.,True
high-protein-paneer,test,tests.Tricyclazole.reference_range,0.01,,MISS,test_not_extracted,The whole results row is in the golden record but was not returned.,True
high-protein-paneer,test,tests.Tridemorph.result,Not Detected,,MISS,test_not_extracted,The whole results row is in the golden record but was not returned.,True
high-protein-paneer,test,tests.Tridemorph.unit,mg/kg,,MISS,test_not_extracted,The whole results row is in the golden record but was not returned.,True
high-protein-paneer,test,tests.Tridemorph.reference_range,0.01,,MISS,test_not_extracted,The whole results row is in the golden record but was not returned.,True
high-protein-paneer,test,tests.Trifluralin.result,Not Detected,,MISS,test_not_extracted,The whole results row is in the golden record but was not returned.,True
high-protein-paneer,test,tests.Trifluralin.unit,mg/kg,,MISS,test_not_extracted,The whole results row is in the golden record but was not returned.,True
high-protein-paneer,test,tests.Trifluralin.reference_range,0.01,,MISS,test_not_extracted,The whole results row is in the golden record but was not returned.,True
high-protein-paneer,test,tests.Validamycin.result,Not Detected,,MISS,test_not_extracted,The whole results row is in the golden record but was not returned.,True
high-protein-paneer,test,tests.Validamycin.unit,mg/kg,,MISS,test_not_extracted,The whole results row is in the golden record but was not returned.,True
high-protein-paneer,test,tests.Validamycin.reference_range,0.01,,MISS,test_not_extracted,The whole results row is in the golden record but was not returned.,True
high-protein-paneer,test,tests.Fluopicolide.result,Not Detected,,MISS,test_not_extracted,The whole results row is in the golden record but was not returned.,True
high-protein-paneer,test,tests.Fluopicolide.unit,mg/kg,,MISS,test_not_extracted,The whole results row is in the golden record but was not returned.,True
high-protein-paneer,test,tests.Fluopicolide.reference_range,0.01,,MISS,test_not_extracted,The whole results row is in the golden record but was not returned.,True
high-protein-paneer,test,tests.Tembotrione.result,Not Detected,,MISS,test_not_extracted,The whole results row is in the golden record but was not returned.,True
high-protein-paneer,test,tests.Tembotrione.unit,mg/kg,,MISS,test_not_extracted,The whole results row is in the golden record but was not returned.,True
high-protein-paneer,test,tests.Tembotrione.reference_range,0.01,,MISS,test_not_extracted,The whole results row is in the golden record but was not returned.,True
high-protein-paneer,test,tests.Propanil.result,Not Detected,,MISS,test_not_extracted,The whole results row is in the golden record but was not returned.,True
high-protein-paneer,test,tests.Propanil.unit,mg/kg,,MISS,test_not_extracted,The whole results row is in the golden record but was not returned.,True
high-protein-paneer,test,tests.Propanil.reference_range,0.01,,MISS,test_not_extracted,The whole results row is in the golden record but was not returned.,True
high-protein-paneer,test,tests.Fluopyram and its metabolites.result,Not Detected,,MISS,test_not_extracted,The whole results row is in the golden record but was not returned.,True
high-protein-paneer,test,tests.Fluopyram and its metabolites.unit,mg/kg,,MISS,test_not_extracted,The whole results row is in the golden record but was not returned.,True
high-protein-paneer,test,tests.Fluopyram and its metabolites.reference_range,0.01,,MISS,test_not_extracted,The whole results row is in the golden record but was not returned.,True
high-protein-paneer,test,tests.Topramezone.result,Not Detected,,MISS,test_not_extracted,The whole results row is in the golden record but was not returned.,True
high-protein-paneer,test,tests.Topramezone.unit,mg/kg,,MISS,test_not_extracted,The whole results row is in the golden record but was not returned.,True
high-protein-paneer,test,tests.Topramezone.reference_range,0.01,,MISS,test_not_extracted,The whole results row is in the golden record but was not returned.,True
high-protein-paneer,test,tests.Thiocyclam Hydrogen Oxalate.result,Not Detected,,MISS,test_not_extracted,The whole results row is in the golden record but was not returned.,True
high-protein-paneer,test,tests.Thiocyclam Hydrogen Oxalate.unit,mg/kg,,MISS,test_not_extracted,The whole results row is in the golden record but was not returned.,True
high-protein-paneer,test,tests.Thiocyclam Hydrogen Oxalate.reference_range,0.01,,MISS,test_not_extracted,The whole results row is in the golden record but was not returned.,True
high-protein-paneer,test,"tests.2,4-D Amine Salt.result",Not Detected,,MISS,test_not_extracted,The whole results row is in the golden record but was not returned.,True
high-protein-paneer,test,"tests.2,4-D Amine Salt.unit",mg/kg,,MISS,test_not_extracted,The whole results row is in the golden record but was not returned.,True
high-protein-paneer,test,"tests.2,4-D Amine Salt.reference_range",0.01,,MISS,test_not_extracted,The whole results row is in the golden record but was not returned.,True
high-protein-paneer,test,tests.Ametyrn.result,Not Detected,,MISS,test_not_extracted,The whole results row is in the golden record but was not returned.,True
high-protein-paneer,test,tests.Ametyrn.unit,mg/kg,,MISS,test_not_extracted,The whole results row is in the golden record but was not returned.,True
high-protein-paneer,test,tests.Ametyrn.reference_range,0.01,,MISS,test_not_extracted,The whole results row is in the golden record but was not returned.,True
high-protein-paneer,test,tests.Fomesafen.result,Not Detected,,MISS,test_not_extracted,The whole results row is in the golden record but was not returned.,True
high-protein-paneer,test,tests.Fomesafen.unit,mg/kg,,MISS,test_not_extracted,The whole results row is in the golden record but was not returned.,True
high-protein-paneer,test,tests.Fomesafen.reference_range,0.01,,MISS,test_not_extracted,The whole results row is in the golden record but was not returned.,True
high-protein-paneer,test,tests.Imazamox.result,Not Detected,,MISS,test_not_extracted,The whole results row is in the golden record but was not returned.,True
high-protein-paneer,test,tests.Imazamox.unit,mg/kg,,MISS,test_not_extracted,The whole results row is in the golden record but was not returned.,True
high-protein-paneer,test,tests.Imazamox.reference_range,0.01,,MISS,test_not_extracted,The whole results row is in the golden record but was not returned.,True
high-protein-paneer,test,tests.Spinetoram.result,Not Detected,,MISS,test_not_extracted,The whole results row is in the golden record but was not returned.,True
high-protein-paneer,test,tests.Spinetoram.unit,mg/kg,,MISS,test_not_extracted,The whole results row is in the golden record but was not returned.,True
high-protein-paneer,test,tests.Spinetoram.reference_range,0.01,,MISS,test_not_extracted,The whole results row is in the golden record but was not returned.,True
high-protein-paneer,test,tests.Sodium Para Nitro Phenolate.result,Not Detected,,MISS,test_not_extracted,The whole results row is in the golden record but was not returned.,True
high-protein-paneer,test,tests.Sodium Para Nitro Phenolate.unit,mg/kg,,MISS,test_not_extracted,The whole results row is in the golden record but was not returned.,True
high-protein-paneer,test,tests.Sodium Para Nitro Phenolate.reference_range,0.01,,MISS,test_not_extracted,The whole results row is in the golden record but was not returned.,True
high-protein-paneer,test,tests.Bentazone.result,Not Detected,,MISS,test_not_extracted,The whole results row is in the golden record but was not returned.,True
high-protein-paneer,test,tests.Bentazone.unit,mg/kg,,MISS,test_not_extracted,The whole results row is in the golden record but was not returned.,True
high-protein-paneer,test,tests.Bentazone.reference_range,0.01,,MISS,test_not_extracted,The whole results row is in the golden record but was not returned.,True
high-protein-paneer,test,tests.Cyflumetofen.result,Not Detected,,MISS,test_not_extracted,The whole results row is in the golden record but was not returned.,True
high-protein-paneer,test,tests.Cyflumetofen.unit,mg/kg,,MISS,test_not_extracted,The whole results row is in the golden record but was not returned.,True
high-protein-paneer,test,tests.Cyflumetofen.reference_range,0.01,,MISS,test_not_extracted,The whole results row is in the golden record but was not returned.,True
high-protein-paneer,test,tests.Boscalid.result,Not Detected,,MISS,test_not_extracted,The whole results row is in the golden record but was not returned.,True
high-protein-paneer,test,tests.Boscalid.unit,mg/kg,,MISS,test_not_extracted,The whole results row is in the golden record but was not returned.,True
high-protein-paneer,test,tests.Boscalid.reference_range,0.01,,MISS,test_not_extracted,The whole results row is in the golden record but was not returned.,True
high-protein-paneer,test,tests.Flucetosulfuron.result,Not Detected,,MISS,test_not_extracted,The whole results row is in the golden record but was not returned.,True
high-protein-paneer,test,tests.Flucetosulfuron.unit,mg/kg,,MISS,test_not_extracted,The whole results row is in the golden record but was not returned.,True
high-protein-paneer,test,tests.Flucetosulfuron.reference_range,0.01,,MISS,test_not_extracted,The whole results row is in the golden record but was not returned.,True
high-protein-paneer,test,tests.Haloxyfop-R Methyl.result,Not Detected,,MISS,test_not_extracted,The whole results row is in the golden record but was not returned.,True
high-protein-paneer,test,tests.Haloxyfop-R Methyl.unit,mg/kg,,MISS,test_not_extracted,The whole results row is in the golden record but was not returned.,True
high-protein-paneer,test,tests.Haloxyfop-R Methyl.reference_range,0.01,,MISS,test_not_extracted,The whole results row is in the golden record but was not returned.,True
high-protein-paneer,test,tests.Sulfentrazone.result,Not Detected,,MISS,test_not_extracted,The whole results row is in the golden record but was not returned.,True
high-protein-paneer,test,tests.Sulfentrazone.unit,mg/kg,,MISS,test_not_extracted,The whole results row is in the golden record but was not returned.,True
high-protein-paneer,test,tests.Sulfentrazone.reference_range,0.01,,MISS,test_not_extracted,The whole results row is in the golden record but was not returned.,True
high-protein-paneer,test,tests.Spirotetramat.result,Not Detected,,MISS,test_not_extracted,The whole results row is in the golden record but was not returned.,True
high-protein-paneer,test,tests.Spirotetramat.unit,mg/kg,,MISS,test_not_extracted,The whole results row is in the golden record but was not returned.,True
high-protein-paneer,test,tests.Spirotetramat.reference_range,0.01,,MISS,test_not_extracted,The whole results row is in the golden record but was not returned.,True
high-protein-paneer,test,tests.Metrafenone.result,Not Detected,,MISS,test_not_extracted,The whole results row is in the golden record but was not returned.,True
high-protein-paneer,test,tests.Metrafenone.unit,mg/kg,,MISS,test_not_extracted,The whole results row is in the golden record but was not returned.,True
high-protein-paneer,test,tests.Metrafenone.reference_range,0.01,,MISS,test_not_extracted,The whole results row is in the golden record but was not returned.,True
high-protein-paneer,test,tests.Fluxapyroxad.result,Not Detected,,MISS,test_not_extracted,The whole results row is in the golden record but was not returned.,True
high-protein-paneer,test,tests.Fluxapyroxad.unit,mg/kg,,MISS,test_not_extracted,The whole results row is in the golden record but was not returned.,True
high-protein-paneer,test,tests.Fluxapyroxad.reference_range,0.01,,MISS,test_not_extracted,The whole results row is in the golden record but was not returned.,True
high-protein-paneer,test,tests.Tetraconazole.result,Not Detected,,MISS,test_not_extracted,The whole results row is in the golden record but was not returned.,True
high-protein-paneer,test,tests.Tetraconazole.unit,mg/kg,,MISS,test_not_extracted,The whole results row is in the golden record but was not returned.,True
high-protein-paneer,test,tests.Tetraconazole.reference_range,0.01,,MISS,test_not_extracted,The whole results row is in the golden record but was not returned.,True
high-protein-paneer,test,tests.Abamectin.result,Not Detected,,MISS,test_not_extracted,The whole results row is in the golden record but was not returned.,True
high-protein-paneer,test,tests.Abamectin.unit,mg/kg,,MISS,test_not_extracted,The whole results row is in the golden record but was not returned.,True
high-protein-paneer,test,tests.Abamectin.reference_range,0.01,,MISS,test_not_extracted,The whole results row is in the golden record but was not returned.,True
high-protein-paneer,test,tests.Flupyradifurone.result,Not Detected,,MISS,test_not_extracted,The whole results row is in the golden record but was not returned.,True
high-protein-paneer,test,tests.Flupyradifurone.unit,mg/kg,,MISS,test_not_extracted,The whole results row is in the golden record but was not returned.,True
high-protein-paneer,test,tests.Flupyradifurone.reference_range,0.01,,MISS,test_not_extracted,The whole results row is in the golden record but was not returned.,True
high-protein-paneer,test,tests.Sulfoxaflor.result,Not Detected,,MISS,test_not_extracted,The whole results row is in the golden record but was not returned.,True
high-protein-paneer,test,tests.Sulfoxaflor.unit,mg/kg,,MISS,test_not_extracted,The whole results row is in the golden record but was not returned.,True
high-protein-paneer,test,tests.Sulfoxaflor.reference_range,0.01,,MISS,test_not_extracted,The whole results row is in the golden record but was not returned.,True
high-protein-paneer,test,tests.Hydrogen Cyanamide.result,Not Detected,,MISS,test_not_extracted,The whole results row is in the golden record but was not returned.,True
high-protein-paneer,test,tests.Hydrogen Cyanamide.unit,mg/kg,,MISS,test_not_extracted,The whole results row is in the golden record but was not returned.,True
high-protein-paneer,test,tests.Hydrogen Cyanamide.reference_range,0.01,,MISS,test_not_extracted,The whole results row is in the golden record but was not returned.,True
high-protein-paneer,test,tests.Paraquat dichloride.result,Not Detected,,MISS,test_not_extracted,The whole results row is in the golden record but was not returned.,True
high-protein-paneer,test,tests.Paraquat dichloride.unit,mg/kg,,MISS,test_not_extracted,The whole results row is in the golden record but was not returned.,True
high-protein-paneer,test,tests.Paraquat dichloride.reference_range,0.01,,MISS,test_not_extracted,The whole results row is in the golden record but was not returned.,True
high-protein-paneer,test,"tests.Aldicarb (Sum of aldicarb, sulphone & Sulphoxide).result",Not Detected,,MISS,test_not_extracted,The whole results row is in the golden record but was not returned.,True
high-protein-paneer,test,"tests.Aldicarb (Sum of aldicarb, sulphone & Sulphoxide).unit",mg/kg,,MISS,test_not_extracted,The whole results row is in the golden record but was not returned.,True
high-protein-paneer,test,"tests.Aldicarb (Sum of aldicarb, sulphone & Sulphoxide).reference_range",0.1,,MISS,test_not_extracted,The whole results row is in the golden record but was not returned.,True
high-protein-paneer,test,tests.Captafol.result,Not Detected,,MISS,test_not_extracted,The whole results row is in the golden record but was not returned.,True
high-protein-paneer,test,tests.Captafol.unit,mg/kg,,MISS,test_not_extracted,The whole results row is in the golden record but was not returned.,True
high-protein-paneer,test,tests.Captafol.reference_range,0.1,,MISS,test_not_extracted,The whole results row is in the golden record but was not returned.,True
high-protein-paneer,test,tests.Ferbam.result,Not Detected,,MISS,test_not_extracted,The whole results row is in the golden record but was not returned.,True
high-protein-paneer,test,tests.Ferbam.unit,mg/kg,,MISS,test_not_extracted,The whole results row is in the golden record but was not returned.,True
high-protein-paneer,test,tests.Ferbam.reference_range,0.1,,MISS,test_not_extracted,The whole results row is in the golden record but was not returned.,True
high-protein-paneer,test,tests.Ethyl parathion.result,Not Detected,,MISS,test_not_extracted,The whole results row is in the golden record but was not returned.,True
high-protein-paneer,test,tests.Ethyl parathion.unit,mg/kg,,MISS,test_not_extracted,The whole results row is in the golden record but was not returned.,True
high-protein-paneer,test,tests.Ethyl parathion.reference_range,0.01,,MISS,test_not_extracted,The whole results row is in the golden record but was not returned.,True
high-protein-paneer,test,tests.Endrin.result,Not Detected,,MISS,test_not_extracted,The whole results row is in the golden record but was not returned.,True
high-protein-paneer,test,tests.Endrin.unit,µg/kg,,MISS,test_not_extracted,The whole results row is in the golden record but was not returned.,True
high-protein-paneer,test,tests.Endrin.reference_range,0.01,,MISS,test_not_extracted,The whole results row is in the golden record but was not returned.,True
hp-lab-report,field,document_title,Test Report,,MISS,not_extracted,The value is in the golden record but the system returned nothing for it.,True
hp-lab-report,field,lab_name,SGS India Pvt. Ltd.,,MISS,not_extracted,The value is in the golden record but the system returned nothing for it.,True
hp-lab-report,field,lab_address,"Multi Laboratory, 28 B/1 (SP), 28 B/2 (SP), IInd Main Road, Ambattur Industrial Estate, Chennai - 600 058",,MISS,not_extracted,The value is in the golden record but the system returned nothing for it.,True
hp-lab-report,field,lab_phone,91-44-66081600,,MISS,not_extracted,The value is in the golden record but the system returned nothing for it.,True
hp-lab-report,field,lab_group,Member of the SGS Group (SGS SA),,MISS,not_extracted,The value is in the golden record but the system returned nothing for it.,True
hp-lab-report,field,lab_accreditation_no,TC-5006,,MISS,not_extracted,The value is in the golden record but the system returned nothing for it.,True
hp-lab-report,field,sample_report_no,CG25-010252.001-A-R01,,MISS,not_extracted,The value is in the golden record but the system returned nothing for it.,True
hp-lab-report,field,issue_date,09/04/2025,,MISS,not_extracted,The value is in the golden record but the system returned nothing for it.,True
hp-lab-report,field,ulr_no,TC500625000014078F,,MISS,not_extracted,The value is in the golden record but the system returned nothing for it.,True
hp-lab-report,field,report_control_no,CGR0001936221,,MISS,not_extracted,The value is in the golden record but the system returned nothing for it.,True
hp-lab-report,field,joe_no,CG25-010252,,MISS,not_extracted,The value is in the golden record but the system returned nothing for it.,True
hp-lab-report,field,test_scope,NABL Accredited Tests,,MISS,not_extracted,The value is in the golden record but the system returned nothing for it.,True
hp-lab-report,field,client_name,P9 Farms Pvt Ltd,,MISS,not_extracted,The value is in the golden record but the system returned nothing for it.,True
hp-lab-report,field,client_address,"No-S-23, Parvati Industrial Estate
Pune Satara Road, Parvati",,MISS,not_extracted,The value is in the golden record but the system returned nothing for it.,True
hp-lab-report,field,postal_code,411009,,MISS,not_extracted,The value is in the golden record but the system returned nothing for it.,True
hp-lab-report,field,state,Maharashtra,,MISS,not_extracted,The value is in the golden record but the system returned nothing for it.,True
hp-lab-report,field,country,INDIA,,MISS,not_extracted,The value is in the golden record but the system returned nothing for it.,True
hp-lab-report,field,sample_name,HIGH PROTEIN MILK,,MISS,not_extracted,The value is in the golden record but the system returned nothing for it.,True
hp-lab-report,field,sample_qty_recd,1L,,MISS,not_extracted,The value is in the golden record but the system returned nothing for it.,True
hp-lab-report,field,batch_no,23/03/2025,,MISS,not_extracted,The value is in the golden record but the system returned nothing for it.,True
hp-lab-report,field,mfg_date,23/03/2025,,MISS,not_extracted,The value is in the golden record but the system returned nothing for it.,True
hp-lab-report,field,exp_date,25/03/2025,,MISS,not_extracted,The value is in the golden record but the system returned nothing for it.,True
hp-lab-report,field,mark_on_sample,HPM.B.NO,,MISS,not_extracted,The value is in the golden record but the system returned nothing for it.,True
hp-lab-report,field,sample_description,HIGH PROTEIN MILK,,MISS,not_extracted,The value is in the golden record but the system returned nothing for it.,True
hp-lab-report,field,received_on,25/03/2025,,MISS,not_extracted,The value is in the golden record but the system returned nothing for it.,True
hp-lab-report,field,registered_on,25/03/2025,,MISS,not_extracted,The value is in the golden record but the system returned nothing for it.,True
hp-lab-report,field,test_start_end_date,25/03/2025 - 09/04/2025,,MISS,not_extracted,The value is in the golden record but the system returned nothing for it.,True
hp-lab-report,field,product_group,Food & Agricultural products,,MISS,not_extracted,The value is in the golden record but the system returned nothing for it.,True
hp-lab-report,field,signatory_company,Per pro SGS India Private Ltd,,MISS,not_extracted,The value is in the golden record but the system returned nothing for it.,True
hp-lab-report,field,signatory_name,V Dhanasekar,,MISS,not_extracted,The value is in the golden record but the system returned nothing for it.,True
hp-lab-report,field,designation,Section Incharge,,MISS,not_extracted,The value is in the golden record but the system returned nothing for it.,True
hp-lab-report,field,signatory_title,Authorized Signatory,,MISS,not_extracted,The value is in the golden record but the system returned nothing for it.,True
hp-lab-report,field,sample_drawing_note,SAMPLE NOT DRAWN BY SGS INDIA PVT. LTD.,,MISS,not_extracted,The value is in the golden record but the system returned nothing for it.,True
hp-lab-report,field,supersedes_note,This Report/Certificate cancels and supersedes the Report/Certificate No CG25-010252.001 dated  4/3/2025 (MM/DD/YYYY) issued by SGS India,,MISS,not_extracted,The value is in the golden record but the system returned nothing for it.,True
hp-lab-report,field,remarks,"BLQ: Below Limit of Quantification, LOQ: Limit of Quantification, Reason for amendment: re-issue the report with the inclusion of the parameters viz. Calcium, Potassium, Phosphorus and Sodium and their results, as per the TRF",,MISS,not_extracted,The value is in the golden record but the system returned nothing for it.,True
hp-lab-report,field,end_of_report,****End of Report****,,MISS,not_extracted,The value is in the golden record but the system returned nothing for it.,True
hp-lab-report,field,general_conditions_note,"“This document is issued by the Company subject to its General Conditions of Service printed overleaf, available on request or accessible at http://www.sgsgroup.in/Service-Terms and, for electronic format documents, subject to Terms and Conditions for Electronic Documents at www.sgs.com/terms_e-document.htm. Attention is drawn to the limitation of liability, indemnification and jurisdiction issues defined therein. Any holder of this document is advised that information contained hereon reflects the Company’s findings at the time of its intervention only and within the limits of Client’s instructions, if any. The Company’s sole responsibility is to its Client and this document does not exonerate parties to a transaction from exercising all their rights and obligations under the transaction documents. This document cannot be reproduced except in full, without prior written approval of the Company. Any unauthorized alteration, forgery or falsification of the content or appearance of this document is unlawful and offenders may be prosecuted to the fullest extent of the law. The laboratory shall be responsible for all the information provided in the report, except when information and instruction for specific scope of testing is provided by the customer.”
Unless otherwise stated the results shown in this test report refer only to the sample(s) tested and such sample(s) are retained for 07 days (in case of perishable items) and 30 days for all other samples from the date of issue of report. The samples from the regulatory bodies are to be retained as specified.
Statement of conformity, wherever required or provided, is based on comparison of measurement result(s) with the applicable limit(s) according to the specification in the respective standard or as shared by the customer. Measurement Uncertainty is not taken into account unless otherwise requested in writing.",,MISS,not_extracted,The value is in the golden record but the system returned nothing for it.,True
hp-lab-report,field,feedback_link,https://sgssurveys.qualtrics.com/jfe/form/SV_eP7WY1kg3NyF4vI,,MISS,not_extracted,The value is in the golden record but the system returned nothing for it.,True
hp-lab-report,field,lab_tagline,Your Testing & Auditing Partner,,MISS,not_extracted,The value is in the golden record but the system returned nothing for it.,True
hp-lab-report,field,testing_lab_address,"Equinox Center, R65, TTC, Rabale, Navi Mumbai, Maharashtra 400701",,MISS,not_extracted,The value is in the golden record but the system returned nothing for it.,True
hp-lab-report,field,registered_office,"Equinox Center, R65, TTC, Rabale, Navi Mumbai, Maharashtra - 400701",,MISS,not_extracted,The value is in the golden record but the system returned nothing for it.,True
hp-lab-report,field,laboratories_at,"Mumbai, Bengaluru, Hyderabad, Noida & Chennai",,MISS,not_extracted,The value is in the golden record but the system returned nothing for it.,True
hp-lab-report,field,cin_no,U74999MH2017PTC297024,,MISS,not_extracted,The value is in the golden record but the system returned nothing for it.,True
hp-lab-report,field,udyam,UDYAM-MH-19-0195063,,MISS,not_extracted,The value is in the golden record but the system returned nothing for it.,True
hp-lab-report,field,lab_email,info@equinoxlab.com,,MISS,not_extracted,The value is in the golden record but the system returned nothing for it.,True
hp-lab-report,field,lab_website,www.equinoxlab.com,,MISS,not_extracted,The value is in the golden record but the system returned nothing for it.,True
hp-lab-report,field,nabl_scope,NABL Scope,,MISS,not_extracted,The value is in the golden record but the system returned nothing for it.,True
hp-lab-report,field,ulr,ULR-TC682024000092452F,,MISS,not_extracted,The value is in the golden record but the system returned nothing for it.,True
hp-lab-report,field,report_issue_date,19-Dec-2024,,MISS,not_extracted,The value is in the golden record but the system returned nothing for it.,True
hp-lab-report,field,reference_number,001:FT:24:12:02709 R,,MISS,not_extracted,The value is in the golden record but the system returned nothing for it.,True
hp-lab-report,field,report_number,EQNX:001:FT:24:12:02709/A R,,MISS,not_extracted,The value is in the golden record but the system returned nothing for it.,True
hp-lab-report,field,discipline,Chemical,,MISS,not_extracted,The value is in the golden record but the system returned nothing for it.,True
hp-lab-report,field,group,Food and Agricultural Products,,MISS,not_extracted,The value is in the golden record but the system returned nothing for it.,True
hp-lab-report,field,address,"Araneshwar Corner, Next to jai bhavani hotel Pune-satara road, Near Rao nursing home,Pune,Maharashtra,India,411037",,MISS,not_extracted,The value is in the golden record but the system returned nothing for it.,True
hp-lab-report,field,contact_person,Somnath,,MISS,not_extracted,The value is in the golden record but the system returned nothing for it.,True
hp-lab-report,field,sample_sub_group,Milk and Dairy Products,,MISS,not_extracted,The value is in the golden record but the system returned nothing for it.,True
hp-lab-report,field,sample_collected_by,Client,,MISS,not_extracted,The value is in the golden record but the system returned nothing for it.,True
hp-lab-report,field,quantity_and_condition,Approx 150ml of sample in a client packaging is intact without any leaks or breaks.,,MISS,not_extracted,The value is in the golden record but the system returned nothing for it.,True
hp-lab-report,field,date_of_receipt,07-Dec-2024,,MISS,not_extracted,The value is in the golden record but the system returned nothing for it.,True
hp-lab-report,field,start_date_of_analysis,07-Dec-2024,,MISS,not_extracted,The value is in the golden record but the system returned nothing for it.,True
hp-lab-report,field,end_date_of_analysis,17-Dec-2024,,MISS,not_extracted,The value is in the golden record but the system returned nothing for it.,True
hp-lab-report,field,role,(Authorised Signatory),,MISS,not_extracted,The value is in the golden record but the system returned nothing for it.,True
hp-lab-report,field,note,"This Report is Valid for the tested sample only
Test report shall not be reproduced except in full & with written approval of Equinox Labs Private Limited.
This report should not be used for advertisement / judicial purpose.
The samples has been provided by the customer and results applied to the sample as received by the lab.
The information provided by customer can affect the validity of results",,MISS,not_extracted,The value is in the golden record but the system returned nothing for it.,True
hp-lab-report,field,issued_in_lieu_note,This report is issued in lieu of the report number EQNX:001:FT:24:12:02709 dated 16-Dec-2024,,MISS,not_extracted,The value is in the golden record but the system returned nothing for it.,True
hp-lab-report,field,reason,changes in values,,MISS,not_extracted,The value is in the golden record but the system returned nothing for it.,True
hp-lab-report,test,tests.Crude protein.result,10.74,,MISS,test_not_extracted,The whole results row is in the golden record but was not returned.,True
hp-lab-report,test,tests.Crude protein.unit,g/100 g,,MISS,test_not_extracted,The whole results row is in the golden record but was not returned.,True
hp-lab-report,test,tests.Total Solids.result,15.80,,MISS,test_not_extracted,The whole results row is in the golden record but was not returned.,True
hp-lab-report,test,tests.Total Solids.unit,g/100ml,,MISS,test_not_extracted,The whole results row is in the golden record but was not returned.,True
hp-lab-report,test,tests.Aspartic acid.result,0.76,,MISS,test_not_extracted,The whole results row is in the golden record but was not returned.,True
hp-lab-report,test,tests.Aspartic acid.unit,g/100 g,,MISS,test_not_extracted,The whole results row is in the golden record but was not returned.,True
hp-lab-report,test,tests.Serine.result,0.53,,MISS,test_not_extracted,The whole results row is in the golden record but was not returned.,True
hp-lab-report,test,tests.Serine.unit,g/100 g,,MISS,test_not_extracted,The whole results row is in the golden record but was not returned.,True
hp-lab-report,test,tests.Glutamic acid.result,2.56,,MISS,test_not_extracted,The whole results row is in the golden record but was not returned.,True
hp-lab-report,test,tests.Glutamic acid.unit,g/100 g,,MISS,test_not_extracted,The whole results row is in the golden record but was not returned.,True
hp-lab-report,test,tests.Glycine.result,0.13,,MISS,test_not_extracted,The whole results row is in the golden record but was not returned.,True
hp-lab-report,test,tests.Glycine.unit,g/100 g,,MISS,test_not_extracted,The whole results row is in the golden record but was not returned.,True
hp-lab-report,test,tests.Histidine.result,0.32,,MISS,test_not_extracted,The whole results row is in the golden record but was not returned.,True
hp-lab-report,test,tests.Histidine.unit,g/100 g,,MISS,test_not_extracted,The whole results row is in the golden record but was not returned.,True
hp-lab-report,test,tests.Arginine.result,0.36,,MISS,test_not_extracted,The whole results row is in the golden record but was not returned.,True
hp-lab-report,test,tests.Arginine.unit,g/100 g,,MISS,test_not_extracted,The whole results row is in the golden record but was not returned.,True
hp-lab-report,test,tests.Threonine.result,0.45,,MISS,test_not_extracted,The whole results row is in the golden record but was not returned.,True
hp-lab-report,test,tests.Threonine.unit,g/100 g,,MISS,test_not_extracted,The whole results row is in the golden record but was not returned.,True
hp-lab-report,test,tests.Alanine.result,0.33,,MISS,test_not_extracted,The whole results row is in the golden record but was not returned.,True
hp-lab-report,test,tests.Alanine.unit,g/100 g,,MISS,test_not_extracted,The whole results row is in the golden record but was not returned.,True
hp-lab-report,test,tests.Proline.result,0.95,,MISS,test_not_extracted,The whole results row is in the golden record but was not returned.,True
hp-lab-report,test,tests.Proline.unit,g/100 g,,MISS,test_not_extracted,The whole results row is in the golden record but was not returned.,True
hp-lab-report,test,tests.Cystine.result,BLQ ( LOQ : 0.1),,MISS,test_not_extracted,The whole results row is in the golden record but was not returned.,True
hp-lab-report,test,tests.Cystine.unit,g/100 g,,MISS,test_not_extracted,The whole results row is in the golden record but was not returned.,True
hp-lab-report,test,tests.Tyrosine.result,0.52,,MISS,test_not_extracted,The whole results row is in the golden record but was not returned.,True
hp-lab-report,test,tests.Tyrosine.unit,g/100 g,,MISS,test_not_extracted,The whole results row is in the golden record but was not returned.,True
hp-lab-report,test,tests.valine.result,0.61,,MISS,test_not_extracted,The whole results row is in the golden record but was not returned.,True
hp-lab-report,test,tests.valine.unit,g/100 g,,MISS,test_not_extracted,The whole results row is in the golden record but was not returned.,True
hp-lab-report,test,tests.Methionine.result,0.25,,MISS,test_not_extracted,The whole results row is in the golden record but was not returned.,True
hp-lab-report,test,tests.Methionine.unit,g/100 g,,MISS,test_not_extracted,The whole results row is in the golden record but was not returned.,True
hp-lab-report,test,tests.Lysine.result,0.86,,MISS,test_not_extracted,The whole results row is in the golden record but was not returned.,True
hp-lab-report,test,tests.Lysine.unit,g/100 g,,MISS,test_not_extracted,The whole results row is in the golden record but was not returned.,True
hp-lab-report,test,tests.Isoleucine.result,0.48,,MISS,test_not_extracted,The whole results row is in the golden record but was not returned.,True
hp-lab-report,test,tests.Isoleucine.unit,g/100 g,,MISS,test_not_extracted,The whole results row is in the golden record but was not returned.,True
hp-lab-report,test,tests.Leucine.result,0.97,,MISS,test_not_extracted,The whole results row is in the golden record but was not returned.,True
hp-lab-report,test,tests.Leucine.unit,g/100 g,,MISS,test_not_extracted,The whole results row is in the golden record but was not returned.,True
hp-lab-report,test,tests.Phenylalanine.result,0.48,,MISS,test_not_extracted,The whole results row is in the golden record but was not returned.,True
hp-lab-report,test,tests.Phenylalanine.unit,g/100 g,,MISS,test_not_extracted,The whole results row is in the golden record but was not returned.,True
hp-lab-report,test,tests.Tryptophan.result,0.12,,MISS,test_not_extracted,The whole results row is in the golden record but was not returned.,True
hp-lab-report,test,tests.Tryptophan.unit,g/100 g,,MISS,test_not_extracted,The whole results row is in the golden record but was not returned.,True
hp-lab-report,test,tests.Arsenic (as As).result,BLQ (LOQ : 0.05),,MISS,test_not_extracted,The whole results row is in the golden record but was not returned.,True
hp-lab-report,test,tests.Arsenic (as As).unit,mg/kg,,MISS,test_not_extracted,The whole results row is in the golden record but was not returned.,True
hp-lab-report,test,tests.Cadmium (as Cd).result,BLQ (LOQ : 0.01),,MISS,test_not_extracted,The whole results row is in the golden record but was not returned.,True
hp-lab-report,test,tests.Cadmium (as Cd).unit,mg/kg,,MISS,test_not_extracted,The whole results row is in the golden record but was not returned.,True
hp-lab-report,test,tests.Mercury (as Hg).result,BLQ (LOQ : 0.01),,MISS,test_not_extracted,The whole results row is in the golden record but was not returned.,True
hp-lab-report,test,tests.Mercury (as Hg).unit,mg/kg,,MISS,test_not_extracted,The whole results row is in the golden record but was not returned.,True
hp-lab-report,test,tests.Lead (as Pb).result,BLQ (LOQ : 0.03),,MISS,test_not_extracted,The whole results row is in the golden record but was not returned.,True
hp-lab-report,test,tests.Lead (as Pb).unit,mg/kg,,MISS,test_not_extracted,The whole results row is in the golden record but was not returned.,True
hp-lab-report,test,tests.Copper (as Cu).result,BLQ (LOQ : 0.5),,MISS,test_not_extracted,The whole results row is in the golden record but was not returned.,True
hp-lab-report,test,tests.Copper (as Cu).unit,mg/kg,,MISS,test_not_extracted,The whole results row is in the golden record but was not returned.,True
hp-lab-report,test,tests.Tin (as Sn).result,BLQ( LOQ : 0.1),,MISS,test_not_extracted,The whole results row is in the golden record but was not returned.,True
hp-lab-report,test,tests.Tin (as Sn).unit,mg/kg,,MISS,test_not_extracted,The whole results row is in the golden record but was not returned.,True
hp-lab-report,test,tests.Protein (Dry basis).result,67.86,,MISS,test_not_extracted,The whole results row is in the golden record but was not returned.,True
hp-lab-report,test,tests.Protein (Dry basis).unit,g/100 g,,MISS,test_not_extracted,The whole results row is in the golden record but was not returned.,True
hp-lab-report,test,tests.Total Carbohydrates (by difference).result,2.59,,MISS,test_not_extracted,The whole results row is in the golden record but was not returned.,True
hp-lab-report,test,tests.Total Carbohydrates (by difference).unit,g/100 g,,MISS,test_not_extracted,The whole results row is in the golden record but was not returned.,True
hp-lab-report,test,tests.Energy.result,64.1,,MISS,test_not_extracted,The whole results row is in the golden record but was not returned.,True
hp-lab-report,test,tests.Energy.unit,kcal/100g,,MISS,test_not_extracted,The whole results row is in the golden record but was not returned.,True
hp-lab-report,test,tests.Fructose.result,BLQ (LOQ:0.25),,MISS,test_not_extracted,The whole results row is in the golden record but was not returned.,True
hp-lab-report,test,tests.Fructose.unit,g/100 g,,MISS,test_not_extracted,The whole results row is in the golden record but was not returned.,True
hp-lab-report,test,tests.Glucose.result,1.052,,MISS,test_not_extracted,The whole results row is in the golden record but was not returned.,True
hp-lab-report,test,tests.Glucose.unit,g/100ml,,MISS,test_not_extracted,The whole results row is in the golden record but was not returned.,True
hp-lab-report,test,tests.Sucrose.result,BLQ (LOQ:0.25),,MISS,test_not_extracted,The whole results row is in the golden record but was not returned.,True
hp-lab-report,test,tests.Sucrose.unit,g/100 g,,MISS,test_not_extracted,The whole results row is in the golden record but was not returned.,True
hp-lab-report,test,tests.Maltose.result,BLQ (LOQ:0.25),,MISS,test_not_extracted,The whole results row is in the golden record but was not returned.,True
hp-lab-report,test,tests.Maltose.unit,g/100 g,,MISS,test_not_extracted,The whole results row is in the golden record but was not returned.,True
hp-lab-report,test,tests.Lactose.result,0.471,,MISS,test_not_extracted,The whole results row is in the golden record but was not returned.,True
hp-lab-report,test,tests.Lactose.unit,g/100ml,,MISS,test_not_extracted,The whole results row is in the golden record but was not returned.,True
hp-lab-report,test,tests.Total Sugar.result,BLQ(LOQ : 0.25),,MISS,test_not_extracted,The whole results row is in the golden record but was not returned.,True
hp-lab-report,test,tests.Total Sugar.unit,g/100 g,,MISS,test_not_extracted,The whole results row is in the golden record but was not returned.,True
hp-lab-report,test,tests.Total amino acids.result,10.68,,MISS,test_not_extracted,The whole results row is in the golden record but was not returned.,True
hp-lab-report,test,tests.Total amino acids.unit,g/100 g,,MISS,test_not_extracted,The whole results row is in the golden record but was not returned.,True
hp-lab-report,test,tests.Total amino acids (as is basis).result,10.68,,MISS,test_not_extracted,The whole results row is in the golden record but was not returned.,True
hp-lab-report,test,tests.Total amino acids (as is basis).unit,g/100 g,,MISS,test_not_extracted,The whole results row is in the golden record but was not returned.,True
hp-lab-report,test,tests.Total amino acids (on dry basis).result,67.51,,MISS,test_not_extracted,The whole results row is in the golden record but was not returned.,True
hp-lab-report,test,tests.Total amino acids (on dry basis).unit,g/100 g,,MISS,test_not_extracted,The whole results row is in the golden record but was not returned.,True
hp-lab-report,test,tests.Calcium (as Ca).result,3363,,MISS,test_not_extracted,The whole results row is in the golden record but was not returned.,True
hp-lab-report,test,tests.Calcium (as Ca).unit,mg/kg,,MISS,test_not_extracted,The whole results row is in the golden record but was not returned.,True
hp-lab-report,test,tests.Phosphorous (as P).result,2192,,MISS,test_not_extracted,The whole results row is in the golden record but was not returned.,True
hp-lab-report,test,tests.Phosphorous (as P).unit,mg/kg,,MISS,test_not_extracted,The whole results row is in the golden record but was not returned.,True
hp-lab-report,test,tests.Sodium (as Na).result,492,,MISS,test_not_extracted,The whole results row is in the golden record but was not returned.,True
hp-lab-report,test,tests.Sodium (as Na).unit,mg/kg,,MISS,test_not_extracted,The whole results row is in the golden record but was not returned.,True
hp-lab-report,test,tests.Potassium (as K).result,1699,,MISS,test_not_extracted,The whole results row is in the golden record but was not returned.,True
hp-lab-report,test,tests.Potassium (as K).unit,mg/kg,,MISS,test_not_extracted,The whole results row is in the golden record but was not returned.,True
hp-lab-report,test,tests.Total Ash.result,0.13,,MISS,test_not_extracted,The whole results row is in the golden record but was not returned.,True
hp-lab-report,test,tests.Total Ash.unit,g/100ml,,MISS,test_not_extracted,The whole results row is in the golden record but was not returned.,True
hp-lab-report,test,tests.Total Fat.result,0.19,,MISS,test_not_extracted,The whole results row is in the golden record but was not returned.,True
hp-lab-report,test,tests.Total Fat.unit,g/100ml,,MISS,test_not_extracted,The whole results row is in the golden record but was not returned.,True
hp-lab-report,test,tests.Protein.result,11.92,,MISS,test_not_extracted,The whole results row is in the golden record but was not returned.,True
hp-lab-report,test,tests.Protein.unit,g/100ml,,MISS,test_not_extracted,The whole results row is in the golden record but was not returned.,True
hp-lab-report,test,tests.Sodium.result,30.40,,MISS,test_not_extracted,The whole results row is in the golden record but was not returned.,True
hp-lab-report,test,tests.Sodium.unit,mg/100ml,,MISS,test_not_extracted,The whole results row is in the golden record but was not returned.,True
hp-lab-report,test,tests.Calcium.result,320.95,,MISS,test_not_extracted,The whole results row is in the golden record but was not returned.,True
hp-lab-report,test,tests.Calcium.unit,mg/100ml,,MISS,test_not_extracted,The whole results row is in the golden record but was not returned.,True
Sages-And-Seas-Shilajit-Capsules-2024,field,document_title,ANALYTICAL REPORT,,MISS,not_extracted,The value is in the golden record but the system returned nothing for it.,True
Sages-And-Seas-Shilajit-Capsules-2024,field,lab_name,Eurofins Analytical Services India Private Limited,EurofinsAnalyticalServicesIndiaPrivateLimited,MISS,wrong_key,The system found the golden value but filed it under a different field name. The system called it 'organisation.laboratory_name'.,True
Sages-And-Seas-Shilajit-Capsules-2024,field,lab_address,"#540/1, Doddanakundi Industrial Area 2, Hoodi, Whitefield, Bengaluru 560048, Karnataka, India","#540/1,Doddanakundi IndustrialArea2,Hoodi,Whitefield,Bengaluru560048,Karnataka,India",HIT,correct,,True
Sages-And-Seas-Shilajit-Capsules-2024,field,lab_phone,+91 80 30982500,+918030982500,HIT,correct,,True
Sages-And-Seas-Shilajit-Capsules-2024,field,lab_fax,+91 80 41680405,+918041680405,MISS,wrong_key,The system found the golden value but filed it under a different field name. The system called it 'laboratory_fax'.,True
Sages-And-Seas-Shilajit-Capsules-2024,field,lab_email,enquiryeasi@eurofins.com,enquiryeasi@eurofins.com,MISS,wrong_key,The system found the golden value but filed it under a different field name. The system called it 'laboratory_email'.,True
Sages-And-Seas-Shilajit-Capsules-2024,field,lab_website,www.eurofins.in,www.eurofins.in,MISS,wrong_key,The system found the golden value but filed it under a different field name. The system called it 'laboratory_website'.,True
Sages-And-Seas-Shilajit-Capsules-2024,field,cin,U73100KA2009PTC049992,U73100KA2009PTC049992,HIT,correct,,True
Sages-And-Seas-Shilajit-Capsules-2024,field,client_name,Darjuv9 Enterprises Pvt. Ltd. - New delhi,Darjuv9 Enterprises Pvt. Ltd. - New delhi,HIT,correct,,True
Sages-And-Seas-Shilajit-Capsules-2024,field,client_address,"41, 35, West Punjabi Bagh, Punjabi Bagh, 110026New delhi.
INDIA","41, 35, West Punjabi Bagh, Punjabi Bagh, 110026New delhi. INDIA",HIT,correct,,True
Sages-And-Seas-Shilajit-Capsules-2024,field,contact_person,subhash kakade,subhash kakade,HIT,correct,,True
Sages-And-Seas-Shilajit-Capsules-2024,field,sample_code,258-2021-11002385,258-2021-11002385,HIT,correct,,True
Sages-And-Seas-Shilajit-Capsules-2024,field,sample_name,Shilajit Capsules,Shilajit Capsules,HIT,correct,,True
Sages-And-Seas-Shilajit-Capsules-2024,field,sample_reference,"Customer Provided details
Batch No : 6AP-512/01
Mfg : 08/2021
Exp : 07/2024",,MISS,not_extracted,The value is in the golden record but the system returned nothing for it.,True
Sages-And-Seas-Shilajit-Capsules-2024,field,sample_quantity,50no,50no,HIT,correct,,True
Sages-And-Seas-Shilajit-Capsules-2024,field,sample_packing,Trade Pack,Trade Pack,HIT,correct,,True
Sages-And-Seas-Shilajit-Capsules-2024,field,sampling,NOT SAMPLED BY EUROFINS,NOT SAMPLED BY EUROFINS,MISS,wrong_key,The system found the golden value but filed it under a different field name. The system called it 'sampling_method'.,True
Sages-And-Seas-Shilajit-Capsules-2024,field,condition_on_receipt,Good,Good,HIT,correct,,True
Sages-And-Seas-Shilajit-Capsules-2024,field,received_on,10.11.2021,10.11.2021,MISS,wrong_key,The system found the golden value but filed it under a different field name. The system called it 'received_date'.,True
Sages-And-Seas-Shilajit-Capsules-2024,field,batch_code,EUINBA-00107805,EUINBA-00107805,HIT,correct,,True
Sages-And-Seas-Shilajit-Capsules-2024,field,report_issue_date,18.11.2021,2021-11-18,HIT,correct,,True
Sages-And-Seas-Shilajit-Capsules-2024,field,report_code,AR-21-IR-101421-01,AR-21-IR-101421-01,HIT,correct,,True
Sages-And-Seas-Shilajit-Capsules-2024,field,analysed_between,10.11.2021 - 18.11.2021,10.11.2021 - 18.11.2021,MISS,wrong_key,The system found the golden value but filed it under a different field name. The system called it 'analysis_date_range'.,True
Sages-And-Seas-Shilajit-Capsules-2024,field,signatory_name,Ms Jyoti Sindhu,Ms Jyoti Sindhu,MISS,wrong_key,The system found the golden value but filed it under a different field name. The system called it 'reviewed_by_name'.,True
Sages-And-Seas-Shilajit-Capsules-2024,field,signatory_title,Assistant Director- Lab,Assistant Director- Lab,MISS,wrong_key,The system found the golden value but filed it under a different field name. The system called it 'reviewed_by_title'.,True
Sages-And-Seas-Shilajit-Capsules-2024,field,testing_org_note,"The tests identified by the two letters code IR are performed by Eurofins Analytical Services India (Bangalore), INDIA.",,MISS,not_extracted,The value is in the golden record but the system returned nothing for it.,True
Sages-And-Seas-Shilajit-Capsules-2024,field,loq_note,LOQ = Limit of Quantification,,MISS,not_extracted,The value is in the golden record but the system returned nothing for it.,True
Sages-And-Seas-Shilajit-Capsules-2024,field,end_of_report,************* END OF REPORT **************,,MISS,not_extracted,The value is in the golden record but the system returned nothing for it.,True
Sages-And-Seas-Shilajit-Capsules-2024,field,footer,"The results may not be reproduced except in full, without a written approval of the laboratory. The results relate only to the sample analysed.",,MISS,not_extracted,The value is in the golden record but the system returned nothing for it.,True
Sages-And-Seas-Shilajit-Capsules-2024,field,batch_number,,6AP-512/01,MISS,unlabelled_extra,The system returned a field the golden record has no entry for — often a correct reading the label set does not cover. Excluded from gold-covered metrics.,False
Sages-And-Seas-Shilajit-Capsules-2024,field,manufacturing_date,,08/2021,MISS,unlabelled_extra,The system returned a field the golden record has no entry for — often a correct reading the label set does not cover. Excluded from gold-covered metrics.,False
Sages-And-Seas-Shilajit-Capsules-2024,test,tests.Fulvic acid.result,65.44,65.44,HIT,correct,,True
Sages-And-Seas-Shilajit-Capsules-2024,test,tests.Fulvic acid.unit,g/100 g,g/100 g,HIT,correct,,True
Sample-Smart-Report-Clinics,field,document_title,Health Report,,MISS,not_extracted,The value is in the golden record but the system returned nothing for it.,True
Sample-Smart-Report-Clinics,field,program,Apollo ProHealth,,MISS,not_extracted,The value is in the golden record but the system returned nothing for it.,True
Sample-Smart-Report-Clinics,field,program_tagline,India's first AI- powered health management program,,MISS,not_extracted,The value is in the golden record but the system returned nothing for it.,True
Sample-Smart-Report-Clinics,field,lab_name,Apollo Clinic,,MISS,not_extracted,The value is in the golden record but the system returned nothing for it.,True
Sample-Smart-Report-Clinics,field,lab_tagline,Expertise. Closer to you.,,MISS,not_extracted,The value is in the golden record but the system returned nothing for it.,True
Sample-Smart-Report-Clinics,field,lab_address,"#1, Near Mc.Donalds, Prakasam Salai, Valasaravakkam, Chennai, Tamil Nadu, India - 600087",,MISS,not_extracted,The value is in the golden record but the system returned nothing for it.,True
Sample-Smart-Report-Clinics,field,lab_phone,1860 500 7788,,MISS,not_extracted,The value is in the golden record but the system returned nothing for it.,True
Sample-Smart-Report-Clinics,field,lab_email,kothandaram.rj@apolloclinic.com,,MISS,not_extracted,The value is in the golden record but the system returned nothing for it.,True
Sample-Smart-Report-Clinics,field,purpose_of_visit,Routine Health Check,,MISS,not_extracted,The value is in the golden record but the system returned nothing for it.,True
Sample-Smart-Report-Clinics,field,sample_collected_on,17-02-2024,,MISS,not_extracted,The value is in the golden record but the system returned nothing for it.,True
Sample-Smart-Report-Clinics,field,salutation,Dear,,MISS,not_extracted,The value is in the golden record but the system returned nothing for it.,True
Sample-Smart-Report-Clinics,field,body,"Thank you for choosing Apollo ProHealth, India's first AI-powered health management program, curated to help you make positive health shifts. Being healthy is about making smart choices, and you have taken the first step with this program. We are privileged to be your healthcare partner. Your health is our priority.

We are with you on your path to wellness by:

Predicting your risk: Artificial Intelligence-powered predictive risk scores are generated, based on your personal, medical, and family history and detailed multi-organ evaluation of your body through diagnostic and imaging tests.

Preventing onset or progress of chronic lifestyle diseases: Your Health Mentor is available to help you understand your physician’s recommendations and helping you handle any concerns (complimentary service up to one year)

Overcoming barriers to your wellbeing: Your Health Mentor will help you set your health goals and guide you with tips to stay on track. We will also, digitally remind you to proactively prioritize your health.

Through this report, you will be able to understand your overall health status, your health goals and the recommendations for your path to wellness. Your Health Report will include the following:
Your medical history and physical examination reports
Results from your diagnostic and imaging tests
AI powered health risk scores
Your physician's impression and recommendations regarding your overall health
Your personalized path to wellness, including your follow-up assessments

We have reviewed the results of the tests and have identified some areas for you to act on. We believe that with focus and targeted interventions, you can be healthier and happier.

You can visit your ProHealth physician in person at this center.

Stay Healthy and happy!
Apollo ProHealth Care team",,MISS,not_extracted,The value is in the golden record but the system returned nothing for it.,True
Sample-Smart-Report-Clinics,field,legend,Normal; Needs Attention; Requires Action,,MISS,not_extracted,The value is in the golden record but the system returned nothing for it.,True
Sample-Smart-Report-Clinics,field,system,Blood,,MISS,not_extracted,The value is in the golden record but the system returned nothing for it.,True
Sample-Smart-Report-Clinics,field,normal_parameters,13 Parameters,,MISS,not_extracted,The value is in the golden record but the system returned nothing for it.,True
Sample-Smart-Report-Clinics,field,requires_action_parameters,1 Parameters,,MISS,not_extracted,The value is in the golden record but the system returned nothing for it.,True
Sample-Smart-Report-Clinics,field,test_name,PCV,,MISS,not_extracted,The value is in the golden record but the system returned nothing for it.,True
Sample-Smart-Report-Clinics,field,description,"PCV or hematocrit means the portion of RBCs in a certain amount of whole blood. A low hematocrit may indicate blood loss, iron deficiency or other disorders. If hematocrit is higher than normal, causative factors may include dehydration or other chronic conditions.",,MISS,not_extracted,The value is in the golden record but the system returned nothing for it.,True
Sample-Smart-Report-Clinics,field,result,35.90,,MISS,not_extracted,The value is in the golden record but the system returned nothing for it.,True
Sample-Smart-Report-Clinics,field,unit,%,,MISS,not_extracted,The value is in the golden record but the system returned nothing for it.,True
Sample-Smart-Report-Clinics,field,flag,*,,MISS,not_extracted,The value is in the golden record but the system returned nothing for it.,True
Sample-Smart-Report-Clinics,field,reference_range,36 - 46 %,,MISS,not_extracted,The value is in the golden record but the system returned nothing for it.,True
Sample-Smart-Report-Clinics,field,panel_name,LIPID PROFILE,,MISS,not_extracted,The value is in the golden record but the system returned nothing for it.,True
Sample-Smart-Report-Clinics,field,note,Radiology reports are available separately for your reference if applicable,,MISS,not_extracted,The value is in the golden record but the system returned nothing for it.,True
Sample-Smart-Report-Clinics,field,weight,69 Kgs,,MISS,not_extracted,The value is in the golden record but the system returned nothing for it.,True
Sample-Smart-Report-Clinics,field,height,157 Cms,,MISS,not_extracted,The value is in the golden record but the system returned nothing for it.,True
Sample-Smart-Report-Clinics,field,bmi,27.99,,MISS,not_extracted,The value is in the golden record but the system returned nothing for it.,True
Sample-Smart-Report-Clinics,field,pulse,85  BPM,,MISS,not_extracted,The value is in the golden record but the system returned nothing for it.,True
Sample-Smart-Report-Clinics,field,spo2,98  %,,MISS,not_extracted,The value is in the golden record but the system returned nothing for it.,True
Sample-Smart-Report-Clinics,field,temperature,97 °F,,MISS,not_extracted,The value is in the golden record but the system returned nothing for it.,True
Sample-Smart-Report-Clinics,field,pallor,No,,MISS,not_extracted,The value is in the golden record but the system returned nothing for it.,True
Sample-Smart-Report-Clinics,field,icterus,No,,MISS,not_extracted,The value is in the golden record but the system returned nothing for it.,True
Sample-Smart-Report-Clinics,field,cyanosis,No,,MISS,not_extracted,The value is in the golden record but the system returned nothing for it.,True
Sample-Smart-Report-Clinics,field,clubbing,No,,MISS,not_extracted,The value is in the golden record but the system returned nothing for it.,True
Sample-Smart-Report-Clinics,field,koilonychia,No,,MISS,not_extracted,The value is in the golden record but the system returned nothing for it.,True
Sample-Smart-Report-Clinics,field,edema,No,,MISS,not_extracted,The value is in the golden record but the system returned nothing for it.,True
Sample-Smart-Report-Clinics,field,systolic_bp_mm_of_hg,150,,MISS,not_extracted,The value is in the golden record but the system returned nothing for it.,True
Sample-Smart-Report-Clinics,field,diastolic_bp_mm_of_hg,80,,MISS,not_extracted,The value is in the golden record but the system returned nothing for it.,True
Sample-Smart-Report-Clinics,field,rate_of_respiration_per_minute,16,,MISS,not_extracted,The value is in the golden record but the system returned nothing for it.,True
Sample-Smart-Report-Clinics,field,impressions,PRE DIABETIC STAGE; HYPERTENSION; VITAMIN D DEFICIENCY; VITAMIN B12 DEFICIENCY; CERVICAL SPONDYLOSIS; BILATERAL CAROTID PLAQUES,,MISS,not_extracted,The value is in the golden record but the system returned nothing for it.,True
Sample-Smart-Report-Clinics,field,links,"x-ray chest pa; sono mamography - screening; ultrasound screening whole a...; ecg; complete blood count (cbc), gl...",,MISS,not_extracted,The value is in the golden record but the system returned nothing for it.,True
Sample-Smart-Report-Clinics,field,intro,"Based on current parameters, personal family history, AI enabled tools derive health risk scores to alert guest on his/her likely predisposition to a disease to aid early detection early medical intervention to mitigate the risk.",,MISS,not_extracted,The value is in the golden record but the system returned nothing for it.,True
Sample-Smart-Report-Clinics,field,score_name,AICVD Risk score,,MISS,not_extracted,The value is in the golden record but the system returned nothing for it.,True
Sample-Smart-Report-Clinics,field,risk_level,Low Risk,,MISS,not_extracted,The value is in the golden record but the system returned nothing for it.,True
Sample-Smart-Report-Clinics,field,report_name,Risk of Heart Disease,,MISS,not_extracted,The value is in the golden record but the system returned nothing for it.,True
Sample-Smart-Report-Clinics,field,your_score,4,,MISS,not_extracted,The value is in the golden record but the system returned nothing for it.,True
Sample-Smart-Report-Clinics,field,acceptable_score,7,,MISS,not_extracted,The value is in the golden record but the system returned nothing for it.,True
Sample-Smart-Report-Clinics,field,info,Your likelihood to Cardiovascular disease is with in acceptable range to other people of your age & gender in next 10 years,,MISS,not_extracted,The value is in the golden record but the system returned nothing for it.,True
Sample-Smart-Report-Clinics,field,footer,"1. This test only derives the risk score to alert the guest of his/her likely risk predisposition to a disease. It is not a diagnostic tool and does not guarantee the accuracy of the result and cannot be independently acted upon.
2. This risk score and clinical algorithm is a general guideline for physicians. Any additional laboratory investigations, diagnostic imaging, treatment, or patient education related to lifestyle management is under the physician's or cardiologist's discretion.
3. To ensure the information in the report is up to date, accurate, and correct, the doctor shall be consulted for interpretation of the report.
4. Apollo clinic and its staff do not offer any assurance on the information made available or be liable for any loss or damage as the said report is based on the AICVD cardiac risk score without any intervention from their side.
5. It is deemed that by providing consent to derive the risk score, the guest has done so at his/her own risk and further agrees with this disclaimer without any limitation to any clauses or sub-clauses.",,MISS,not_extracted,The value is in the golden record but the system returned nothing for it.,True
Sample-Smart-Report-Clinics,test,tests.TOTAL CHOLESTEROL.result,170,,MISS,test_not_extracted,The whole results row is in the golden record but was not returned.,True
Sample-Smart-Report-Clinics,test,tests.TOTAL CHOLESTEROL.unit,mg/dL,,MISS,test_not_extracted,The whole results row is in the golden record but was not returned.,True
Sample-Smart-Report-Clinics,test,tests.TOTAL CHOLESTEROL.reference_range,0  -  199.99 mg/dL,,MISS,test_not_extracted,The whole results row is in the golden record but was not returned.,True
Sample-Smart-Report-Clinics,test,tests.TRIGLYCERIDES.result,199 *,,MISS,test_not_extracted,The whole results row is in the golden record but was not returned.,True
Sample-Smart-Report-Clinics,test,tests.TRIGLYCERIDES.unit,mg/dL,,MISS,test_not_extracted,The whole results row is in the golden record but was not returned.,True
Sample-Smart-Report-Clinics,test,tests.TRIGLYCERIDES.reference_range,0  -  149.99 mg/dL,,MISS,test_not_extracted,The whole results row is in the golden record but was not returned.,True
Sample-Smart-Report-Clinics,test,tests.HDL CHOLESTEROL.result,43,,MISS,test_not_extracted,The whole results row is in the golden record but was not returned.,True
Sample-Smart-Report-Clinics,test,tests.HDL CHOLESTEROL.unit,mg/dL,,MISS,test_not_extracted,The whole results row is in the golden record but was not returned.,True
Sample-Smart-Report-Clinics,test,tests.HDL CHOLESTEROL.reference_range,40  -  60 mg/dL,,MISS,test_not_extracted,The whole results row is in the golden record but was not returned.,True
Sample-Smart-Report-Clinics,test,tests.NON-HDL CHOLESTEROL.result,127,,MISS,test_not_extracted,The whole results row is in the golden record but was not returned.,True
Sample-Smart-Report-Clinics,test,tests.NON-HDL CHOLESTEROL.unit,mg/dL,,MISS,test_not_extracted,The whole results row is in the golden record but was not returned.,True
Sample-Smart-Report-Clinics,test,tests.NON-HDL CHOLESTEROL.reference_range,0  -  130 mg/dL,,MISS,test_not_extracted,The whole results row is in the golden record but was not returned.,True
Sample-Smart-Report-Clinics,test,tests.LDL CHOLESTEROL.result,87.2,,MISS,test_not_extracted,The whole results row is in the golden record but was not returned.,True
Sample-Smart-Report-Clinics,test,tests.LDL CHOLESTEROL.unit,mg/dL,,MISS,test_not_extracted,The whole results row is in the golden record but was not returned.,True
Sample-Smart-Report-Clinics,test,tests.LDL CHOLESTEROL.reference_range,0  -  100 mg/dL,,MISS,test_not_extracted,The whole results row is in the golden record but was not returned.,True
Sample-Smart-Report-Clinics,test,tests.VLDL CHOLESTEROL.result,39.8 *,,MISS,test_not_extracted,The whole results row is in the golden record but was not returned.,True
Sample-Smart-Report-Clinics,test,tests.VLDL CHOLESTEROL.unit,mg/dL,,MISS,test_not_extracted,The whole results row is in the golden record but was not returned.,True
Sample-Smart-Report-Clinics,test,tests.VLDL CHOLESTEROL.reference_range,5  -  30 mg/dL,,MISS,test_not_extracted,The whole results row is in the golden record but was not returned.,True
Sample-Smart-Report-Clinics,test,tests.CHOL / HDL RATIO.result,3.95,,MISS,test_not_extracted,The whole results row is in the golden record but was not returned.,True
Sample-Smart-Report-Clinics,test,tests.CHOL / HDL RATIO.reference_range,0  -  4.97,,MISS,test_not_extracted,The whole results row is in the golden record but was not returned.,True
Sample-Smart-Report-Clinics,test,tests.VITAMIN B12.result,50 *,,MISS,test_not_extracted,The whole results row is in the golden record but was not returned.,True
Sample-Smart-Report-Clinics,test,tests.VITAMIN B12.unit,pg/mL,,MISS,test_not_extracted,The whole results row is in the golden record but was not returned.,True
Sample-Smart-Report-Clinics,test,tests.VITAMIN B12.reference_range,120  -  914 pg/mL,,MISS,test_not_extracted,The whole results row is in the golden record but was not returned.,True
Sample-Smart-Report-Clinics,test,"tests.TRI-IODOTHYRONINE (T3, TOTAL).result",0.83,,MISS,test_not_extracted,The whole results row is in the golden record but was not returned.,True
Sample-Smart-Report-Clinics,test,"tests.TRI-IODOTHYRONINE (T3, TOTAL).unit",ng/mL,,MISS,test_not_extracted,The whole results row is in the golden record but was not returned.,True
Sample-Smart-Report-Clinics,test,"tests.TRI-IODOTHYRONINE (T3, TOTAL).reference_range",0.7  -  2.04 ng/mL,,MISS,test_not_extracted,The whole results row is in the golden record but was not returned.,True
Sample-Smart-Report-Clinics,test,"tests.THYROXINE (T4, TOTAL).result",7.43,,MISS,test_not_extracted,The whole results row is in the golden record but was not returned.,True
Sample-Smart-Report-Clinics,test,"tests.THYROXINE (T4, TOTAL).unit",µg/dL,,MISS,test_not_extracted,The whole results row is in the golden record but was not returned.,True
Sample-Smart-Report-Clinics,test,"tests.THYROXINE (T4, TOTAL).reference_range",5.48  -  14.28 µg/dL,,MISS,test_not_extracted,The whole results row is in the golden record but was not returned.,True
Sample-Smart-Report-Clinics,test,tests.THYROID STIMULATING HORMONE (TSH).result,3.931,,MISS,test_not_extracted,The whole results row is in the golden record but was not returned.,True
Sample-Smart-Report-Clinics,test,tests.THYROID STIMULATING HORMONE (TSH).unit,µIU/mL,,MISS,test_not_extracted,The whole results row is in the golden record but was not returned.,True
Sample-Smart-Report-Clinics,test,tests.THYROID STIMULATING HORMONE (TSH).reference_range,0.34  -  5.6 µIU/mL,,MISS,test_not_extracted,The whole results row is in the golden record but was not returned.,True
Sample-Smart-Report-Clinics,test,tests.COLOUR.result,PALE YELLOW,,MISS,test_not_extracted,The whole results row is in the golden record but was not returned.,True
Sample-Smart-Report-Clinics,test,tests.TRANSPARENCY.result,CLEAR,,MISS,test_not_extracted,The whole results row is in the golden record but was not returned.,True
Sample-Smart-Report-Clinics,test,tests.URINE PROTEIN.result,NEGATIVE,,MISS,test_not_extracted,The whole results row is in the golden record but was not returned.,True
Sample-Smart-Report-Clinics,test,tests.GLUCOSE.result,NEGATIVE,,MISS,test_not_extracted,The whole results row is in the golden record but was not returned.,True
Sample-Smart-Report-Clinics,test,tests.URINE BILIRUBIN.result,NEGATIVE,,MISS,test_not_extracted,The whole results row is in the golden record but was not returned.,True
Sample-Smart-Report-Clinics,test,tests.URINE KETONES (RANDOM).result,NEGATIVE,,MISS,test_not_extracted,The whole results row is in the golden record but was not returned.,True
Sample-Smart-Report-Clinics,test,tests.UROBILINOGEN.result,NORMAL,,MISS,test_not_extracted,The whole results row is in the golden record but was not returned.,True
Sample-Smart-Report-Clinics,test,tests.BLOOD.result,NEGATIVE,,MISS,test_not_extracted,The whole results row is in the golden record but was not returned.,True
Sample-Smart-Report-Clinics,test,tests.NITRITE.result,NEGATIVE,,MISS,test_not_extracted,The whole results row is in the golden record but was not returned.,True
Sample-Smart-Report-Clinics,test,tests.LEUCOCYTE ESTERASE.result,NEGATIVE,,MISS,test_not_extracted,The whole results row is in the golden record but was not returned.,True
Sample-Smart-Report-Clinics,test,tests.PUS CELLS.result,1-3,,MISS,test_not_extracted,The whole results row is in the golden record but was not returned.,True
Sample-Smart-Report-Clinics,test,tests.PUS CELLS.unit,/hpf,,MISS,test_not_extracted,The whole results row is in the golden record but was not returned.,True
Sample-Smart-Report-Clinics,test,tests.EPITHELIAL CELLS.result,2-4,,MISS,test_not_extracted,The whole results row is in the golden record but was not returned.,True
Sample-Smart-Report-Clinics,test,tests.EPITHELIAL CELLS.unit,/hpf,,MISS,test_not_extracted,The whole results row is in the golden record but was not returned.,True
Sample-Smart-Report-Clinics,test,tests.RBC.result,NIL,,MISS,test_not_extracted,The whole results row is in the golden record but was not returned.,True
Sample-Smart-Report-Clinics,test,tests.RBC.unit,/hpf,,MISS,test_not_extracted,The whole results row is in the golden record but was not returned.,True
Sample-Smart-Report-Clinics,test,tests.CASTS.result,ABSENT,,MISS,test_not_extracted,The whole results row is in the golden record but was not returned.,True
Sample-Smart-Report-Clinics,test,tests.CRYSTALS.result,ABSENT,,MISS,test_not_extracted,The whole results row is in the golden record but was not returned.,True
Sample-Smart-Report-Clinics,test,tests.pH.result,5.5,,MISS,test_not_extracted,The whole results row is in the golden record but was not returned.,True
Sample-Smart-Report-Clinics,test,tests.pH.reference_range,5  -  7.5,,MISS,test_not_extracted,The whole results row is in the golden record but was not returned.,True
Sample-Smart-Report-Clinics,test,tests.SP. GRAVITY.result,1.025,,MISS,test_not_extracted,The whole results row is in the golden record but was not returned.,True
Sample-Smart-Report-Clinics,test,tests.SP. GRAVITY.reference_range,1.002  -  1.03,,MISS,test_not_extracted,The whole results row is in the golden record but was not returned.,True
Sample-Smart-Report-Clinics,test,tests.TOTAL LEUCOCYTE COUNT (TLC).result,"7,900",,MISS,test_not_extracted,The whole results row is in the golden record but was not returned.,True
Sample-Smart-Report-Clinics,test,tests.TOTAL LEUCOCYTE COUNT (TLC).unit,cells/cu.mm,,MISS,test_not_extracted,The whole results row is in the golden record but was not returned.,True
Sample-Smart-Report-Clinics,test,tests.CORRECTED TLC.result,"7,900",,MISS,test_not_extracted,The whole results row is in the golden record but was not returned.,True
Sample-Smart-Report-Clinics,test,tests.CORRECTED TLC.unit,Cells/cu.mm,,MISS,test_not_extracted,The whole results row is in the golden record but was not returned.,True
Sample-Smart-Report-Clinics,test,tests.HAEMOGLOBIN.result,12,,MISS,test_not_extracted,The whole results row is in the golden record but was not returned.,True
Sample-Smart-Report-Clinics,test,tests.HAEMOGLOBIN.unit,g/dL,,MISS,test_not_extracted,The whole results row is in the golden record but was not returned.,True
Sample-Smart-Report-Clinics,test,tests.HAEMOGLOBIN.reference_range,12  -  15 g/dL,,MISS,test_not_extracted,The whole results row is in the golden record but was not returned.,True
Sample-Smart-Report-Clinics,test,tests.PCV.result,35.90 *,,MISS,test_not_extracted,The whole results row is in the golden record but was not returned.,True
Sample-Smart-Report-Clinics,test,tests.PCV.unit,%,,MISS,test_not_extracted,The whole results row is in the golden record but was not returned.,True
Sample-Smart-Report-Clinics,test,tests.PCV.reference_range,36  -  46 %,,MISS,test_not_extracted,The whole results row is in the golden record but was not returned.,True
Sample-Smart-Report-Clinics,test,tests.RBC COUNT.result,4.07,,MISS,test_not_extracted,The whole results row is in the golden record but was not returned.,True
Sample-Smart-Report-Clinics,test,tests.RBC COUNT.unit,Million/cu.mm,,MISS,test_not_extracted,The whole results row is in the golden record but was not returned.,True
Sample-Smart-Report-Clinics,test,tests.RBC COUNT.reference_range,3.8  -  4.8 Million/cu.mm,,MISS,test_not_extracted,The whole results row is in the golden record but was not returned.,True
Sample-Smart-Report-Clinics,test,tests.MCV.result,88.4,,MISS,test_not_extracted,The whole results row is in the golden record but was not returned.,True
Sample-Smart-Report-Clinics,test,tests.MCV.unit,fL,,MISS,test_not_extracted,The whole results row is in the golden record but was not returned.,True
Sample-Smart-Report-Clinics,test,tests.MCV.reference_range,83  -  101 fL,,MISS,test_not_extracted,The whole results row is in the golden record but was not returned.,True
Sample-Smart-Report-Clinics,test,tests.MCH.result,29.5,,MISS,test_not_extracted,The whole results row is in the golden record but was not returned.,True
Sample-Smart-Report-Clinics,test,tests.MCH.unit,pg,,MISS,test_not_extracted,The whole results row is in the golden record but was not returned.,True
Sample-Smart-Report-Clinics,test,tests.MCH.reference_range,27  -  32 pg,,MISS,test_not_extracted,The whole results row is in the golden record but was not returned.,True
Sample-Smart-Report-Clinics,test,tests.MCHC.result,33.3,,MISS,test_not_extracted,The whole results row is in the golden record but was not returned.,True
Sample-Smart-Report-Clinics,test,tests.MCHC.unit,g/dL,,MISS,test_not_extracted,The whole results row is in the golden record but was not returned.,True
Sample-Smart-Report-Clinics,test,tests.MCHC.reference_range,31.5  -  34.5 g/dL,,MISS,test_not_extracted,The whole results row is in the golden record but was not returned.,True
Sample-Smart-Report-Clinics,test,tests.R.D.W.result,14.6 *,,MISS,test_not_extracted,The whole results row is in the golden record but was not returned.,True
Sample-Smart-Report-Clinics,test,tests.R.D.W.unit,%,,MISS,test_not_extracted,The whole results row is in the golden record but was not returned.,True
Sample-Smart-Report-Clinics,test,tests.R.D.W.reference_range,11.6  -  14 %,,MISS,test_not_extracted,The whole results row is in the golden record but was not returned.,True
Sample-Smart-Report-Clinics,test,tests.NEUTROPHILS.result,4882.2,,MISS,test_not_extracted,The whole results row is in the golden record but was not returned.,True
Sample-Smart-Report-Clinics,test,tests.NEUTROPHILS.unit,Cells/cu.mm,,MISS,test_not_extracted,The whole results row is in the golden record but was not returned.,True
Sample-Smart-Report-Clinics,test,tests.NEUTROPHILS.reference_range,2000  -  7000 Cells/cu.mm,,MISS,test_not_extracted,The whole results row is in the golden record but was not returned.,True
Sample-Smart-Report-Clinics,test,tests.LYMPHOCYTES.result,2275.2,,MISS,test_not_extracted,The whole results row is in the golden record but was not returned.,True
Sample-Smart-Report-Clinics,test,tests.LYMPHOCYTES.unit,Cells/cu.mm,,MISS,test_not_extracted,The whole results row is in the golden record but was not returned.,True
Sample-Smart-Report-Clinics,test,tests.LYMPHOCYTES.reference_range,1000  -  3000 Cells/cu.mm,,MISS,test_not_extracted,The whole results row is in the golden record but was not returned.,True
Sample-Smart-Report-Clinics,test,tests.EOSINOPHILS.result,244.9,,MISS,test_not_extracted,The whole results row is in the golden record but was not returned.,True
Sample-Smart-Report-Clinics,test,tests.EOSINOPHILS.unit,Cells/cu.mm,,MISS,test_not_extracted,The whole results row is in the golden record but was not returned.,True
Sample-Smart-Report-Clinics,test,tests.EOSINOPHILS.reference_range,20  -  500 Cells/cu.mm,,MISS,test_not_extracted,The whole results row is in the golden record but was not returned.,True
Sample-Smart-Report-Clinics,test,tests.MONOCYTES.result,442.4,,MISS,test_not_extracted,The whole results row is in the golden record but was not returned.,True
Sample-Smart-Report-Clinics,test,tests.MONOCYTES.unit,Cells/cu.mm,,MISS,test_not_extracted,The whole results row is in the golden record but was not returned.,True
Sample-Smart-Report-Clinics,test,tests.MONOCYTES.reference_range,200  -  1000 Cells/cu.mm,,MISS,test_not_extracted,The whole results row is in the golden record but was not returned.,True
Sample-Smart-Report-Clinics,test,tests.BASOPHILS.result,55.3,,MISS,test_not_extracted,The whole results row is in the golden record but was not returned.,True
Sample-Smart-Report-Clinics,test,tests.BASOPHILS.unit,Cells/cu.mm,,MISS,test_not_extracted,The whole results row is in the golden record but was not returned.,True
Sample-Smart-Report-Clinics,test,tests.BASOPHILS.reference_range,0  -  100 Cells/cu.mm,,MISS,test_not_extracted,The whole results row is in the golden record but was not returned.,True
Sample-Smart-Report-Clinics,test,tests.Neutrophil lymphocyte ratio (NLR).result,2.15,,MISS,test_not_extracted,The whole results row is in the golden record but was not returned.,True
Sample-Smart-Report-Clinics,test,tests.Neutrophil lymphocyte ratio (NLR).reference_range,0.78  -  3.53,,MISS,test_not_extracted,The whole results row is in the golden record but was not returned.,True
Sample-Smart-Report-Clinics,test,tests.PLATELET COUNT.result,249000,,MISS,test_not_extracted,The whole results row is in the golden record but was not returned.,True
Sample-Smart-Report-Clinics,test,tests.PLATELET COUNT.unit,cells/cu.mm,,MISS,test_not_extracted,The whole results row is in the golden record but was not returned.,True
Sample-Smart-Report-Clinics,test,tests.PLATELET COUNT.reference_range,150000  -  410000 cells/cu.mm,,MISS,test_not_extracted,The whole results row is in the golden record but was not returned.,True
Sample-Smart-Report-Clinics,test,"tests.GLUCOSE, POST PRANDIAL (PP), 2 HOURS.result",102,,MISS,test_not_extracted,The whole results row is in the golden record but was not returned.,True
Sample-Smart-Report-Clinics,test,"tests.GLUCOSE, POST PRANDIAL (PP), 2 HOURS.unit",mg/dL,,MISS,test_not_extracted,The whole results row is in the golden record but was not returned.,True
Sample-Smart-Report-Clinics,test,"tests.GLUCOSE, POST PRANDIAL (PP), 2 HOURS.reference_range",70  -  140 mg/dL,,MISS,test_not_extracted,The whole results row is in the golden record but was not returned.,True
Sample-Smart-Report-Clinics,test,tests.RHEUMATOID FACTOR (RA).result,NEGATIVE,,MISS,test_not_extracted,The whole results row is in the golden record but was not returned.,True
Sample-Smart-Report-Clinics,test,tests.VITAMIN D (25 - OH VITAMIN D).result,15.4 *,,MISS,test_not_extracted,The whole results row is in the golden record but was not returned.,True
Sample-Smart-Report-Clinics,test,tests.VITAMIN D (25 - OH VITAMIN D).unit,ng/mL,,MISS,test_not_extracted,The whole results row is in the golden record but was not returned.,True
Sample-Smart-Report-Clinics,test,tests.VITAMIN D (25 - OH VITAMIN D).reference_range,30  -  100 ng/mL,,MISS,test_not_extracted,The whole results row is in the golden record but was not returned.,True
Sample-Smart-Report-Clinics,test,"tests.GLUCOSE, FASTING.result",100,,MISS,test_not_extracted,The whole results row is in the golden record but was not returned.,True
Sample-Smart-Report-Clinics,test,"tests.GLUCOSE, FASTING.unit",mg/dL,,MISS,test_not_extracted,The whole results row is in the golden record but was not returned.,True
Sample-Smart-Report-Clinics,test,"tests.GLUCOSE, FASTING.reference_range",70  -  100 mg/dL,,MISS,test_not_extracted,The whole results row is in the golden record but was not returned.,True
Sample-Smart-Report-Clinics,test,"tests.HBA1C, GLYCATED HEMOGLOBIN.result",6.2 *,,MISS,test_not_extracted,The whole results row is in the golden record but was not returned.,True
Sample-Smart-Report-Clinics,test,"tests.HBA1C, GLYCATED HEMOGLOBIN.unit",%,,MISS,test_not_extracted,The whole results row is in the golden record but was not returned.,True
Sample-Smart-Report-Clinics,test,"tests.HBA1C, GLYCATED HEMOGLOBIN.reference_range",0  -  0 %,,MISS,test_not_extracted,The whole results row is in the golden record but was not returned.,True
Sample-Smart-Report-Clinics,test,tests.ESTIMATED AVERAGE GLUCOSE (eAG).result,131 *,,MISS,test_not_extracted,The whole results row is in the golden record but was not returned.,True
Sample-Smart-Report-Clinics,test,tests.ESTIMATED AVERAGE GLUCOSE (eAG).unit,mg/dL,,MISS,test_not_extracted,The whole results row is in the golden record but was not returned.,True
Sample-Smart-Report-Clinics,test,tests.ESTIMATED AVERAGE GLUCOSE (eAG).reference_range,0  -  0 mg/dL,,MISS,test_not_extracted,The whole results row is in the golden record but was not returned.,True
Sample-Smart-Report-Clinics,test,tests.CREATININE.result,0.74,,MISS,test_not_extracted,The whole results row is in the golden record but was not returned.,True
Sample-Smart-Report-Clinics,test,tests.CREATININE.unit,mg/dL,,MISS,test_not_extracted,The whole results row is in the golden record but was not returned.,True
Sample-Smart-Report-Clinics,test,tests.CREATININE.reference_range,0.72  -  1.18 mg/dL,,MISS,test_not_extracted,The whole results row is in the golden record but was not returned.,True
Sample-Smart-Report-Clinics,test,tests.UREA.result,16.00 *,,MISS,test_not_extracted,The whole results row is in the golden record but was not returned.,True
Sample-Smart-Report-Clinics,test,tests.UREA.unit,mg/dL,,MISS,test_not_extracted,The whole results row is in the golden record but was not returned.,True
Sample-Smart-Report-Clinics,test,tests.UREA.reference_range,17  -  43 mg/dL,,MISS,test_not_extracted,The whole results row is in the golden record but was not returned.,True
Sample-Smart-Report-Clinics,test,tests.BLOOD UREA NITROGEN.result,7.5 *,,MISS,test_not_extracted,The whole results row is in the golden record but was not returned.,True
Sample-Smart-Report-Clinics,test,tests.BLOOD UREA NITROGEN.unit,mg/dL,,MISS,test_not_extracted,The whole results row is in the golden record but was not returned.,True
Sample-Smart-Report-Clinics,test,tests.BLOOD UREA NITROGEN.reference_range,8  -  23 mg/dL,,MISS,test_not_extracted,The whole results row is in the golden record but was not returned.,True
Sample-Smart-Report-Clinics,test,tests.URIC ACID.result,5.90,,MISS,test_not_extracted,The whole results row is in the golden record but was not returned.,True
Sample-Smart-Report-Clinics,test,tests.URIC ACID.unit,mg/dL,,MISS,test_not_extracted,The whole results row is in the golden record but was not returned.,True
Sample-Smart-Report-Clinics,test,tests.URIC ACID.reference_range,2.6  -  6 mg/dL,,MISS,test_not_extracted,The whole results row is in the golden record but was not returned.,True
Sample-Smart-Report-Clinics,test,tests.CALCIUM.result,9.90,,MISS,test_not_extracted,The whole results row is in the golden record but was not returned.,True
Sample-Smart-Report-Clinics,test,tests.CALCIUM.unit,mg/dL,,MISS,test_not_extracted,The whole results row is in the golden record but was not returned.,True
Sample-Smart-Report-Clinics,test,tests.CALCIUM.reference_range,8.8  -  10.6 mg/dL,,MISS,test_not_extracted,The whole results row is in the golden record but was not returned.,True
Sample-Smart-Report-Clinics,test,"tests.PHOSPHORUS, INORGANIC.result",4.00,,MISS,test_not_extracted,The whole results row is in the golden record but was not returned.,True
Sample-Smart-Report-Clinics,test,"tests.PHOSPHORUS, INORGANIC.unit",mg/dL,,MISS,test_not_extracted,The whole results row is in the golden record but was not returned.,True
Sample-Smart-Report-Clinics,test,"tests.PHOSPHORUS, INORGANIC.reference_range",2.5  -  4.5 mg/dL,,MISS,test_not_extracted,The whole results row is in the golden record but was not returned.,True
Sample-Smart-Report-Clinics,test,tests.SODIUM.result,139,,MISS,test_not_extracted,The whole results row is in the golden record but was not returned.,True
Sample-Smart-Report-Clinics,test,tests.SODIUM.unit,mmol/L,,MISS,test_not_extracted,The whole results row is in the golden record but was not returned.,True
Sample-Smart-Report-Clinics,test,tests.SODIUM.reference_range,136  -  146 mmol/L,,MISS,test_not_extracted,The whole results row is in the golden record but was not returned.,True
Sample-Smart-Report-Clinics,test,tests.POTASSIUM.result,4.5,,MISS,test_not_extracted,The whole results row is in the golden record but was not returned.,True
Sample-Smart-Report-Clinics,test,tests.POTASSIUM.unit,mmol/L,,MISS,test_not_extracted,The whole results row is in the golden record but was not returned.,True
Sample-Smart-Report-Clinics,test,tests.POTASSIUM.reference_range,3.5  -  5.1 mmol/L,,MISS,test_not_extracted,The whole results row is in the golden record but was not returned.,True
Sample-Smart-Report-Clinics,test,tests.CHLORIDE.result,103,,MISS,test_not_extracted,The whole results row is in the golden record but was not returned.,True
Sample-Smart-Report-Clinics,test,tests.CHLORIDE.unit,mmol/L,,MISS,test_not_extracted,The whole results row is in the golden record but was not returned.,True
Sample-Smart-Report-Clinics,test,tests.CHLORIDE.reference_range,101  -  109 mmol/L,,MISS,test_not_extracted,The whole results row is in the golden record but was not returned.,True
Sample-Smart-Report-Clinics,test,"tests.BILIRUBIN, TOTAL.result",0.47,,MISS,test_not_extracted,The whole results row is in the golden record but was not returned.,True
Sample-Smart-Report-Clinics,test,"tests.BILIRUBIN, TOTAL.unit",mg/dL,,MISS,test_not_extracted,The whole results row is in the golden record but was not returned.,True
Sample-Smart-Report-Clinics,test,"tests.BILIRUBIN, TOTAL.reference_range",0.3  -  1.2 mg/dL,,MISS,test_not_extracted,The whole results row is in the golden record but was not returned.,True
Sample-Smart-Report-Clinics,test,tests.BILIRUBIN CONJUGATED (DIRECT).result,0.10,,MISS,test_not_extracted,The whole results row is in the golden record but was not returned.,True
Sample-Smart-Report-Clinics,test,tests.BILIRUBIN CONJUGATED (DIRECT).unit,mg/dL,,MISS,test_not_extracted,The whole results row is in the golden record but was not returned.,True
Sample-Smart-Report-Clinics,test,tests.BILIRUBIN CONJUGATED (DIRECT).reference_range,0  -  0.19 mg/dL,,MISS,test_not_extracted,The whole results row is in the golden record but was not returned.,True
Sample-Smart-Report-Clinics,test,tests.BILIRUBIN (INDIRECT).result,0.37,,MISS,test_not_extracted,The whole results row is in the golden record but was not returned.,True
Sample-Smart-Report-Clinics,test,tests.BILIRUBIN (INDIRECT).unit,mg/dL,,MISS,test_not_extracted,The whole results row is in the golden record but was not returned.,True
Sample-Smart-Report-Clinics,test,tests.BILIRUBIN (INDIRECT).reference_range,0  -  1.1 mg/dL,,MISS,test_not_extracted,The whole results row is in the golden record but was not returned.,True
Sample-Smart-Report-Clinics,test,tests.ALANINE AMINOTRANSFERASE (ALT/SGPT).result,15,,MISS,test_not_extracted,The whole results row is in the golden record but was not returned.,True
Sample-Smart-Report-Clinics,test,tests.ALANINE AMINOTRANSFERASE (ALT/SGPT).unit,U/L,,MISS,test_not_extracted,The whole results row is in the golden record but was not returned.,True
Sample-Smart-Report-Clinics,test,tests.ALANINE AMINOTRANSFERASE (ALT/SGPT).reference_range,0  -  34.99 U/L,,MISS,test_not_extracted,The whole results row is in the golden record but was not returned.,True
Sample-Smart-Report-Clinics,test,tests.ASPARTATE AMINOTRANSFERASE (AST/SGOT).result,15.0,,MISS,test_not_extracted,The whole results row is in the golden record but was not returned.,True
Sample-Smart-Report-Clinics,test,tests.ASPARTATE AMINOTRANSFERASE (AST/SGOT).unit,U/L,,MISS,test_not_extracted,The whole results row is in the golden record but was not returned.,True
Sample-Smart-Report-Clinics,test,tests.ASPARTATE AMINOTRANSFERASE (AST/SGOT).reference_range,0  -  34.99 U/L,,MISS,test_not_extracted,The whole results row is in the golden record but was not returned.,True
Sample-Smart-Report-Clinics,test,tests.ALKALINE PHOSPHATASE.result,67.00,,MISS,test_not_extracted,The whole results row is in the golden record but was not returned.,True
Sample-Smart-Report-Clinics,test,tests.ALKALINE PHOSPHATASE.unit,U/L,,MISS,test_not_extracted,The whole results row is in the golden record but was not returned.,True
Sample-Smart-Report-Clinics,test,tests.ALKALINE PHOSPHATASE.reference_range,30  -  120 U/L,,MISS,test_not_extracted,The whole results row is in the golden record but was not returned.,True
Sample-Smart-Report-Clinics,test,"tests.PROTEIN, TOTAL.result",7.50,,MISS,test_not_extracted,The whole results row is in the golden record but was not returned.,True
Sample-Smart-Report-Clinics,test,"tests.PROTEIN, TOTAL.unit",g/dL,,MISS,test_not_extracted,The whole results row is in the golden record but was not returned.,True
Sample-Smart-Report-Clinics,test,"tests.PROTEIN, TOTAL.reference_range",6.6  -  8.3 g/dL,,MISS,test_not_extracted,The whole results row is in the golden record but was not returned.,True
Sample-Smart-Report-Clinics,test,tests.ALBUMIN.result,4.50,,MISS,test_not_extracted,The whole results row is in the golden record but was not returned.,True
Sample-Smart-Report-Clinics,test,tests.ALBUMIN.unit,g/dL,,MISS,test_not_extracted,The whole results row is in the golden record but was not returned.,True
Sample-Smart-Report-Clinics,test,tests.ALBUMIN.reference_range,3.5  -  5.2 g/dL,,MISS,test_not_extracted,The whole results row is in the golden record but was not returned.,True
Sample-Smart-Report-Clinics,test,tests.GLOBULIN.result,3.00,,MISS,test_not_extracted,The whole results row is in the golden record but was not returned.,True
Sample-Smart-Report-Clinics,test,tests.GLOBULIN.unit,g/dL,,MISS,test_not_extracted,The whole results row is in the golden record but was not returned.,True
Sample-Smart-Report-Clinics,test,tests.GLOBULIN.reference_range,2  -  3.5 g/dL,,MISS,test_not_extracted,The whole results row is in the golden record but was not returned.,True
Sample-Smart-Report-Clinics,test,tests.A/G RATIO.result,1.5,,MISS,test_not_extracted,The whole results row is in the golden record but was not returned.,True
Sample-Smart-Report-Clinics,test,tests.A/G RATIO.reference_range,0.9  -  2,,MISS,test_not_extracted,The whole results row is in the golden record but was not returned.,True
Sample-Smart-Report-Clinics,test,tests.CA -125.result,6.3,,MISS,test_not_extracted,The whole results row is in the golden record but was not returned.,True
Sample-Smart-Report-Clinics,test,tests.CA -125.unit,U/mL,,MISS,test_not_extracted,The whole results row is in the golden record but was not returned.,True
Sample-Smart-Report-Clinics,test,tests.CA -125.reference_range,0  -  35 U/mL,,MISS,test_not_extracted,The whole results row is in the golden record but was not returned.,True
VU1D cyto_Urovysion (positive) CLN,field,document_title,DIAGNOSTIC REPORT,DIAGNOSTIC REPORT,MISS,wrong_key,The system found the golden value but filed it under a different field name. The system called it 'gf_code'.,True
VU1D cyto_Urovysion (positive) CLN,field,department,Department of Uropathology,Department of Uropathology,HIT,correct,,True
VU1D cyto_Urovysion (positive) CLN,field,lab_name,DIANON SYSTEMS,DIANON SYSTEMS,MISS,wrong_key,The system found the golden value but filed it under a different field name. The system called it 'referring_physician'.,True
VU1D cyto_Urovysion (positive) CLN,field,lab_address,"840 RESEARCH PARKWAY, OKLAHOMA CITY, OK 73104","840 Research Parkway, Oklahoma City, OK 73104-3699",MISS,wrong_value_different,"Right field, but the system read a genuinely different value.",True
VU1D cyto_Urovysion (positive) CLN,field,lab_address_footer,"840 Research Parkway  Oklahoma City, OK 73104-3699",,MISS,not_extracted,The value is in the golden record but the system returned nothing for it.,True
VU1D cyto_Urovysion (positive) CLN,field,lab_phone,(800) 634-9330,(800) 634-9330,HIT,correct,,True
VU1D cyto_Urovysion (positive) CLN,field,tested_at,"Tests Performed by DIANON Systems at 840 Research Parkway, Oklahoma City OK, 405-290-4000",,MISS,not_extracted,The value is in the golden record but the system returned nothing for it.,True
VU1D cyto_Urovysion (positive) CLN,field,patient_name,"SAMPLE, PATIENT","SAMPLE, PATIENT",HIT,correct,,True
VU1D cyto_Urovysion (positive) CLN,field,life_id,*****0000,*****0000,HIT,correct,,True
VU1D cyto_Urovysion (positive) CLN,field,phone,000 000 0000,000 000 0000,HIT,correct,,True
VU1D cyto_Urovysion (positive) CLN,field,accession_no,UH0000000,UH0000000,HIT,correct,,True
VU1D cyto_Urovysion (positive) CLN,field,sex,M,M,HIT,correct,,True
VU1D cyto_Urovysion (positive) CLN,field,dob,02/03/1900,02/00/1900 76 Yrs,MISS,wrong_value_different,"Right field, but the system read a genuinely different value.",True
VU1D cyto_Urovysion (positive) CLN,field,dob_2,02/00/1900,,MISS,not_extracted,The value is in the golden record but the system returned nothing for it.,True
VU1D cyto_Urovysion (positive) CLN,field,age,76 Yrs,,MISS,not_extracted,The value is in the golden record but the system returned nothing for it.,True
VU1D cyto_Urovysion (positive) CLN,field,requesting_physician,"SAMPLE, PHYSICIAN, MD","SAMPLE, PHYSICIAN, MD",HIT,correct,,True
VU1D cyto_Urovysion (positive) CLN,field,clinical_data,TCC No therapy,TCC No therapy,HIT,correct,,True
VU1D cyto_Urovysion (positive) CLN,field,specimen_description,"Voided Urine

Received is 60ml of yellow, clear, preserved urine.","Voided Urine Received is 60ml of yellow, clear, preserved urine.",HIT,correct,,True
VU1D cyto_Urovysion (positive) CLN,field,collected,12/11/12,12/11/12,MISS,wrong_key,The system found the golden value but filed it under a different field name. The system called it 'collected_date'.,True
VU1D cyto_Urovysion (positive) CLN,field,date_of_receipt,12/13/12,12/13/12,MISS,wrong_key,The system found the golden value but filed it under a different field name. The system called it 'received_date'.,True
VU1D cyto_Urovysion (positive) CLN,field,gf_no,GF00000,,MISS,not_extracted,The value is in the golden record but the system returned nothing for it.,True
VU1D cyto_Urovysion (positive) CLN,field,rte,AFS!RP,,MISS,not_extracted,The value is in the golden record but the system returned nothing for it.,True
VU1D cyto_Urovysion (positive) CLN,field,seq,G66U,,MISS,not_extracted,The value is in the golden record but the system returned nothing for it.,True
VU1D cyto_Urovysion (positive) CLN,field,report_issue_date,12/17/12,12/17/12,MISS,wrong_key,The system found the golden value but filed it under a different field name. The system called it 'reported_date'.,True
VU1D cyto_Urovysion (positive) CLN,field,signatory_name,"Shala Kosir, CT","Edward C. Poole, M.D.",MISS,wrong_value_different,"Right field, but the system read a genuinely different value.",True
VU1D cyto_Urovysion (positive) CLN,field,integrated_cytomolecular_diagnosis,Positive for malignancy. High-grade urothelial carcinoma and/or carcinoma in-situ. This diagnosis is based upon the presence of morphologically abnormal urothelial cells and a positive (neoplasia-associated) karyotypic profile.,,MISS,not_extracted,The value is in the golden record but the system returned nothing for it.,True
VU1D cyto_Urovysion (positive) CLN,field,cytomorphologic_findings,"Highly abnormal urothelial cells with markedly atypical nuclear features: severe hyperchromasia, coarsened chromatin texture, pleomorphism and increased nucleocytoplasmic ratio.",,MISS,not_extracted,The value is in the golden record but the system returned nothing for it.,True
VU1D cyto_Urovysion (positive) CLN,field,urovysion_result,Positive UroVysion,,MISS,not_extracted,The value is in the golden record but the system returned nothing for it.,True
VU1D cyto_Urovysion (positive) CLN,field,urovysion_findings,"Fluorescence in situ hybridization (FISH) of cells recovered from urine was performed using the Vysis UroVysion Kit.
Twentyfive  cells were examined.  Ten  cells showed more than two signals for at least two chromosomes (3, 7, or 17) indicating a POSITIVE result. The performance characteristics of this test have been validated by Dianon Systems.  A positive result is the detection of four or more cells with greater than two signals for at least two chromosomes (3, and/or 7, and/or 17) and/or twelve or more cells with no signal for chromosome 9.  Probes: 3cen(D3Z1), 7cen(D7Z1), 9p21(p16), 17cen(D17Z1)",,MISS,not_extracted,The value is in the golden record but the system returned nothing for it.,True
VU1D cyto_Urovysion (positive) CLN,field,date,12/11/12,,MISS,not_extracted,The value is in the golden record but the system returned nothing for it.,True
VU1D cyto_Urovysion (positive) CLN,field,chromosome,3; 7; 17; 9p21,,MISS,not_extracted,The value is in the golden record but the system returned nothing for it.,True
VU1D cyto_Urovysion (positive) CLN,field,legend,"Colored blocks (magenta, green, cyan, or yellow) indicate chromosomal abnormalities in positive UroVysion™ specimens.",,MISS,not_extracted,The value is in the golden record but the system returned nothing for it.,True
VU1D cyto_Urovysion (positive) CLN,field,urovysion,+,,MISS,not_extracted,The value is in the golden record but the system returned nothing for it.,True
VU1D cyto_Urovysion (positive) CLN,field,scale,Positive; Suspicious; Dysplasia; Atypical/Abnl; Negative,,MISS,not_extracted,The value is in the golden record but the system returned nothing for it.,True
VU1D cyto_Urovysion (positive) CLN,field,marked,Positive,Positive,MISS,wrong_key,The system found the golden value but filed it under a different field name. The system called it 'urovysion_results'.,True
VU1D cyto_Urovysion (positive) CLN,field,tests_performed_note,Examination of Feulgen stained slides contributes to the diagnosis.,,MISS,not_extracted,The value is in the golden record but the system returned nothing for it.,True
VU1D cyto_Urovysion (positive) CLN,field,copyright,"Printed in U.S.A.  © 1996 DIANON Systems, Inc.",,MISS,not_extracted,The value is in the golden record but the system returned nothing for it.,True
VU1D cyto_Urovysion (positive) CLN,field,copyright_2,"Printed in U.S.A. © 1991 DIANON Systems, Inc.",,MISS,not_extracted,The value is in the golden record but the system returned nothing for it.,True
VU1D cyto_Urovysion (positive) CLN,field,dianon_systems_rte,,AFS!RP SEQ: G66U,MISS,unlabelled_extra,The system returned a field the golden record has no entry for — often a correct reading the label set does not cover. Excluded from gold-covered metrics.,False
VU1D cyto_Urovysion (positive) CLN,field,page,,2 of 2,MISS,unlabelled_extra,The system returned a field the golden record has no entry for — often a correct reading the label set does not cover. Excluded from gold-covered metrics.,False
VU1D cyto_Urovysion (positive) CLN,field,cytotechnologist,,"Shala Kosir, CT",MISS,unlabelled_extra,The system returned a field the golden record has no entry for — often a correct reading the label set does not cover. Excluded from gold-covered metrics.,False
VU1D cyto_Urovysion (positive) CLN,field,organisation.laboratory_name,,"DIANON Systems, Inc.",MISS,unlabelled_extra,The system returned a field the golden record has no entry for — often a correct reading the label set does not cover. Excluded from gold-covered metrics.,False
VU3 cytology (positive) CLN,field,document_title,DIAGNOSTIC REPORT,,MISS,not_extracted,The value is in the golden record but the system returned nothing for it.,True
VU3 cytology (positive) CLN,field,department,Department of Uropathology,,MISS,not_extracted,The value is in the golden record but the system returned nothing for it.,True
VU3 cytology (positive) CLN,field,lab_name,DIANON SYSTEMS,DIANON SYSTEMS,MISS,wrong_key,The system found the golden value but filed it under a different field name. The system called it 'organisation.laboratory_name'.,True
VU3 cytology (positive) CLN,field,lab_address,"840 RESEARCH PARKWAY, OKLAHOMA CITY, OK 73104","840 RESEARCH PARKWAY OKLAHOMA CITY, OK 73104",HIT,correct,,True
VU3 cytology (positive) CLN,field,lab_address_footer,"840 Research Parkway  Oklahoma City, OK 73104-3699",,MISS,not_extracted,The value is in the golden record but the system returned nothing for it.,True
VU3 cytology (positive) CLN,field,lab_phone,(800) 634-9330,,MISS,not_extracted,The value is in the golden record but the system returned nothing for it.,True
VU3 cytology (positive) CLN,field,tested_at,"Tests Performed by DIANON Systems at 840 Research Parkway, Oklahoma City OK, 405-290-4000",,MISS,not_extracted,The value is in the golden record but the system returned nothing for it.,True
VU3 cytology (positive) CLN,field,patient_name,"SAMPLE, PATIENT","SAMPLE, PATIENT",HIT,correct,,True
VU3 cytology (positive) CLN,field,life_id,*****,*****,HIT,correct,,True
VU3 cytology (positive) CLN,field,phone,000 000 0000,000 000 0000,HIT,correct,,True
VU3 cytology (positive) CLN,field,accession_no,UH0000000,UH0000000,HIT,correct,,True
VU3 cytology (positive) CLN,field,sex,M,M,HIT,correct,,True
VU3 cytology (positive) CLN,field,dob,10/00/1900,10/00/1900 82 Yrs,MISS,wrong_value_truncated,"Right field, but the value is cut short or carries extra text.",True
VU3 cytology (positive) CLN,field,age,82 Yrs,,MISS,not_extracted,The value is in the golden record but the system returned nothing for it.,True
VU3 cytology (positive) CLN,field,requesting_physician,"SAMPLE, PHYSICIAN, MD","SAMPLE, PHYSICIAN, MD",HIT,correct,,True
VU3 cytology (positive) CLN,field,clinical_data,No clinical data specified No therapy,No clinical data specified No therapy,HIT,correct,,True
VU3 cytology (positive) CLN,field,sample_description,Bladder Wash,Bladder Wash,HIT,correct,,True
VU3 cytology (positive) CLN,field,collected,12/12/12,12/12/12,MISS,wrong_key,The system found the golden value but filed it under a different field name. The system called it 'collected_date'.,True
VU3 cytology (positive) CLN,field,date_of_receipt,12/14/12,12/14/12,MISS,wrong_key,The system found the golden value but filed it under a different field name. The system called it 'received_date'.,True
VU3 cytology (positive) CLN,field,uk_no,UK00000,,MISS,not_extracted,The value is in the golden record but the system returned nothing for it.,True
VU3 cytology (positive) CLN,field,rte,HL!RP,,MISS,not_extracted,The value is in the golden record but the system returned nothing for it.,True
VU3 cytology (positive) CLN,field,seq,U15U,,MISS,not_extracted,The value is in the golden record but the system returned nothing for it.,True
VU3 cytology (positive) CLN,field,report_issue_date,12/18/12,12/18/12,MISS,wrong_key,The system found the golden value but filed it under a different field name. The system called it 'reported_date'.,True
VU3 cytology (positive) CLN,field,signatory_name,"Brian D. Wedel, CT(ASCP)","Xiao Cong Peng, M.D.",MISS,wrong_value_different,"Right field, but the system read a genuinely different value.",True
VU3 cytology (positive) CLN,field,gross_description,"Received is 90ml of light yellow, clear, fixed urine.","Received is 90ml of light yellow, clear, fixed urine.",HIT,correct,,True
VU3 cytology (positive) CLN,field,microscopic_description,"Highly abnormal urothelial cells with markedly atypical nuclear features: severe hyperchromasia, coarsened chromatin texture, pleomorphism and increased nucleocytoplasmic ratio.","Highly abnormal urothelial cells with markedly atypical nuclear features: severe hyperchromasia, coarsened chromatin texture, pleomorphism and increased nucleocytoplasmic ratio.",HIT,correct,,True
VU3 cytology (positive) CLN,field,diagnosis,Positive for malignancy. High-grade urothelial carcinoma and/or carcinoma in situ. Mild acute inflammation.,Positive for malignancy. High-grade urothelial carcinoma and/or carcinoma in situ. Mild acute inflammation.,HIT,correct,,True
VU3 cytology (positive) CLN,field,scale,Positive; Suspicious; Dysplasia; Atypical/Abnl; Negative,,MISS,not_extracted,The value is in the golden record but the system returned nothing for it.,True
VU3 cytology (positive) CLN,field,marked,Positive; Dysplasia,,MISS,not_extracted,The value is in the golden record but the system returned nothing for it.,True
VU3 cytology (positive) CLN,field,y_axis_scale,100; 80; 60; 40; 20,,MISS,not_extracted,The value is in the golden record but the system returned nothing for it.,True
VU3 cytology (positive) CLN,field,x_axis_dates,Aug 15 2012; Dec 12 2012,,MISS,not_extracted,The value is in the golden record but the system returned nothing for it.,True
VU3 cytology (positive) CLN,field,tests_performed_note,Examination of Feulgen stained slides contributes to the diagnosis.,,MISS,not_extracted,The value is in the golden record but the system returned nothing for it.,True
VU3 cytology (positive) CLN,field,copyright,"Printed in U.S.A.  © 1996 DIANON Systems, Inc.",,MISS,not_extracted,The value is in the golden record but the system returned nothing for it.,True
VU3 cytology (positive) CLN,field,page,,1 of 1,MISS,unlabelled_extra,The system returned a field the golden record has no entry for — often a correct reading the label set does not cover. Excluded from gold-covered metrics.,False
VU3 cytology (positive) CLN,field,referring_physician,,SAMPLE,MISS,unlabelled_extra,The system returned a field the golden record has no entry for — often a correct reading the label set does not cover. Excluded from gold-covered metrics.,False
VU3 cytology (positive) CLN,field,cytotechnologist,,"Brian D. Wedel, CT(ASCP)",MISS,unlabelled_extra,The system returned a field the golden record has no entry for — often a correct reading the label set does not cover. Excluded from gold-covered metrics.,False
VU3 cytology (positive) CLN,field,copyright_and_address_footer,,"Printed in U.S.A. © 1996 DIANON Systems, Inc. 840 Research Parkway Oklahoma City, OK 73104-3699 (800) 634-9330",MISS,unlabelled_extra,The system returned a field the golden record has no entry for — often a correct reading the label set does not cover. Excluded from gold-covered metrics.,False
VU3 cytology (positive) CLN,field,disclaimer_footer,,"Examination of Feulgen stained slides contributes to the diagnosis. Tests Performed by DIANON Systems at 840 Research Parkway, Oklahoma City OK, 405-290-4000",MISS,unlabelled_extra,The system returned a field the golden record has no entry for — often a correct reading the label set does not cover. Excluded from gold-covered metrics.,False
